{"type":"Topology","objects":{"collection":{"type":"GeometryCollection","geometries":[{"type":"Polygon","arcs":[[0,1,2,3,4,5,6,7,8,9,10,11,12,13,14,15,16,17,18,19,20,21,22,23,24,25,26,27,28,29,30,31,32,33,34,35,36,37,38,39,40,41,42,43,44,45,46,47,48,49,50,51,52,53,54,55,56,57,58,59,60,61,62,63,64,65,66,67,68,69,70,71,72,73,74,75,76,77,78,79,80,81,82,83,84,85,86,87,88,89,90,91,92,93,94,95,96,97,98,99,100,101,102,103,104,105,106,107,108,109,110,111,112,113,114,115,116,117,118,119,120,121,122,123,124,125,126,127,128,129,130,131,132,133,134,135,136,137,138,139,140,141,142,143,144,145,146,147,148,149,150,151,152,153,154,155,156,157,158,159,160,161,162,163,164,165,166,167,168,169,170,171,172,173,174,175,176,177,178,179,180,181,182,183,184,185,186,187,188,189,190,191,192,193,194,195,196,197,198]],"properties":{"Regionalização pop. 2025 — RegionalizaçãoMG2025_Microrregião de Saúde":"SETE LAGOAS","NM_RGI":"Abaeté","Regionalização pop. 2025 — RegionalizaçãoMG2025_Macrorregião de Saúde":"CENTRO","NM_MUN":"Abaeté","AREA_KM2":1817.067,"Regionalização pop. 2025 — RegionalizaçãoMG2025_POPULAÇÃO CENSO DEMOGRÁFICO (IBGE/2022)":22675,"Regionalização pop. 2025 — RegionalizaçãoMG2025_POPULAÇÃO CENSO DEMOGRÁFICO (IBGE/2025)":23173,"Hospitais de Referência":["Hospital Nossa Senhora das Graças ou equivalente local (Sete Lagoas)","Hospital Municipal/Metropolitano da região (Sete Lagoas)","Hospital João XXIII (Belo Horizonte) - via SUS Fácil","Hospitais de Belo Horizonte via SUS Fácil"],"name":"SETE LAGOAS"}},{"type":"Polygon","arcs":[[199,200,201,202,203,204,205,206,207,208,209,210,211,212,213,214,215,216,217,218,219,220,221,222,223,224,225,226,227,228,229,230,231,232,233,234,235,236,237,238,239,240,241,242,243,244,245,246,247,248,249,250,251,252,253,254,255,256,257,258,259,260,261,262,263,264,265,266,267,268,269,270,271,272,273,274,275,276,277,278,279,280,281,282,283,284,285,286,287,288,289,290,291,292,293,294,295,296,297,298,299,300,301,302,303,304,305,306,307,308,309,310,311,312,313,314,315,316,317,318,319,320,321,322,323,324,325,326,327,328,329,330,331,332,333]],"properties":{"Regionalização pop. 2025 — RegionalizaçãoMG2025_Microrregião de Saúde":"PIRAPORA","NM_RGI":"Pirapora","Regionalização pop. 2025 — RegionalizaçãoMG2025_Macrorregião de Saúde":"NORTE","NM_MUN":"Ibiaí","AREA_KM2":874.76,"Regionalização pop. 2025 — RegionalizaçãoMG2025_POPULAÇÃO CENSO DEMOGRÁFICO (IBGE/2022)":6286,"Regionalização pop. 2025 — RegionalizaçãoMG2025_POPULAÇÃO CENSO DEMOGRÁFICO (IBGE/2025)":6172,"Hospitais de Referência":["Hospital Dr. Moisés Magalhães Freire (Pirapora)","Hospital Municipal Dr. Oswaldo Prediliano Santana (Salinas)","Hospital Regional de Janaúba","Hospital Santo Antônio (Taiobeiras)","Hospital das Clínicas Dr. Mário Ribeiro da Silveira (Montes Claros)","Santa Casa de Misericórdia de Montes Claros (referência AVC Tipo III e urgências)"],"name":"PIRAPORA"}},{"type":"Polygon","arcs":[[334,335,336,337,338,339,340,341,342,343,344,345,346,347,348,349,350,351,352,353,354,355,356,357,358,359,360,361,362,363,364,365,366,367,368,369,370,371,372,373,374,375,376,377,378,379,380,381,382,383,384,385,386,387,388,389,390,391,392,393,394,395,396,397,398,399,400,401,402,403,404,405,406,407,408,409,410,411,412,413,414]],"properties":{"Regionalização pop. 2025 — RegionalizaçãoMG2025_Microrregião de Saúde":"JANUÁRIA","NM_RGI":"Januária","Regionalização pop. 2025 — RegionalizaçãoMG2025_Macrorregião de Saúde":"NORTE","NM_MUN":"Cônego Marinho","AREA_KM2":1610.469,"Regionalização pop. 2025 — RegionalizaçãoMG2025_POPULAÇÃO CENSO DEMOGRÁFICO (IBGE/2022)":7237,"Regionalização pop. 2025 — RegionalizaçãoMG2025_POPULAÇÃO CENSO DEMOGRÁFICO (IBGE/2025)":7433,"Hospitais de Referência":["Hospital Dr. Moisés Magalhães Freire (Pirapora)","Hospital Municipal Dr. Oswaldo Prediliano Santana (Salinas)","Hospital Regional de Janaúba","Hospital Santo Antônio (Taiobeiras)","Hospital das Clínicas Dr. Mário Ribeiro da Silveira (Montes Claros)","Santa Casa de Misericórdia de Montes Claros (referência AVC Tipo III e urgências)"],"name":"JANUÁRIA"}},{"type":"Polygon","arcs":[[415,416,417,418,419,420,421,422,423,424,425,426,427,428,429,430,431,432,433]],"properties":{"Regionalização pop. 2025 — RegionalizaçãoMG2025_Microrregião de Saúde":"NANUQUE","NM_RGI":"Teófilo Otoni","Regionalização pop. 2025 — RegionalizaçãoMG2025_Macrorregião de Saúde":"NORDESTE","NM_MUN":"Carlos Chagas","AREA_KM2":3202.984,"Regionalização pop. 2025 — RegionalizaçãoMG2025_POPULAÇÃO CENSO DEMOGRÁFICO (IBGE/2022)":18615,"Regionalização pop. 2025 — RegionalizaçãoMG2025_POPULAÇÃO CENSO DEMOGRÁFICO (IBGE/2025)":18783,"Hospitais de Referência":["Hospital Bom Samaritano (Teófilo Otoni – oncologia)","Hospital Regional de Teófilo Otoni (HRTO – gestão Instituto Mário Penna, inaugurado em 2026, referência macrorregional para os 57 municípios do Nordeste de Minas: trauma, neurocirurgia, ortopedia, queimados, AVC)","hospitais de Nanuque e Almenara conforme regulação regional"],"name":"NANUQUE"}},{"type":"Polygon","arcs":[[434,435,436,437,438,439,440,441,442,443,444,445,446,447,448,449,450,451,452,453,454,455,-135,456,457,458,459,460,461,462,463,464,465,466,467,468,469,470,471,472,473,474,475,476,477,478,479,480,481,482,483,484,485,486,487,488,489,490,491,492,493,494,495,496,497,498,499,500,501,502,503,504,505,506,507,508,509,510,511,512,513,514,515,516,517,518,519,520,521,522,523]],"properties":{"Regionalização pop. 2025 — RegionalizaçãoMG2025_Microrregião de Saúde":"SERRO","NM_RGI":"Diamantina","Regionalização pop. 2025 — RegionalizaçãoMG2025_Macrorregião de Saúde":"JEQUITINHONHA","NM_MUN":"Serra Azul de Minas","AREA_KM2":218.595,"Regionalização pop. 2025 — RegionalizaçãoMG2025_POPULAÇÃO CENSO DEMOGRÁFICO (IBGE/2022)":3792,"Regionalização pop. 2025 — RegionalizaçãoMG2025_POPULAÇÃO CENSO DEMOGRÁFICO (IBGE/2025)":3808,"Hospitais de Referência":["Santa Casa de Caridade de Diamantina","hospitais de Araçuaí e Capelinha, conforme regulação"],"name":"SERRO"}},{"type":"Polygon","arcs":[[524,525,526,527,528,529,530,531,532,533,534,535,536,537,538,539,540,541,-317,542,543,-314,544,-312,545,-310,546,-308,547,-306,548,-304,549,-302,550,-300,551,552,553,-296,554,-294,555,-292,556,557,558,559,560,561,562,563,564,565,566,567,568,569,570,571,572,573,574,575,576,577,578,579]],"properties":{"Regionalização pop. 2025 — RegionalizaçãoMG2025_Microrregião de Saúde":"CORAÇÃO DE JESUS","NM_RGI":"Montes Claros","Regionalização pop. 2025 — RegionalizaçãoMG2025_Macrorregião de Saúde":"NORTE","NM_MUN":"Lagoa dos Patos","AREA_KM2":600.547,"Regionalização pop. 2025 — RegionalizaçãoMG2025_POPULAÇÃO CENSO DEMOGRÁFICO (IBGE/2022)":3313,"Regionalização pop. 2025 — RegionalizaçãoMG2025_POPULAÇÃO CENSO DEMOGRÁFICO (IBGE/2025)":3237,"Hospitais de Referência":["Hospital Dr. Moisés Magalhães Freire (Pirapora)","Hospital Municipal Dr. Oswaldo Prediliano Santana (Salinas)","Hospital Regional de Janaúba","Hospital Santo Antônio (Taiobeiras)","Hospital das Clínicas Dr. Mário Ribeiro da Silveira (Montes Claros)","Santa Casa de Misericórdia de Montes Claros (referência AVC Tipo III e urgências)"],"name":"CORAÇÃO DE JESUS"}},{"type":"Polygon","arcs":[[580,581,582,583,584,585,586,587,588,589,590,591,592,593,594,595,596,597,598,599,600,601,602,603,604,605,606,607,608,609,610,611,612,613,614,615,616,617,618,619,620,621,622,623,624,625,626,627,628,629,630]],"properties":{"Regionalização pop. 2025 — RegionalizaçãoMG2025_Microrregião de Saúde":"LAGOA DA PRATA/SANTO ANTÔNIO DO MONTE","NM_RGI":"Divinópolis","Regionalização pop. 2025 — RegionalizaçãoMG2025_Macrorregião de Saúde":"OESTE","NM_MUN":"Santo Antônio do Monte","AREA_KM2":1125.78,"Regionalização pop. 2025 — RegionalizaçãoMG2025_POPULAÇÃO CENSO DEMOGRÁFICO (IBGE/2022)":27295,"Regionalização pop. 2025 — RegionalizaçãoMG2025_POPULAÇÃO CENSO DEMOGRÁFICO (IBGE/2025)":28456,"Hospitais de Referência":["Hospital Manoel Gonçalves (Itaúna)","Hospital Nossa Senhora da Conceição (Pará de Minas)","Hospital Regional de Divinópolis (HRD – entregue em 2026, integrado à rede EBSERH/UFSJ, referência macrorregional para AVC Tipo III e alta complexidade)","Hospital São Carlos (Lagoa da Prata)","Hospital São João de Deus (Divinópolis)","Hospital São Luiz (Formiga)","Santa Casa de Campo Belo"],"name":"LAGOA DA PRATA/SANTO ANTÔNIO DO MONTE"}},{"type":"Polygon","arcs":[[631,632,633,634,635,636,637,638,639,640,641,642,643,644,645,646,647,648,649,650,651,652,653,654,655,656,657,658,659,660,661,662,663,664,665,666,667,668,669,670,671,672,673,674,675,676,677,678,679,680,681,682,683,684,685,686,687,688,689,690,691,692,693,694,695,696,697,698,699]],"properties":{"Regionalização pop. 2025 — RegionalizaçãoMG2025_Microrregião de Saúde":"ITUIUTABA","NM_RGI":"Ituiutaba","Regionalização pop. 2025 — RegionalizaçãoMG2025_Macrorregião de Saúde":"TRIÂNGULO DO NORTE","NM_MUN":"Ipiaçu","AREA_KM2":466.02,"Regionalização pop. 2025 — RegionalizaçãoMG2025_POPULAÇÃO CENSO DEMOGRÁFICO (IBGE/2022)":3775,"Regionalização pop. 2025 — RegionalizaçãoMG2025_POPULAÇÃO CENSO DEMOGRÁFICO (IBGE/2025)":3807,"Hospitais de Referência":["Hospital de Clínicas da UFU (Uberlândia – alta complexidade, trauma, IAM, AVC)","hospitais de Araguari e Ituiutaba"],"name":"ITUIUTABA"}},{"type":"Polygon","arcs":[[700,701,702,703,704,705,706,707,708,709,710,711,712,713,714,715,716,717,718,719,720,721,722,723,724,725,726,727,728,729,730,731,732,733,734,735,736,737,738,739,740,741,742,743,744,745,746,747,748,749,750,751,752,753,754]],"properties":{"Regionalização pop. 2025 — RegionalizaçãoMG2025_Microrregião de Saúde":"CONGONHAS","NM_RGI":"Conselheiro Lafaiete","Regionalização pop. 2025 — RegionalizaçãoMG2025_Macrorregião de Saúde":"CENTRO SUL","NM_MUN":"Desterro de Entre Rios","AREA_KM2":377.165,"Regionalização pop. 2025 — RegionalizaçãoMG2025_POPULAÇÃO CENSO DEMOGRÁFICO (IBGE/2022)":7653,"Regionalização pop. 2025 — RegionalizaçãoMG2025_POPULAÇÃO CENSO DEMOGRÁFICO (IBGE/2025)":7941,"Hospitais de Referência":["Hospital Regional de Barbacena Dr. José Américo (Complexo Hospitalar de Barbacena – trauma, ortopedia, queimados, AVC)","Hospital Regional de Conselheiro Lafaiete (obra em conclusão, previsão de entrega até o fim de 2026)","Hospital e Maternidade São José (Conselheiro Lafaiete)","Santa Casa de Misericórdia de São João del Rei"],"name":"CONGONHAS"}},{"type":"Polygon","arcs":[[755,756,757,758,759,760,761,762,763,764,765,766,767,768,769,770,771,772,773,774,775,776,777,778,779,780,781,782,783,784,785,786,787,788,-755,789,790,791,792,793,794,795,796,797,798,799,800,801,802,803,804,805,806,807,808,809,810,811,812,813,814,815,816,817,818,819,820,821,822,823,824,825,826,827,828,829,830,831]],"properties":{"Regionalização pop. 2025 — RegionalizaçãoMG2025_Microrregião de Saúde":"SÃO JOÃO DEL REI","NM_RGI":"São João del Rei","Regionalização pop. 2025 — RegionalizaçãoMG2025_Macrorregião de Saúde":"CENTRO SUL","NM_MUN":"Piedade do Rio Grande","AREA_KM2":322.814,"Regionalização pop. 2025 — RegionalizaçãoMG2025_POPULAÇÃO CENSO DEMOGRÁFICO (IBGE/2022)":4604,"Regionalização pop. 2025 — RegionalizaçãoMG2025_POPULAÇÃO CENSO DEMOGRÁFICO (IBGE/2025)":4694,"Hospitais de Referência":["Hospital Regional de Barbacena Dr. José Américo (Complexo Hospitalar de Barbacena – trauma, ortopedia, queimados, AVC)","Hospital Regional de Conselheiro Lafaiete (obra em conclusão, previsão de entrega até o fim de 2026)","Hospital e Maternidade São José (Conselheiro Lafaiete)","Santa Casa de Misericórdia de São João del Rei"],"name":"SÃO JOÃO DEL REI"}},{"type":"MultiPolygon","arcs":[[[-727,832,-725,833,-723,834,835,836,837,838,839,840,841,842,843,844,845,846,847,-729,848]],[[849,850,851,852,853,854,855,856,857,858,859,860,861,862,863,864,865,866,867,868,869,870,871,872,873,874,875,876,877,-171,878,879,-168,880,-166,881,-164,882,-162,883,884,885,886,887,888,889,890,891,892,893,894,895,896,897,898,899,900,901,902,903,904,905,906,907,908,909,910,911,912,913,914,915,916]]],"properties":{"Regionalização pop. 2025 — RegionalizaçãoMG2025_Microrregião de Saúde":"BELO HORIZONTE/NOVA LIMA/SANTA LUZIA","NM_RGI":"Belo Horizonte","Regionalização pop. 2025 — RegionalizaçãoMG2025_Macrorregião de Saúde":"CENTRO","NM_MUN":"Santa Luzia","AREA_KM2":235.079,"Regionalização pop. 2025 — RegionalizaçãoMG2025_POPULAÇÃO CENSO DEMOGRÁFICO (IBGE/2022)":218805,"Regionalização pop. 2025 — RegionalizaçãoMG2025_POPULAÇÃO CENSO DEMOGRÁFICO (IBGE/2025)":230382,"Hospitais de Referência":["Hospital João XXIII (Belo Horizonte)","Hospital Júlia Kubitschek (Belo Horizonte)","Hospital Metropolitano Dr. Célio de Castro (Belo Horizonte)","Hospital Metropolitano Dr. Célio de Castro (Belo Horizonte) - conforme eixo municipal","Hospital Metropolitano Odilon Behrens (Belo Horizonte)","Hospital Risoleta Tolentino Neves (Belo Horizonte)","Hospital Sofia Feldman (Belo Horizonte) - conforme eixo e faixa etária","Hospital das Clínicas da UFMG (Belo Horizonte)","Santa Casa de Belo Horizonte (Belo Horizonte)"],"name":"BELO HORIZONTE/NOVA LIMA/SANTA LUZIA"}},{"type":"Polygon","arcs":[[917,918,919,920,921,922,923,-911,924,-909,925,-907,926,-905,927,928,-902,929,-900,930,-898,931,932,933,934,-893,935,936,937,938,939,940,-523,941,942,-520,943,-518,944,-516,945,946,947,948,949,950,951,952,953,954,955,956,957,958,959,960,961,962,963,964,965,966,967,968,969,970,971,972,973,974,975,976,977,978,979,980,981,982,983,984,985,986]],"properties":{"Regionalização pop. 2025 — RegionalizaçãoMG2025_Microrregião de Saúde":"ITABIRA","NM_RGI":"Itabira","Regionalização pop. 2025 — RegionalizaçãoMG2025_Macrorregião de Saúde":"CENTRO","NM_MUN":"Passabém","AREA_KM2":94.183,"Regionalização pop. 2025 — RegionalizaçãoMG2025_POPULAÇÃO CENSO DEMOGRÁFICO (IBGE/2022)":1600,"Regionalização pop. 2025 — RegionalizaçãoMG2025_POPULAÇÃO CENSO DEMOGRÁFICO (IBGE/2025)":1609,"Hospitais de Referência":["Hospitais de Belo Horizonte via SUS Fácil (Hospital João XXIII e demais) - conforme grade pactuada da Macrorregião Centro"],"name":"ITABIRA"}},{"type":"Polygon","arcs":[[987,988,989,990,991,-965,992,-963,993,-961,994,-959,995,996,997,-955,998,999,1000,1001,1002,1003,1004,1005,1006,1007,1008,1009,1010,1011,1012,1013,1014,1015,1016,1017,1018,1019,1020,1021,1022,1023,1024,1025,1026,1027,1028,1029,1030,1031,1032,1033,1034,1035,1036,1037,1038,1039,1040,1041,1042,1043,1044,1045,1046,1047,1048,1049,1050,1051,1052,1053,1054,1055]],"properties":{"Regionalização pop. 2025 — RegionalizaçãoMG2025_Microrregião de Saúde":"IPATINGA","NM_RGI":"Ipatinga","Regionalização pop. 2025 — RegionalizaçãoMG2025_Macrorregião de Saúde":"VALE DO AÇO","NM_MUN":"Bugre","AREA_KM2":161.491,"Regionalização pop. 2025 — RegionalizaçãoMG2025_POPULAÇÃO CENSO DEMOGRÁFICO (IBGE/2022)":4041,"Regionalização pop. 2025 — RegionalizaçãoMG2025_POPULAÇÃO CENSO DEMOGRÁFICO (IBGE/2025)":4159,"Hospitais de Referência":["Hospital Márcio Cunha (Ipatinga – referência macrorregional)","hospitais de Caratinga e Coronel Fabriciano/Timóteo"],"name":"IPATINGA"}},{"type":"Polygon","arcs":[[1056,1057,1058,1059,1060,1061,1062,1063,1064,1065,1066,1067,1068,1069,1070,1071,1072,1073,1074,1075,1076,1077,1078,1079,1080,1081,1082,1083,1084,1085,1086,1087,1088,1089,1090,1091,1092,1093,1094,1095,1096,1097,1098,1099]],"properties":{"Regionalização pop. 2025 — RegionalizaçãoMG2025_Microrregião de Saúde":"ALMENARA/JACINTO","NM_RGI":"Almenara","Regionalização pop. 2025 — RegionalizaçãoMG2025_Macrorregião de Saúde":"NORDESTE","NM_MUN":"Santo Antônio do Jacinto","AREA_KM2":503.706,"Regionalização pop. 2025 — RegionalizaçãoMG2025_POPULAÇÃO CENSO DEMOGRÁFICO (IBGE/2022)":10327,"Regionalização pop. 2025 — RegionalizaçãoMG2025_POPULAÇÃO CENSO DEMOGRÁFICO (IBGE/2025)":10324,"Hospitais de Referência":["Hospital Bom Samaritano (Teófilo Otoni – oncologia)","Hospital Regional de Teófilo Otoni (HRTO – gestão Instituto Mário Penna, inaugurado em 2026, referência macrorregional para os 57 municípios do Nordeste de Minas: trauma, neurocirurgia, ortopedia, queimados, AVC)","hospitais de Nanuque e Almenara conforme regulação regional"],"name":"ALMENARA/JACINTO"}},{"type":"Polygon","arcs":[[1100,1101,1102,1103,1104,1105,1106,1107,1108,1109,1110,1111,1112,1113,1114,1115,1116,1117,1118,1119,1120,1121,1122,1123,1124,1125,1126,1127,1128,1129,1130,1131,1132,1133,1134,1135,1136,1137,1138,1139,1140,1141,1142,1143,1144,1145,1146,1147,1148,1149,1150,1151,1152,1153,1154,1155,1156,1157,1158,1159,1160,1161,1162,1163,1164,1165,-257,1166,-255,1167,-253,1168,-251,1169,1170,1171,1172,-246,1173,-244,1174,-242,1175,-240,1176,-238,1177,1178,-235,1179,-233,1180,-231,1181,-229,1182,-227,1183,-225,1184,1185,1186,1187,1188,1189]],"properties":{"Regionalização pop. 2025 — RegionalizaçãoMG2025_Microrregião de Saúde":"JOÃO PINHEIRO","NM_RGI":"Patos de Minas","Regionalização pop. 2025 — RegionalizaçãoMG2025_Macrorregião de Saúde":"NOROESTE","NM_MUN":"Lagoa Grande","AREA_KM2":1236.301,"Regionalização pop. 2025 — RegionalizaçãoMG2025_POPULAÇÃO CENSO DEMOGRÁFICO (IBGE/2022)":8969,"Regionalização pop. 2025 — RegionalizaçãoMG2025_POPULAÇÃO CENSO DEMOGRÁFICO (IBGE/2025)":9235,"Hospitais de Referência":["Hospital Municipal de Paracatu","Hospital Regional Antônio Dias (Patos de Minas – trauma/ortopedia)"],"name":"JOÃO PINHEIRO"}},{"type":"Polygon","arcs":[[1190,1191,1192,1193,1194,1195,1196,-535,1197,1198,-532,1199,1200,-529,1201,-527,1202,-525,1203,1204,-578,1205,1206,-575,1207,-573,1208,-571,1209,-569,1210,-567,1211,-565,1212,-563,1213,1214,1215,1216,1217,1218,1219,1220,1221,1222,1223,1224,1225,1226,1227,1228,1229,1230,1231,1232,1233,1234,1235,1236,1237,1238,1239,1240,1241,1242,1243,1244,1245,1246,1247,1248,1249,1250,1251,1252,1253,1254,1255,1256,1257]],"properties":{"Regionalização pop. 2025 — RegionalizaçãoMG2025_Microrregião de Saúde":"MONTES CLAROS","NM_RGI":"Montes Claros","Regionalização pop. 2025 — RegionalizaçãoMG2025_Macrorregião de Saúde":"NORTE","NM_MUN":"Mirabela","AREA_KM2":723.278,"Regionalização pop. 2025 — RegionalizaçãoMG2025_POPULAÇÃO CENSO DEMOGRÁFICO (IBGE/2022)":13651,"Regionalização pop. 2025 — RegionalizaçãoMG2025_POPULAÇÃO CENSO DEMOGRÁFICO (IBGE/2025)":14071,"Hospitais de Referência":["Hospital Dr. Moisés Magalhães Freire (Pirapora)","Hospital Municipal Dr. Oswaldo Prediliano Santana (Salinas)","Hospital Regional de Janaúba","Hospital Santo Antônio (Taiobeiras)","Hospital das Clínicas Dr. Mário Ribeiro da Silveira (Montes Claros)","Santa Casa de Misericórdia de Montes Claros (referência AVC Tipo III e urgências)"],"name":"MONTES CLAROS"}},{"type":"Polygon","arcs":[[1258,1259,-1036,1260,1261,-1033,1262,-1031,1263,-1029,1264,-1027,1265,-1025,1266,-1023,1267,1268,1269,1270,1271,1272,1273,1274,1275,1276,1277,1278,1279,1280,1281,1282,1283,1284,1285,1286,1287,1288,1289,1290,1291,1292,1293,1294,1295,1296,1297,1298,1299,1300,1301,1302,1303,1304,1305,1306,1307,1308,1309,1310,1311,1312,1313,1314,1315,1316,1317,1318,1319,1320,1321,1322,1323,1324,1325,1326,1327,1328,1329,1330,1331,1332,1333,1334,1335,1336,1337,1338,1339,1340,1341,1342,1343,1344,1345,1346,1347,1348,1349,1350,1351,1352,1353,1354,1355,1356,1357,1358,1359,1360,1361,1362,1363,1364,1365,1366,1367,1368,1369,1370,1371,1372,1373,1374,1375,1376,1377,1378,1379,1380,-1042,1381,1382,-1039]],"properties":{"Regionalização pop. 2025 — RegionalizaçãoMG2025_Microrregião de Saúde":"GOVERNADOR VALADARES","NM_RGI":"Governador Valadares","Regionalização pop. 2025 — RegionalizaçãoMG2025_Macrorregião de Saúde":"LESTE","NM_MUN":"São Geraldo da Piedade","AREA_KM2":152.336,"Regionalização pop. 2025 — RegionalizaçãoMG2025_POPULAÇÃO CENSO DEMOGRÁFICO (IBGE/2022)":3305,"Regionalização pop. 2025 — RegionalizaçãoMG2025_POPULAÇÃO CENSO DEMOGRÁFICO (IBGE/2025)":3200,"Hospitais de Referência":["Hospital Municipal de Governador Valadares (referência regional atual)","Hospital Regional de Governador Valadares (HRGV, em construção – 226 leitos, trauma/AVC/UTI, previsão de conclusão até o fim de 2026, referência para 51 municípios)"],"name":"GOVERNADOR VALADARES"}},{"type":"Polygon","arcs":[[1383,1384,1385,1386,1387,1388,1389,1390,1391,1392,1393,1394,1395,1396,1397,1398,1399,1400,1401,1402,1403,1404,1405,1406,1407,1408,1409,1410,1411,1412,1413,1414,1415,1416]],"properties":{"Regionalização pop. 2025 — RegionalizaçãoMG2025_Microrregião de Saúde":"POÇOS DE CALDAS","NM_RGI":"Poços de Caldas","Regionalização pop. 2025 — RegionalizaçãoMG2025_Macrorregião de Saúde":" EXTREMO SUL","NM_MUN":"Caldas","AREA_KM2":711.414,"Regionalização pop. 2025 — RegionalizaçãoMG2025_POPULAÇÃO CENSO DEMOGRÁFICO (IBGE/2022)":14217,"Regionalização pop. 2025 — RegionalizaçãoMG2025_POPULAÇÃO CENSO DEMOGRÁFICO (IBGE/2025)":14628,"Hospitais de Referência":["Complexo Hospitalar Samuel Libânio (Pouso Alegre)","Hospital de Clínicas de Itajubá (AISI)","Santa Casa de Misericórdia de Poços de Caldas"],"name":"POÇOS DE CALDAS"}},{"type":"Polygon","arcs":[[1417,1418,1419,1420,1421,1422,1423,1424,1425,1426,1427,1428,1429,1430,1431,1432,1433,1434,1435,1436,1437,1438,1439,1440,1441,1442,1443,1444,1445,1446]],"properties":{"Regionalização pop. 2025 — RegionalizaçãoMG2025_Microrregião de Saúde":"SANTOS DUMONT","NM_RGI":"Juiz de Fora","Regionalização pop. 2025 — RegionalizaçãoMG2025_Macrorregião de Saúde":"SUDESTE","NM_MUN":"Aracitaba","AREA_KM2":106.608,"Regionalização pop. 2025 — RegionalizaçãoMG2025_POPULAÇÃO CENSO DEMOGRÁFICO (IBGE/2022)":2049,"Regionalização pop. 2025 — RegionalizaçãoMG2025_POPULAÇÃO CENSO DEMOGRÁFICO (IBGE/2025)":2095,"Hospitais de Referência":["Casa de Caridade de Carangola","Casa de Caridade de Muriaé (Hospital do Câncer de Muriaé)","Hospital Regional João Penido / rede de urgência de Juiz de Fora","Hospital Santa Isabel (Ubá)","Hospital e Maternidade Therezinha de Jesus (Juiz de Fora)"],"name":"SANTOS DUMONT"}},{"type":"Polygon","arcs":[[1447,1448,1449,1450,1451,1452,1453,1454,1455,1456,1457,1458,1459,1460,1461,1462,1463,1464,1465,1466,1467,1468,1469,1470,1471,1472,1473,1474,1475,1476,1477,1478,1479,1480,1481,1482,1483,1484,1485,1486,1487,1488,1489,1490,1491,1492,1493,1494,1495,1496,1497,1498,1499,1500,1501,1502,1503,1504,1505,1506,1507,1508,1509,-1312,1510,-1310,1511,-1308,1512,1513,-1305,1514,1515,1516,-1301,1517,-1299,1518,1519,-1296,1520,-1294,1521,-1292,1522]],"properties":{"Regionalização pop. 2025 — RegionalizaçãoMG2025_Microrregião de Saúde":"PEÇANHA/SÃO JOÃO EVANGELISTA/SANTA MARIA DO SUAÇUÍ","NM_RGI":"Guanhães","Regionalização pop. 2025 — RegionalizaçãoMG2025_Macrorregião de Saúde":"LESTE","NM_MUN":"Santa Maria do Suaçuí","AREA_KM2":624.047,"Regionalização pop. 2025 — RegionalizaçãoMG2025_POPULAÇÃO CENSO DEMOGRÁFICO (IBGE/2022)":12788,"Regionalização pop. 2025 — RegionalizaçãoMG2025_POPULAÇÃO CENSO DEMOGRÁFICO (IBGE/2025)":12817,"Hospitais de Referência":["Hospital Municipal de Governador Valadares (referência regional atual)","Hospital Regional de Governador Valadares (HRGV, em construção – 226 leitos, trauma/AVC/UTI, previsão de conclusão até o fim de 2026, referência para 51 municípios)"],"name":"PEÇANHA/SÃO JOÃO EVANGELISTA/SANTA MARIA DO SUAÇUÍ"}},{"type":"Polygon","arcs":[[-1397,1523,-1395,1524,-1393,1525,-1391,1526,-1389,1527,-1387,1528,1529,1530,1531,1532,1533,1534,1535,1536,1537,1538,1539,1540,1541,1542,1543,1544,1545,1546,1547,1548,1549,1550,1551,1552,1553,1554,1555,1556,1557,1558,1559,1560,1561,1562,1563,1564,1565,1566,1567,1568,1569,1570,1571,1572,1573,1574,1575,1576,1577,1578,1579,1580,1581,1582,1583,1584,1585,1586,1587,1588,1589,1590,1591,1592,1593,1594,1595,1596,1597,1598,1599,1600,1601,1602,1603,1604,1605,1606,1607,1608,1609,1610,1611,1612,1613,1614,1615,1616,1617,1618,1619,1620,1621,-1410,1622,-1408,1623,1624,-1405,1625,1626,1627,-1401,1628,-1399,1629]],"properties":{"Regionalização pop. 2025 — RegionalizaçãoMG2025_Microrregião de Saúde":"ALFENAS/MACHADO","NM_RGI":"Alfenas","Regionalização pop. 2025 — RegionalizaçãoMG2025_Macrorregião de Saúde":"SUDOESTE","NM_MUN":"Poço Fundo","AREA_KM2":474.244,"Regionalização pop. 2025 — RegionalizaçãoMG2025_POPULAÇÃO CENSO DEMOGRÁFICO (IBGE/2022)":16388,"Regionalização pop. 2025 — RegionalizaçãoMG2025_POPULAÇÃO CENSO DEMOGRÁFICO (IBGE/2025)":16824,"Hospitais de Referência":["Irmandade da Santa Casa de Misericórdia de Passos (referência AVC Tipo III)","Santa Casa de Misericórdia de Piumhi","Santa Casa de Misericórdia de São Sebastião do Paraíso"],"name":"ALFENAS/MACHADO"}},{"type":"Polygon","arcs":[[1630,1631,1632,1633,1634,1635,1636,1637,1638,1639,1640,1641,1642,1643,1644,1645,1646,1647,1648,1649,1650,1651,1652,1653,1654,1655,1656,1657,1658,1659,1660,1661,1662,1663,1664,1665,1666,1667,1668,1669,1670,1671,1672,1673,1674,1675,1676,1677,1678,1679,1680,1681,1682,1683,1684,1685,1686]],"properties":{"Regionalização pop. 2025 — RegionalizaçãoMG2025_Microrregião de Saúde":"TRÊS CORAÇÕES","NM_RGI":"Três Corações","Regionalização pop. 2025 — RegionalizaçãoMG2025_Macrorregião de Saúde":"SUL","NM_MUN":"São Tomé das Letras","AREA_KM2":369.747,"Regionalização pop. 2025 — RegionalizaçãoMG2025_POPULAÇÃO CENSO DEMOGRÁFICO (IBGE/2022)":6904,"Regionalização pop. 2025 — RegionalizaçãoMG2025_POPULAÇÃO CENSO DEMOGRÁFICO (IBGE/2025)":7107,"Hospitais de Referência":["Hospitais polos de Varginha","Hospital Universitário Alfenas / HAVelano (Alfenas)","hospitais de Três Corações e São Lourenço, conforme regulação CISSUL e grades regionais"],"name":"TRÊS CORAÇÕES"}},{"type":"Polygon","arcs":[[1687,1688,1689,1690,1691,1692,1693,1694,1695,-1578,1696,-1576,1697,-1574,1698,-1572,1699,-1570,1700,-1568,1701,1702,1703,1704,1705,1706,1707,1708,1709,1710,1711,1712,1713,1714,1715,1716,1717,1718,1719,1720,1721,1722,-1656,1723,-1654,1724,1725,-1651,1726,1727,1728,1729,1730,1731,1732,1733]],"properties":{"Regionalização pop. 2025 — RegionalizaçãoMG2025_Microrregião de Saúde":"TRÊS PONTAS","NM_RGI":"Três Pontas - Boa Esperança","Regionalização pop. 2025 — RegionalizaçãoMG2025_Macrorregião de Saúde":"SUL","NM_MUN":"Santana da Vargem","AREA_KM2":172.444,"Regionalização pop. 2025 — RegionalizaçãoMG2025_POPULAÇÃO CENSO DEMOGRÁFICO (IBGE/2022)":6639,"Regionalização pop. 2025 — RegionalizaçãoMG2025_POPULAÇÃO CENSO DEMOGRÁFICO (IBGE/2025)":6756,"Hospitais de Referência":["Hospitais polos de Varginha","Hospital Universitário Alfenas / HAVelano (Alfenas)","hospitais de Três Corações e São Lourenço, conforme regulação CISSUL e grades regionais"],"name":"TRÊS PONTAS"}},{"type":"Polygon","arcs":[[1734,1735,1736,1737,1738,1739,1740,1741,1742,1743,1744,1745,1746,1747,1748,1749,1750,-1418,1751,-1446,1752,-1444,1753,1754,1755,1756,1757,1758,1759,1760,1761,1762,1763,1764,1765,1766,1767,1768,1769,1770,1771,1772,1773,1774,1775,1776,1777,1778,1779,1780,1781,1782,1783,1784,1785,1786,1787,1788,1789,1790,1791,1792,1793,1794,1795,1796,1797,1798,1799,1800,1801,1802,1803,1804,1805,1806,1807,1808,1809,1810,1811,1812,1813,1814,1815,1816,1817,1818,1819,1820,1821]],"properties":{"Regionalização pop. 2025 — RegionalizaçãoMG2025_Microrregião de Saúde":"UBÁ","NM_RGI":"Ubá","Regionalização pop. 2025 — RegionalizaçãoMG2025_Macrorregião de Saúde":"SUDESTE","NM_MUN":"Guidoval","AREA_KM2":158.375,"Regionalização pop. 2025 — RegionalizaçãoMG2025_POPULAÇÃO CENSO DEMOGRÁFICO (IBGE/2022)":7131,"Regionalização pop. 2025 — RegionalizaçãoMG2025_POPULAÇÃO CENSO DEMOGRÁFICO (IBGE/2025)":7285,"Hospitais de Referência":["Casa de Caridade de Carangola","Casa de Caridade de Muriaé (Hospital do Câncer de Muriaé)","Hospital Regional João Penido / rede de urgência de Juiz de Fora","Hospital Santa Isabel (Ubá)","Hospital e Maternidade Therezinha de Jesus (Juiz de Fora)"],"name":"UBÁ"}},{"type":"Polygon","arcs":[[1822,1823,1824,1825,1826,1827,1828,1829,1830,-1718,1831,-1716,1832,1833,1834,1835,1836,1837,1838,1839,1840,1841,1842,1843,1844,1845,1846,1847,1848,1849,1850,1851,1852,1853,1854,1855,1856,1857,1858,1859,1860,1861,1862,1863,1864,1865,1866,1867]],"properties":{"Regionalização pop. 2025 — RegionalizaçãoMG2025_Microrregião de Saúde":"CAMPO BELO","NM_RGI":"Campo Belo","Regionalização pop. 2025 — RegionalizaçãoMG2025_Macrorregião de Saúde":"OESTE","NM_MUN":"Candeias","AREA_KM2":720.512,"Regionalização pop. 2025 — RegionalizaçãoMG2025_POPULAÇÃO CENSO DEMOGRÁFICO (IBGE/2022)":14001,"Regionalização pop. 2025 — RegionalizaçãoMG2025_POPULAÇÃO CENSO DEMOGRÁFICO (IBGE/2025)":14211,"Hospitais de Referência":["Hospital Manoel Gonçalves (Itaúna)","Hospital Nossa Senhora da Conceição (Pará de Minas)","Hospital Regional de Divinópolis (HRD – entregue em 2026, integrado à rede EBSERH/UFSJ, referência macrorregional para AVC Tipo III e alta complexidade)","Hospital São Carlos (Lagoa da Prata)","Hospital São João de Deus (Divinópolis)","Hospital São Luiz (Formiga)","Santa Casa de Campo Belo"],"name":"CAMPO BELO"}},{"type":"Polygon","arcs":[[-608,1868,-606,1869,-604,1870,-602,1871,-600,1872,1873,1874,1875,1876,1877,1878,1879,1880,1881,1882,1883,1884,1885,1886,1887,1888,1889,1890,1891,1892,1893,1894,1895,1896,1897,1898,1899,1900,1901,1902,1903,1904,1905,1906,1907,1908,-53,1909,1910,-50,1911,-48,1912,-46,1913,-44,1914,-42,1915,-40,1916,-38,1917,-36,1918,1919,-33,1920,1921,1922,1923,1924,1925,1926,1927,1928,1929,1930,1931,1932,1933,1934,1935,1936,1937,1938,1939,1940,1941,1942,-616,1943,-614,1944,-612,1945,-610,1946]],"properties":{"Regionalização pop. 2025 — RegionalizaçãoMG2025_Microrregião de Saúde":"BOM DESPACHO","NM_RGI":"Dores do Indaiá","Regionalização pop. 2025 — RegionalizaçãoMG2025_Macrorregião de Saúde":"OESTE","NM_MUN":"Luz","AREA_KM2":1171.659,"Regionalização pop. 2025 — RegionalizaçãoMG2025_POPULAÇÃO CENSO DEMOGRÁFICO (IBGE/2022)":17875,"Regionalização pop. 2025 — RegionalizaçãoMG2025_POPULAÇÃO CENSO DEMOGRÁFICO (IBGE/2025)":18336,"Hospitais de Referência":["Hospital Manoel Gonçalves (Itaúna)","Hospital Nossa Senhora da Conceição (Pará de Minas)","Hospital Regional de Divinópolis (HRD – entregue em 2026, integrado à rede EBSERH/UFSJ, referência macrorregional para AVC Tipo III e alta complexidade)","Hospital São Carlos (Lagoa da Prata)","Hospital São João de Deus (Divinópolis)","Hospital São Luiz (Formiga)","Santa Casa de Campo Belo"],"name":"BOM DESPACHO"}},{"type":"Polygon","arcs":[[1947,1948,1949,1950,-1430,1951,-1428,1952,-1426,1953,-1424,1954,-1422,1955,-1420,1956,-1750,1957,-1748,1958,-1746,1959,-1744,1960,1961,1962,1963,1964,1965,1966,1967,1968,1969,1970,1971,1972,1973,1974,1975,1976,1977,1978,1979,1980,1981,1982]],"properties":{"Regionalização pop. 2025 — RegionalizaçãoMG2025_Microrregião de Saúde":"JUIZ DE FORA","NM_RGI":"Juiz de Fora","Regionalização pop. 2025 — RegionalizaçãoMG2025_Macrorregião de Saúde":"SUDESTE","NM_MUN":"Chácara","AREA_KM2":152.807,"Regionalização pop. 2025 — RegionalizaçãoMG2025_POPULAÇÃO CENSO DEMOGRÁFICO (IBGE/2022)":3075,"Regionalização pop. 2025 — RegionalizaçãoMG2025_POPULAÇÃO CENSO DEMOGRÁFICO (IBGE/2025)":3194,"Hospitais de Referência":["Casa de Caridade de Carangola","Casa de Caridade de Muriaé (Hospital do Câncer de Muriaé)","Hospital Regional João Penido / rede de urgência de Juiz de Fora","Hospital Santa Isabel (Ubá)","Hospital e Maternidade Therezinha de Jesus (Juiz de Fora)"],"name":"JUIZ DE FORA"}},{"type":"Polygon","arcs":[[1983,1984,1985,1986,1987,1988,1989,1990,1991,1992,1993,1994,1995,1996,1997,1998,1999,2000,2001,2002,2003,2004,2005,2006,2007,2008,2009,2010]],"properties":{"Regionalização pop. 2025 — RegionalizaçãoMG2025_Microrregião de Saúde":"ITAJUBÁ","NM_RGI":"Itajubá","Regionalização pop. 2025 — RegionalizaçãoMG2025_Macrorregião de Saúde":" EXTREMO SUL","NM_MUN":"Conceição das Pedras","AREA_KM2":102.206,"Regionalização pop. 2025 — RegionalizaçãoMG2025_POPULAÇÃO CENSO DEMOGRÁFICO (IBGE/2022)":2772,"Regionalização pop. 2025 — RegionalizaçãoMG2025_POPULAÇÃO CENSO DEMOGRÁFICO (IBGE/2025)":2840,"Hospitais de Referência":["Complexo Hospitalar Samuel Libânio (Pouso Alegre)","Hospital de Clínicas de Itajubá (AISI)","Santa Casa de Misericórdia de Poços de Caldas"],"name":"ITAJUBÁ"}},{"type":"Polygon","arcs":[[2011,2012,2013,2014,2015,2016,2017,2018,2019,2020,2021,2022,2023,2024,2025,2026,2027,2028,2029,2030,2031,2032,2033,2034,2035,2036,2037,2038,2039,2040]],"properties":{"Regionalização pop. 2025 — RegionalizaçãoMG2025_Microrregião de Saúde":"PADRE PARAÍSO","NM_RGI":"Teófilo Otoni","Regionalização pop. 2025 — RegionalizaçãoMG2025_Macrorregião de Saúde":"NORDESTE","NM_MUN":"Padre Paraíso","AREA_KM2":544.375,"Regionalização pop. 2025 — RegionalizaçãoMG2025_POPULAÇÃO CENSO DEMOGRÁFICO (IBGE/2022)":17334,"Regionalização pop. 2025 — RegionalizaçãoMG2025_POPULAÇÃO CENSO DEMOGRÁFICO (IBGE/2025)":17463,"Hospitais de Referência":["Hospital Bom Samaritano (Teófilo Otoni – oncologia)","Hospital Regional de Teófilo Otoni (HRTO – gestão Instituto Mário Penna, inaugurado em 2026, referência macrorregional para os 57 municípios do Nordeste de Minas: trauma, neurocirurgia, ortopedia, queimados, AVC)","hospitais de Nanuque e Almenara conforme regulação regional"],"name":"PADRE PARAÍSO"}},{"type":"Polygon","arcs":[[2041,2042,2043,2044,2045,2046,2047,2048,2049,2050,2051,2052,2053,2054,2055,2056,2057,2058,2059,2060,2061,2062,2063,2064,2065,2066,2067,2068,2069,-1095,2070,-1093,2071,-1091,2072,-1089,2073,-1087,2074,-1085,2075,-1083,2076,-1081,2077,-1079,2078,2079,2080,2081,2082]],"properties":{"Regionalização pop. 2025 — RegionalizaçãoMG2025_Microrregião de Saúde":"PEDRA AZUL","NM_RGI":"Pedra Azul","Regionalização pop. 2025 — RegionalizaçãoMG2025_Macrorregião de Saúde":"NORDESTE","NM_MUN":"Divisópolis","AREA_KM2":572.926,"Regionalização pop. 2025 — RegionalizaçãoMG2025_POPULAÇÃO CENSO DEMOGRÁFICO (IBGE/2022)":10213,"Regionalização pop. 2025 — RegionalizaçãoMG2025_POPULAÇÃO CENSO DEMOGRÁFICO (IBGE/2025)":10659,"Hospitais de Referência":["Hospital Bom Samaritano (Teófilo Otoni – oncologia)","Hospital Regional de Teófilo Otoni (HRTO – gestão Instituto Mário Penna, inaugurado em 2026, referência macrorregional para os 57 municípios do Nordeste de Minas: trauma, neurocirurgia, ortopedia, queimados, AVC)","hospitais de Nanuque e Almenara conforme regulação regional"],"name":"PEDRA AZUL"}},{"type":"Polygon","arcs":[[-1332,2083,-1330,2084,-1328,2085,-1326,2086,2087,-1323,2088,2089,2090,2091,2092,2093,2094,2095,2096,2097,2098,2099,2100,2101,2102,2103,2104,2105,2106,-1334,2107]],"properties":{"Regionalização pop. 2025 — RegionalizaçãoMG2025_Microrregião de Saúde":"MANTENA/ITABIRINHA","NM_RGI":"Mantena","Regionalização pop. 2025 — RegionalizaçãoMG2025_Macrorregião de Saúde":"LESTE","NM_MUN":"Nova Belém","AREA_KM2":146.775,"Regionalização pop. 2025 — RegionalizaçãoMG2025_POPULAÇÃO CENSO DEMOGRÁFICO (IBGE/2022)":3151,"Regionalização pop. 2025 — RegionalizaçãoMG2025_POPULAÇÃO CENSO DEMOGRÁFICO (IBGE/2025)":3126,"Hospitais de Referência":["Hospital Municipal de Governador Valadares (referência regional atual)","Hospital Regional de Governador Valadares (HRGV, em construção – 226 leitos, trauma/AVC/UTI, previsão de conclusão até o fim de 2026, referência para 51 municípios)"],"name":"MANTENA/ITABIRINHA"}},{"type":"Polygon","arcs":[[2108,2109,2110,2111,2112,2113,2114,2115,2116,2117,2118,2119,2120,2121,2122,-979,2123,-977,2124,-975,2125,2126,2127,2128,2129,2130,2131,2132,2133,2134,2135,2136]],"properties":{"Regionalização pop. 2025 — RegionalizaçãoMG2025_Microrregião de Saúde":"JOÃO MONLEVADE","NM_RGI":"João Monlevade","Regionalização pop. 2025 — RegionalizaçãoMG2025_Macrorregião de Saúde":"CENTRO","NM_MUN":"João Monlevade","AREA_KM2":98.231,"Regionalização pop. 2025 — RegionalizaçãoMG2025_POPULAÇÃO CENSO DEMOGRÁFICO (IBGE/2022)":80187,"Regionalização pop. 2025 — RegionalizaçãoMG2025_POPULAÇÃO CENSO DEMOGRÁFICO (IBGE/2025)":83791,"Hospitais de Referência":["Hospitais de Belo Horizonte via SUS Fácil (Hospital João XXIII e demais) - conforme grade pactuada da Macrorregião Centro"],"name":"JOÃO MONLEVADE"}},{"type":"Polygon","arcs":[[-1539,2137,2138,-1536,2139,-1534,2140,-1532,2141,-1530,2142,2143,2144,2145,2146,2147,2148,2149,2150,2151,2152,2153,2154,2155,2156,-1543,2157,-1541,2158]],"properties":{"Regionalização pop. 2025 — RegionalizaçãoMG2025_Microrregião de Saúde":"GUAXUPÉ","NM_RGI":"Guaxupé","Regionalização pop. 2025 — RegionalizaçãoMG2025_Macrorregião de Saúde":"SUDOESTE","NM_MUN":"Arceburgo","AREA_KM2":162.875,"Regionalização pop. 2025 — RegionalizaçãoMG2025_POPULAÇÃO CENSO DEMOGRÁFICO (IBGE/2022)":9177,"Regionalização pop. 2025 — RegionalizaçãoMG2025_POPULAÇÃO CENSO DEMOGRÁFICO (IBGE/2025)":9335,"Hospitais de Referência":["Irmandade da Santa Casa de Misericórdia de Passos (referência AVC Tipo III)","Santa Casa de Misericórdia de Piumhi","Santa Casa de Misericórdia de São Sebastião do Paraíso"],"name":"GUAXUPÉ"}},{"type":"Polygon","arcs":[[2159,-782,2160,-780,2161,2162,2163,2164,2165,2166,2167,2168,2169,2170,2171,-1858,2172,-1856,2173,2174,2175,2176,2177,2178,2179,2180,2181,2182,2183,2184,2185,2186,2187,2188,2189,2190,2191,2192,2193,2194,2195,2196,-706,2197,2198,-703,2199,2200,-788,2201,-786,2202,-784]],"properties":{"Regionalização pop. 2025 — RegionalizaçãoMG2025_Microrregião de Saúde":"OLIVEIRA/SANTO ANTÔNIO DO AMPARO","NM_RGI":"Lavras","Regionalização pop. 2025 — RegionalizaçãoMG2025_Macrorregião de Saúde":"OESTE","NM_MUN":"Santo Antônio do Amparo","AREA_KM2":488.885,"Regionalização pop. 2025 — RegionalizaçãoMG2025_POPULAÇÃO CENSO DEMOGRÁFICO (IBGE/2022)":17285,"Regionalização pop. 2025 — RegionalizaçãoMG2025_POPULAÇÃO CENSO DEMOGRÁFICO (IBGE/2025)":17657,"Hospitais de Referência":["Hospital Manoel Gonçalves (Itaúna)","Hospital Nossa Senhora da Conceição (Pará de Minas)","Hospital Regional de Divinópolis (HRD – entregue em 2026, integrado à rede EBSERH/UFSJ, referência macrorregional para AVC Tipo III e alta complexidade)","Hospital São Carlos (Lagoa da Prata)","Hospital São João de Deus (Divinópolis)","Hospital São Luiz (Formiga)","Santa Casa de Campo Belo"],"name":"OLIVEIRA/SANTO ANTÔNIO DO AMPARO"}},{"type":"Polygon","arcs":[[2203,2204,2205,2206,2207,2208,2209,2210,2211,2212,2213,2214,2215,2216,2217,2218,2219,2220,2221,2222,2223,2224,2225,2226,2227,2228,2229,2230,2231,2232,2233,2234,2235,2236,2237,2238,2239,2240,-1361,2241,2242,2243,2244,2245,2246,2247,2248,2249,2250,2251,2252,2253,2254,2255,2256,2257,2258,2259,2260,2261,2262,2263,2264,2265,2266,2267,2268,2269,2270,2271,2272,2273,2274,2275,2276,2277,2278,2279,2280]],"properties":{"Regionalização pop. 2025 — RegionalizaçãoMG2025_Microrregião de Saúde":"MANHUAÇU","NM_RGI":"Manhuaçu","Regionalização pop. 2025 — RegionalizaçãoMG2025_Macrorregião de Saúde":"LESTE DO SUL","NM_MUN":"Caputira","AREA_KM2":187.704,"Regionalização pop. 2025 — RegionalizaçãoMG2025_POPULAÇÃO CENSO DEMOGRÁFICO (IBGE/2022)":8936,"Regionalização pop. 2025 — RegionalizaçãoMG2025_POPULAÇÃO CENSO DEMOGRÁFICO (IBGE/2025)":9128,"Hospitais de Referência":["Hospital Antônio Gonçalves Ferreira / HAGF (Ponte Nova)","grade pactuada em dez/2021 (Deliberação CIB-SUS/MG)","regulação para Governador Valadares ou Belo Horizonte conforme gravidade"],"name":"MANHUAÇU"}},{"type":"Polygon","arcs":[[2281,2282,2283,2284,2285,2286,2287,2288,2289,-1595,2290,-1593,2291,-1591,2292,2293,-1588,2294,-1586,2295,-1584,2296,2297,-1581,2298,2299,2300,-1694,2301,2302,-1691,2303,-1689,2304,2305,-1733,2306,-1731,2307,2308,-1728,2309,-1649,2310,-1647,2311,-1645,2312,2313,-1642,2314,-1640,2315,-1638,2316,2317,-1635,2318,2319,2320,2321,2322,2323,2324,2325,2326,2327,2328,2329,2330,2331,2332]],"properties":{"Regionalização pop. 2025 — RegionalizaçãoMG2025_Microrregião de Saúde":"VARGINHA","NM_RGI":"Três Corações","Regionalização pop. 2025 — RegionalizaçãoMG2025_Macrorregião de Saúde":"SUL","NM_MUN":"Campanha","AREA_KM2":335.587,"Regionalização pop. 2025 — RegionalizaçãoMG2025_POPULAÇÃO CENSO DEMOGRÁFICO (IBGE/2022)":15935,"Regionalização pop. 2025 — RegionalizaçãoMG2025_POPULAÇÃO CENSO DEMOGRÁFICO (IBGE/2025)":16372,"Hospitais de Referência":["Hospitais polos de Varginha","Hospital Universitário Alfenas / HAVelano (Alfenas)","hospitais de Três Corações e São Lourenço, conforme regulação CISSUL e grades regionais"],"name":"VARGINHA"}},{"type":"Polygon","arcs":[[2333,-1321,2334,-1319,2335,-1317,2336,-1315,2337,2338,2339,-1506,2340,-1504,2341,2342,-1501,2343,-1499,2344,-1497,2345,2346,2347,2348,2349,2350,2351,2352,2353,2354,2355,2356,2357,2358,2359,2360,2361,2362,2363,2364,2365,2366,2367,2368,2369,2370,2371,2372,-2090]],"properties":{"Regionalização pop. 2025 — RegionalizaçãoMG2025_Microrregião de Saúde":"ITAMBACURI","NM_RGI":"Teófilo Otoni","Regionalização pop. 2025 — RegionalizaçãoMG2025_Macrorregião de Saúde":"NORDESTE","NM_MUN":"Itambacuri","AREA_KM2":1419.209,"Regionalização pop. 2025 — RegionalizaçãoMG2025_POPULAÇÃO CENSO DEMOGRÁFICO (IBGE/2022)":21042,"Regionalização pop. 2025 — RegionalizaçãoMG2025_POPULAÇÃO CENSO DEMOGRÁFICO (IBGE/2025)":21210,"Hospitais de Referência":["Hospital Bom Samaritano (Teófilo Otoni – oncologia)","Hospital Regional de Teófilo Otoni (HRTO – gestão Instituto Mário Penna, inaugurado em 2026, referência macrorregional para os 57 municípios do Nordeste de Minas: trauma, neurocirurgia, ortopedia, queimados, AVC)","hospitais de Nanuque e Almenara conforme regulação regional"],"name":"ITAMBACURI"}},{"type":"Polygon","arcs":[[2373,2374,2375,2376,2377,2378,-2116,2379,2380,-2113,2381,2382,-2110,2383,-2137,2384,-2135,2385,-2133,2386,-2131,2387,-2129,2388,-2127,2389,-973,2390,-971,2391,2392,2393,-967,2394,-991,2395,-989,2396,-1056,2397,2398,-1053,2399,2400,2401,2402,2403,2404,2405,2406,2407,2408,2409]],"properties":{"Regionalização pop. 2025 — RegionalizaçãoMG2025_Microrregião de Saúde":"CORONEL FABRICIANO/TIMÓTEO","NM_RGI":"Ipatinga","Regionalização pop. 2025 — RegionalizaçãoMG2025_Macrorregião de Saúde":"VALE DO AÇO","NM_MUN":"Coronel Fabriciano","AREA_KM2":221.252,"Regionalização pop. 2025 — RegionalizaçãoMG2025_POPULAÇÃO CENSO DEMOGRÁFICO (IBGE/2022)":104736,"Regionalização pop. 2025 — RegionalizaçãoMG2025_POPULAÇÃO CENSO DEMOGRÁFICO (IBGE/2025)":108708,"Hospitais de Referência":["Hospital Márcio Cunha (Ipatinga – referência macrorregional)","hospitais de Caratinga e Coronel Fabriciano/Timóteo"],"name":"CORONEL FABRICIANO/TIMÓTEO"}},{"type":"Polygon","arcs":[[2410,2411,2412,2413,2414,2415,2416,2417,2418,2419,2420,2421,2422,2423,2424,2425,2426,2427,2428,2429,2430,2431,2432,2433,2434,2435,2436,2437,2438,-2056,2439,-2054,2440,-2052,2441,-2050,2442,-2048,2443,2444,2445,2446,2447,2448,2449,2450]],"properties":{"Regionalização pop. 2025 — RegionalizaçãoMG2025_Microrregião de Saúde":"SALINAS","NM_RGI":"Salinas","Regionalização pop. 2025 — RegionalizaçãoMG2025_Macrorregião de Saúde":"NORTE","NM_MUN":"Padre Carvalho","AREA_KM2":446.275,"Regionalização pop. 2025 — RegionalizaçãoMG2025_POPULAÇÃO CENSO DEMOGRÁFICO (IBGE/2022)":5058,"Regionalização pop. 2025 — RegionalizaçãoMG2025_POPULAÇÃO CENSO DEMOGRÁFICO (IBGE/2025)":5045,"Hospitais de Referência":["Hospital Dr. Moisés Magalhães Freire (Pirapora)","Hospital Municipal Dr. Oswaldo Prediliano Santana (Salinas)","Hospital Regional de Janaúba","Hospital Santo Antônio (Taiobeiras)","Hospital das Clínicas Dr. Mário Ribeiro da Silveira (Montes Claros)","Santa Casa de Misericórdia de Montes Claros (referência AVC Tipo III e urgências)"],"name":"SALINAS"}},{"type":"Polygon","arcs":[[-1900,2451,-1898,2452,-1896,2453,-1894,2454,2455,2456,2457,2458,2459,2460,2461,2462,2463,2464,2465,2466,2467,2468,2469,2470,2471,2472,2473,2474,2475,2476,2477,2478,2479,2480,2481,2482,2483,2484,2485,2486,2487,2488,-57,2489,-55,2490,-1908,2491,-1906,2492,-1904,2493,-1902,2494]],"properties":{"Regionalização pop. 2025 — RegionalizaçãoMG2025_Microrregião de Saúde":"SÃO GOTARDO","NM_RGI":"Patos de Minas","Regionalização pop. 2025 — RegionalizaçãoMG2025_Macrorregião de Saúde":"NOROESTE","NM_MUN":"São Gotardo","AREA_KM2":866.087,"Regionalização pop. 2025 — RegionalizaçãoMG2025_POPULAÇÃO CENSO DEMOGRÁFICO (IBGE/2022)":40910,"Regionalização pop. 2025 — RegionalizaçãoMG2025_POPULAÇÃO CENSO DEMOGRÁFICO (IBGE/2025)":43851,"Hospitais de Referência":["Hospital Municipal de Paracatu","Hospital Regional Antônio Dias (Patos de Minas – trauma/ortopedia)"],"name":"SÃO GOTARDO"}},{"type":"Polygon","arcs":[[2495,2496,2497,2498,2499,2500,2501,2502,2503,2504,2505,2506,2507,2508,2509,2510,2511,2512,2513,-2416,2514,-2414,2515,-2412,2516,2517,2518,2519,2520,2521,2522,2523,2524,2525,-2026,2526,-2024,2527,-2022,2528,2529,2530,2531,2532,2533,2534,2535,2536,2537,2538,2539,2540,2541,2542,2543,2544,2545,2546,2547,2548]],"properties":{"Regionalização pop. 2025 — RegionalizaçãoMG2025_Microrregião de Saúde":"ARAÇUAÍ","NM_RGI":"Araçuaí","Regionalização pop. 2025 — RegionalizaçãoMG2025_Macrorregião de Saúde":"JEQUITINHONHA","NM_MUN":"Berilo","AREA_KM2":587.106,"Regionalização pop. 2025 — RegionalizaçãoMG2025_POPULAÇÃO CENSO DEMOGRÁFICO (IBGE/2022)":9826,"Regionalização pop. 2025 — RegionalizaçãoMG2025_POPULAÇÃO CENSO DEMOGRÁFICO (IBGE/2025)":9638,"Hospitais de Referência":["Santa Casa de Caridade de Diamantina","hospitais de Araçuaí e Capelinha, conforme regulação"],"name":"ARAÇUAÍ"}},{"type":"Polygon","arcs":[[2549,2550,2551,2552,2553,2554,2555,2556,2557,2558,2559,2560,2561,-1239,2562,-1237,2563,-1235,2564,2565,-1232,2566,-1230,2567,2568,-1227,2569,-1225,2570,-1223,2571,2572,2573,2574,2575,2576,2577,2578,2579,2580,2581,2582,2583,2584,2585,2586,2587,2588,2589,2590,2591,2592,2593,2594,-2429,2595,-2427,2596,-2425,2597,-2423,2598,-2421,2599,-2419,2600,2601,-2513,2602,-2511,2603,-2509,2604,2605,2606,2607,2608,2609,2610,2611]],"properties":{"Regionalização pop. 2025 — RegionalizaçãoMG2025_Microrregião de Saúde":"FRANCISCO SÁ","NM_RGI":"Montes Claros","Regionalização pop. 2025 — RegionalizaçãoMG2025_Macrorregião de Saúde":"NORTE","NM_MUN":"Botumirim","AREA_KM2":1568.884,"Regionalização pop. 2025 — RegionalizaçãoMG2025_POPULAÇÃO CENSO DEMOGRÁFICO (IBGE/2022)":5790,"Regionalização pop. 2025 — RegionalizaçãoMG2025_POPULAÇÃO CENSO DEMOGRÁFICO (IBGE/2025)":5806,"Hospitais de Referência":["Hospital Dr. Moisés Magalhães Freire (Pirapora)","Hospital Municipal Dr. Oswaldo Prediliano Santana (Salinas)","Hospital Regional de Janaúba","Hospital Santo Antônio (Taiobeiras)","Hospital das Clínicas Dr. Mário Ribeiro da Silveira (Montes Claros)","Santa Casa de Misericórdia de Montes Claros (referência AVC Tipo III e urgências)"],"name":"FRANCISCO SÁ"}},{"type":"Polygon","arcs":[[2612,2613,2614,2615,2616,2617,2618,2619,2620,2621,2622,2623,2624,2625,2626,2627,2628,2629,2630,2631,2632,2633,2634,2635,2636,2637,2638,2639,2640,2641,2642,2643,2644,2645,2646,2647,2648,2649,2650,2651,2652,2653,2654]],"properties":{"Regionalização pop. 2025 — RegionalizaçãoMG2025_Microrregião de Saúde":"CÁSSIA","NM_RGI":"Passos","Regionalização pop. 2025 — RegionalizaçãoMG2025_Macrorregião de Saúde":"SUDOESTE","NM_MUN":"Cássia","AREA_KM2":665.802,"Regionalização pop. 2025 — RegionalizaçãoMG2025_POPULAÇÃO CENSO DEMOGRÁFICO (IBGE/2022)":17155,"Regionalização pop. 2025 — RegionalizaçãoMG2025_POPULAÇÃO CENSO DEMOGRÁFICO (IBGE/2025)":17491,"Hospitais de Referência":["Irmandade da Santa Casa de Misericórdia de Passos (referência AVC Tipo III)","Santa Casa de Misericórdia de Piumhi","Santa Casa de Misericórdia de São Sebastião do Paraíso"],"name":"CÁSSIA"}},{"type":"Polygon","arcs":[[2655,-749,2656,-747,2657,-745,2658,-743,2659,-741,2660,-739,2661,-737,2662,-735,2663,-733,2664,-731,2665,-847,2666,-845,2667,2668,2669,2670,-917,2671,-915,2672,-913,2673,-923,2674,-921,2675,-919,2676,2677,2678,2679,2680,2681,2682,2683,2684,2685,2686,2687,2688,2689,2690,2691,2692,2693,2694,2695,2696,2697,2698,2699,2700,2701,2702,2703,2704,2705,2706,2707,2708,2709,2710,2711,2712,2713,2714,2715,2716,2717,2718]],"properties":{"Regionalização pop. 2025 — RegionalizaçãoMG2025_Microrregião de Saúde":"OURO PRETO","NM_RGI":"Santa Bárbara - Ouro Preto","Regionalização pop. 2025 — RegionalizaçãoMG2025_Macrorregião de Saúde":"CENTRO","NM_MUN":"Mariana","AREA_KM2":1194.208,"Regionalização pop. 2025 — RegionalizaçãoMG2025_POPULAÇÃO CENSO DEMOGRÁFICO (IBGE/2022)":61387,"Regionalização pop. 2025 — RegionalizaçãoMG2025_POPULAÇÃO CENSO DEMOGRÁFICO (IBGE/2025)":64506,"Hospitais de Referência":["Hospitais de Belo Horizonte via SUS Fácil (Hospital João XXIII e demais) - conforme grade pactuada da Macrorregião Centro"],"name":"OURO PRETO"}},{"type":"Polygon","arcs":[[2719,2720,2721,2722,2723,2724,2725,2726,2727,-1936,2728,-1934,2729,2730,-1931,2731,-1929,2732,-1927,2733,-1925,2734,2735,-1922,2736,2737,-30,2738,-28,2739,-26,2740,2741,-23,2742,-21,2743,-19,2744,2745,-16,2746,-14,2747,-12,2748,-10,2749,2750,-7,2751,2752,2753,2754,2755,2756,2757,2758,2759,2760,2761,2762,2763,2764,2765,2766,2767,2768,2769,2770,2771,2772,2773,2774,2775]],"properties":{"Regionalização pop. 2025 — RegionalizaçãoMG2025_Microrregião de Saúde":"PARÁ DE MINAS/NOVA SERRANA","NM_RGI":"Pará de Minas","Regionalização pop. 2025 — RegionalizaçãoMG2025_Macrorregião de Saúde":"OESTE","NM_MUN":"Onça de Pitangui","AREA_KM2":246.976,"Regionalização pop. 2025 — RegionalizaçãoMG2025_POPULAÇÃO CENSO DEMOGRÁFICO (IBGE/2022)":2969,"Regionalização pop. 2025 — RegionalizaçãoMG2025_POPULAÇÃO CENSO DEMOGRÁFICO (IBGE/2025)":3024,"Hospitais de Referência":["Hospital Manoel Gonçalves (Itaúna)","Hospital Nossa Senhora da Conceição (Pará de Minas)","Hospital Regional de Divinópolis (HRD – entregue em 2026, integrado à rede EBSERH/UFSJ, referência macrorregional para AVC Tipo III e alta complexidade)","Hospital São Carlos (Lagoa da Prata)","Hospital São João de Deus (Divinópolis)","Hospital São Luiz (Formiga)","Santa Casa de Campo Belo"],"name":"PARÁ DE MINAS/NOVA SERRANA"}},{"type":"Polygon","arcs":[[2776,-286,2777,-284,2778,2779,2780,2781,-279,2782,-277,2783,2784,2785,2786,2787,2788,2789,2790,2791,2792,-352,2793,-350,2794,2795,-347,2796,-345,2797,-343,2798,-341,2799,2800,-338,2801,2802,-335,2803,-414,2804,2805,2806,2807,2808,2809,2810,2811,2812,2813,2814,2815,2816,-2579,2817,-2577,2818,-2575,2819,-2573,2820,-1221,2821,2822,-1218,2823,-1216,2824,2825,2826,-560,2827,2828,-289,2829]],"properties":{"Regionalização pop. 2025 — RegionalizaçãoMG2025_Microrregião de Saúde":"BRASÍLIA DE MINAS","NM_RGI":"Montes Claros","Regionalização pop. 2025 — RegionalizaçãoMG2025_Macrorregião de Saúde":"NORTE","NM_MUN":"Ibiracatu","AREA_KM2":353.257,"Regionalização pop. 2025 — RegionalizaçãoMG2025_POPULAÇÃO CENSO DEMOGRÁFICO (IBGE/2022)":5081,"Regionalização pop. 2025 — RegionalizaçãoMG2025_POPULAÇÃO CENSO DEMOGRÁFICO (IBGE/2025)":5113,"Hospitais de Referência":["Hospital Dr. Moisés Magalhães Freire (Pirapora)","Hospital Municipal Dr. Oswaldo Prediliano Santana (Salinas)","Hospital Regional de Janaúba","Hospital Santo Antônio (Taiobeiras)","Hospital das Clínicas Dr. Mário Ribeiro da Silveira (Montes Claros)","Santa Casa de Misericórdia de Montes Claros (referência AVC Tipo III e urgências)"],"name":"BRASÍLIA DE MINAS"}},{"type":"Polygon","arcs":[[-399,2830,-397,2831,-395,2832,2833,2834,2835,2836,2837,2838,2839]],"properties":{"Regionalização pop. 2025 — RegionalizaçãoMG2025_Microrregião de Saúde":"MANGA","NM_RGI":"Janaúba","Regionalização pop. 2025 — RegionalizaçãoMG2025_Macrorregião de Saúde":"NORTE","NM_MUN":"Manga","AREA_KM2":1950.184,"Regionalização pop. 2025 — RegionalizaçãoMG2025_POPULAÇÃO CENSO DEMOGRÁFICO (IBGE/2022)":18886,"Regionalização pop. 2025 — RegionalizaçãoMG2025_POPULAÇÃO CENSO DEMOGRÁFICO (IBGE/2025)":19148,"Hospitais de Referência":["Hospital Dr. Moisés Magalhães Freire (Pirapora)","Hospital Municipal Dr. Oswaldo Prediliano Santana (Salinas)","Hospital Regional de Janaúba","Hospital Santo Antônio (Taiobeiras)","Hospital das Clínicas Dr. Mário Ribeiro da Silveira (Montes Claros)","Santa Casa de Misericórdia de Montes Claros (referência AVC Tipo III e urgências)"],"name":"MANGA"}},{"type":"MultiPolygon","arcs":[[[2840,2841,2842,2843,2844,-2228,2845,2846,2847,2848,2849,2850,2851,2852,2853,2854,2855,2856,2857,2858,2859]],[[-2233,2860,2861,2862,2863,2864,2865,2866,2867,2868,2869,2870,2871,2872,2873,-2374,2874,2875,2876,-2407,2877,2878,-2404,2879,-2402,2880,2881,-1051,2882,-1049,2883,-1047,2884,-1045,2885,2886,-1380,2887,-1378,2888,-1376,2889,-1374,2890,-1372,2891,-1370,2892,-1368,2893,-1366,2894,-1364,2895,2896,-2240,2897,-2238,2898,2899,-2235,2900]]],"properties":{"Regionalização pop. 2025 — RegionalizaçãoMG2025_Microrregião de Saúde":"CARATINGA","NM_RGI":"Caratinga","Regionalização pop. 2025 — RegionalizaçãoMG2025_Macrorregião de Saúde":"VALE DO AÇO","NM_MUN":"Bom Jesus do Galho","AREA_KM2":592.289,"Regionalização pop. 2025 — RegionalizaçãoMG2025_POPULAÇÃO CENSO DEMOGRÁFICO (IBGE/2022)":14537,"Regionalização pop. 2025 — RegionalizaçãoMG2025_POPULAÇÃO CENSO DEMOGRÁFICO (IBGE/2025)":14719,"Hospitais de Referência":["Hospital Márcio Cunha (Ipatinga – referência macrorregional)","hospitais de Caratinga e Coronel Fabriciano/Timóteo"],"name":"CARATINGA"}},{"type":"Polygon","arcs":[[-1495,2901,-1493,2902,-1491,2903,-1489,2904,2905,2906,2907,2908,2909,2910,2911,2912,-2542,2913,2914,2915,-2538,2916,2917,-2535,2918,-2533,2919,-2531,2920,2921,-2018,2922,-2016,2923,-2014,2924,-2012,2925,2926,-2039,2927,-2037,2928,-2035,2929,2930,2931,-1064,2932,-1062,2933,2934,2935,2936,2937,2938,2939,2940,2941,2942,2943,2944,2945,2946,2947,2948,2949,2950,2951,2952,2953,2954,2955,2956,2957,-423,2958,-421,2959,-419,2960,2961,-416,2962,2963,-2102,2964,2965,-2099,2966,2967,2968,2969,-2094,2970,-2370,2971,-2368,2972,-2366,2973,2974,2975,-2362,2976,2977,-2359,2978,-2357,2979,-2355,2980,-2353,2981,-2351,2982,-2349,2983,-2347,2984]],"properties":{"Regionalização pop. 2025 — RegionalizaçãoMG2025_Microrregião de Saúde":"TEÓFILO OTONI/MALACACHETA","NM_RGI":"Teófilo Otoni","Regionalização pop. 2025 — RegionalizaçãoMG2025_Macrorregião de Saúde":"NORDESTE","NM_MUN":"Ouro Verde de Minas","AREA_KM2":175.482,"Regionalização pop. 2025 — RegionalizaçãoMG2025_POPULAÇÃO CENSO DEMOGRÁFICO (IBGE/2022)":5757,"Regionalização pop. 2025 — RegionalizaçãoMG2025_POPULAÇÃO CENSO DEMOGRÁFICO (IBGE/2025)":5847,"Hospitais de Referência":["Hospital Bom Samaritano (Teófilo Otoni – oncologia)","Hospital Regional de Teófilo Otoni (HRTO – gestão Instituto Mário Penna, inaugurado em 2026, referência macrorregional para os 57 municípios do Nordeste de Minas: trauma, neurocirurgia, ortopedia, queimados, AVC)","hospitais de Nanuque e Almenara conforme regulação regional"],"name":"TEÓFILO OTONI/MALACACHETA"}},{"type":"Polygon","arcs":[[2985,2986,2987,2988,2989,2990,2991,2992,2993,-821,2994,-819,2995,-817,2996,2997,-814,2998,-812,2999,-810,3000,-808,3001,3002,3003,3004,3005,3006,3007,3008,3009,3010,3011,3012,3013,3014,3015,3016,3017,3018,3019,3020,3021,-1434,3022,-1432,3023,-1950,3024,-1948,3025]],"properties":{"Regionalização pop. 2025 — RegionalizaçãoMG2025_Microrregião de Saúde":"LIMA DUARTE","NM_RGI":"Juiz de Fora","Regionalização pop. 2025 — RegionalizaçãoMG2025_Macrorregião de Saúde":"SUDESTE","NM_MUN":"Santa Rita de Jacutinga","AREA_KM2":420.94,"Regionalização pop. 2025 — RegionalizaçãoMG2025_POPULAÇÃO CENSO DEMOGRÁFICO (IBGE/2022)":4755,"Regionalização pop. 2025 — RegionalizaçãoMG2025_POPULAÇÃO CENSO DEMOGRÁFICO (IBGE/2025)":4826,"Hospitais de Referência":["Casa de Caridade de Carangola","Casa de Caridade de Muriaé (Hospital do Câncer de Muriaé)","Hospital Regional João Penido / rede de urgência de Juiz de Fora","Hospital Santa Isabel (Ubá)","Hospital e Maternidade Therezinha de Jesus (Juiz de Fora)"],"name":"LIMA DUARTE"}},{"type":"Polygon","arcs":[[3026,3027,3028,3029,3030,3031,3032,3033,3034,-1841,3035,-1839,3036,3037,3038,3039,3040,3041,3042,3043,3044,3045,3046,3047,3048,3049,3050,3051,3052,3053,3054,3055,3056,3057,3058,3059,3060,3061,3062,-1889,3063,-1887,3064,-1885,3065,-1883,3066,-1881,3067,-1879,3068,-1877,3069,3070,-1874,3071,-598,3072,-596,3073,-594,3074,-592,3075,3076]],"properties":{"Regionalização pop. 2025 — RegionalizaçãoMG2025_Microrregião de Saúde":"FORMIGA","NM_RGI":"Formiga","Regionalização pop. 2025 — RegionalizaçãoMG2025_Macrorregião de Saúde":"OESTE","NM_MUN":"Tapiraí","AREA_KM2":407.92,"Regionalização pop. 2025 — RegionalizaçãoMG2025_POPULAÇÃO CENSO DEMOGRÁFICO (IBGE/2022)":1690,"Regionalização pop. 2025 — RegionalizaçãoMG2025_POPULAÇÃO CENSO DEMOGRÁFICO (IBGE/2025)":1698,"Hospitais de Referência":["Hospital Manoel Gonçalves (Itaúna)","Hospital Nossa Senhora da Conceição (Pará de Minas)","Hospital Regional de Divinópolis (HRD – entregue em 2026, integrado à rede EBSERH/UFSJ, referência macrorregional para AVC Tipo III e alta complexidade)","Hospital São Carlos (Lagoa da Prata)","Hospital São João de Deus (Divinópolis)","Hospital São Luiz (Formiga)","Santa Casa de Campo Belo"],"name":"FORMIGA"}},{"type":"Polygon","arcs":[[3077,3078,3079,3080,3081,3082,3083,3084,3085,3086,3087,3088,3089,3090,3091,3092,3093,3094,3095,-2146,3096,-2144,3097,-2655,3098,-2653,3099,3100,-2650,3101,-2648,3102,-2646,3103,3104,3105,3106]],"properties":{"Regionalização pop. 2025 — RegionalizaçãoMG2025_Microrregião de Saúde":"SÃO SEBASTIÃO DO PARAÍSO","NM_RGI":"São Sebastião do Paraíso","Regionalização pop. 2025 — RegionalizaçãoMG2025_Macrorregião de Saúde":"SUDOESTE","NM_MUN":"São Sebastião do Paraíso","AREA_KM2":814.925,"Regionalização pop. 2025 — RegionalizaçãoMG2025_POPULAÇÃO CENSO DEMOGRÁFICO (IBGE/2022)":71796,"Regionalização pop. 2025 — RegionalizaçãoMG2025_POPULAÇÃO CENSO DEMOGRÁFICO (IBGE/2025)":75179,"Hospitais de Referência":["Irmandade da Santa Casa de Misericórdia de Passos (referência AVC Tipo III)","Santa Casa de Misericórdia de Piumhi","Santa Casa de Misericórdia de São Sebastião do Paraíso"],"name":"SÃO SEBASTIÃO DO PARAÍSO"}},{"type":"MultiPolygon","arcs":[[[3107,3108,-450,3109,-448,3110,-446,3111,-444,3112,-442,3113,-440,3114,3115,3116,3117,3118,-143,3119,-141,3120,-139,3121,-137,3122,-455,3123,-453]],[[-465,3124,-463,3125,3126,-460,3127,3128,3129,-133,3130,3131,-130,3132,-128,3133,-126,3134,-124,3135,3136,3137,3138,3139,3140,3141,3142,3143,3144,3145,3146,3147,3148,3149,3150,3151,3152,3153,3154,3155,3156,3157,3158,3159,3160,3161,3162,3163,3164,3165,3166,3167,3168,3169,3170,3171,3172,3173,3174,3175,3176,3177,3178,3179,3180,3181,3182,3183,3184,3185,3186,3187,3188,3189,3190,3191,3192,3193,3194,3195,3196,3197,3198,3199,3200,-1480,3201,-1478,3202,-1476,3203,-1474,3204,-1472,3205,3206,3207,3208,3209,3210,3211,3212,3213,3214,3215,3216,3217,3218,3219,3220,3221,3222,3223,3224,3225,3226,3227,3228,3229,3230,3231,3232,3233,3234,3235,3236,-493,3237,-491,3238,3239,-488,3240,3241,-485,3242,3243,-482,3244,-480,3245,3246,-477,3247,-475,3248,-473,3249,-471,3250,-469,3251,-467,3252]]],"properties":{"Regionalização pop. 2025 — RegionalizaçãoMG2025_Microrregião de Saúde":"DIAMANTINA/ITAMARANDIBA","NM_RGI":"Sete Lagoas","Regionalização pop. 2025 — RegionalizaçãoMG2025_Macrorregião de Saúde":"JEQUITINHONHA","NM_MUN":"Congonhas do Norte","AREA_KM2":405.671,"Regionalização pop. 2025 — RegionalizaçãoMG2025_POPULAÇÃO CENSO DEMOGRÁFICO (IBGE/2022)":4831,"Regionalização pop. 2025 — RegionalizaçãoMG2025_POPULAÇÃO CENSO DEMOGRÁFICO (IBGE/2025)":4924,"Hospitais de Referência":["Santa Casa de Caridade de Diamantina","hospitais de Araçuaí e Capelinha, conforme regulação"],"name":"DIAMANTINA/ITAMARANDIBA"}},{"type":"Polygon","arcs":[[3253,3254,3255,3256,3257,3258,3259,3260,3261,3262,3263,3264,3265,3266,3267,3268,3269,-2629,3270,-2627,3271,-2625,3272,-2623,3273,-2621,3274,3275,3276,3277,3278,3279,3280,3281,3282,3283,3284,3285,3286,3287,3288,3289,3290,3291,3292,3293,3294,3295,3296,3297,3298,3299,3300,3301,3302,-3050,3303,-3048,3304,-3046,3305,3306,-3043,3307,3308,3309,-3039,3310,-1836,3311,3312,3313,-1714,3314,3315,-1711,3316,-1709,3317,-1707]],"properties":{"Regionalização pop. 2025 — RegionalizaçãoMG2025_Microrregião de Saúde":"PIUMHI","NM_RGI":"Piumhi","Regionalização pop. 2025 — RegionalizaçãoMG2025_Macrorregião de Saúde":"SUDOESTE","NM_MUN":"Capitólio","AREA_KM2":521.802,"Regionalização pop. 2025 — RegionalizaçãoMG2025_POPULAÇÃO CENSO DEMOGRÁFICO (IBGE/2022)":10380,"Regionalização pop. 2025 — RegionalizaçãoMG2025_POPULAÇÃO CENSO DEMOGRÁFICO (IBGE/2025)":10991,"Hospitais de Referência":["Irmandade da Santa Casa de Misericórdia de Passos (referência AVC Tipo III)","Santa Casa de Misericórdia de Piumhi","Santa Casa de Misericórdia de São Sebastião do Paraíso"],"name":"PIUMHI"}},{"type":"Polygon","arcs":[[-117,3318,-115,3319,-113,3320,3321,3322,-109,3323,-107,3324,3325,3326,-103,3327,-101,3328,-99,3329,-97,3330,3331,3332,3333,-92,3334,-90,3335,-88,3336,3337,3338,3339,3340,3341,3342,3343,3344,3345,3346,3347,3348,-209,3349,-207,3350,3351,-204,3352,-202,3353,3354,3355,3356,3357,-331,3358,3359,3360,3361,3362,3363,3364,3365,3366,3367,3368,3369,3370,3371,3372,3373,3374,3375,3376,3377,-3148,3378,-3146,3379,-3144,3380,-3142,3381,3382,-3139,3383,3384,-121,3385,-119,3386]],"properties":{"Regionalização pop. 2025 — RegionalizaçãoMG2025_Microrregião de Saúde":"CURVELO","NM_RGI":"Curvelo","Regionalização pop. 2025 — RegionalizaçãoMG2025_Macrorregião de Saúde":"CENTRO","NM_MUN":"Felixlândia","AREA_KM2":1554.627,"Regionalização pop. 2025 — RegionalizaçãoMG2025_POPULAÇÃO CENSO DEMOGRÁFICO (IBGE/2022)":13978,"Regionalização pop. 2025 — RegionalizaçãoMG2025_POPULAÇÃO CENSO DEMOGRÁFICO (IBGE/2025)":14280,"Hospitais de Referência":["Hospital local de Curvelo / região","Hospital Municipal/Metropolitano da região","Hospital João XXIII (Belo Horizonte) - via SUS Fácil","Hospitais de Belo Horizonte via SUS Fácil"],"name":"CURVELO"}},{"type":"Polygon","arcs":[[3387,-429,3388,3389,-426,3390,-2956,3391,-2954,3392,-2952,3393,3394,-2949,3395,-2947,3396,-2945,3397,-2943,3398,3399,-2940,3400,3401,-2937,3402,-2935,3403,3404,-1059,3405,-1057,3406,-1099,3407,3408,-433,3409,-431]],"properties":{"Regionalização pop. 2025 — RegionalizaçãoMG2025_Microrregião de Saúde":"ÁGUAS FORMOSAS","NM_RGI":"Águas Formosas","Regionalização pop. 2025 — RegionalizaçãoMG2025_Macrorregião de Saúde":"NORDESTE","NM_MUN":"Crisólita","AREA_KM2":966.202,"Regionalização pop. 2025 — RegionalizaçãoMG2025_POPULAÇÃO CENSO DEMOGRÁFICO (IBGE/2022)":5265,"Regionalização pop. 2025 — RegionalizaçãoMG2025_POPULAÇÃO CENSO DEMOGRÁFICO (IBGE/2025)":5256,"Hospitais de Referência":["Hospital Bom Samaritano (Teófilo Otoni – oncologia)","Hospital Regional de Teófilo Otoni (HRTO – gestão Instituto Mário Penna, inaugurado em 2026, referência macrorregional para os 57 municípios do Nordeste de Minas: trauma, neurocirurgia, ortopedia, queimados, AVC)","hospitais de Nanuque e Almenara conforme regulação regional"],"name":"ÁGUAS FORMOSAS"}},{"type":"Polygon","arcs":[[3410,3411,3412,3413,3414,3415,3416,3417,3418,3419,3420,3421,3422,3423,3424,3425,3426,3427,3428,3429,3430,3431,3432,3433,3434,3435,3436,3437,3438,3439,3440,3441,3442,3443,3444,3445,3446,3447,-3290,3448,-3288,3449,-3286,3450,-3284,3451,3452,3453,-3280,3454,-3278,3455,-3276,3456,-2619,3457,3458,-2616,3459,-2614,3460]],"properties":{"Regionalização pop. 2025 — RegionalizaçãoMG2025_Microrregião de Saúde":"UBERABA","NM_RGI":"Uberaba","Regionalização pop. 2025 — RegionalizaçãoMG2025_Macrorregião de Saúde":"TRIÂNGULO DO SUL","NM_MUN":"Conquista","AREA_KM2":618.363,"Regionalização pop. 2025 — RegionalizaçãoMG2025_POPULAÇÃO CENSO DEMOGRÁFICO (IBGE/2022)":6694,"Regionalização pop. 2025 — RegionalizaçãoMG2025_POPULAÇÃO CENSO DEMOGRÁFICO (IBGE/2025)":6878,"Hospitais de Referência":["Hospital de Clínicas de Uberaba / HC-UFTM (Uberaba)","regulação para Uberlândia quando necessário"],"name":"UBERABA"}},{"type":"Polygon","arcs":[[-3005,3461,-3003,3462,-806,3463,-804,3464,-802,3465,-800,3466,3467,3468,3469,3470,3471,3472,3473,3474,3475,3476,3477,3478,3479,-1767,3480,-1765,3481,-1763,3482,-1761,3483,-1759,3484,-1757,3485,3486,3487,-1442,3488,-1440,3489,-1438,3490,-1436,3491,-3021,3492,-3019,3493,-3017,3494,-3015,3495,-3013,3496,-3011,3497,3498,-3008,3499,3500]],"properties":{"Regionalização pop. 2025 — RegionalizaçãoMG2025_Microrregião de Saúde":"BARBACENA","NM_RGI":"Barbacena","Regionalização pop. 2025 — RegionalizaçãoMG2025_Macrorregião de Saúde":"CENTRO SUL","NM_MUN":"Antônio Carlos","AREA_KM2":529.915,"Regionalização pop. 2025 — RegionalizaçãoMG2025_POPULAÇÃO CENSO DEMOGRÁFICO (IBGE/2022)":11095,"Regionalização pop. 2025 — RegionalizaçãoMG2025_POPULAÇÃO CENSO DEMOGRÁFICO (IBGE/2025)":11350,"Hospitais de Referência":["Hospital Regional de Barbacena Dr. José Américo (Complexo Hospitalar de Barbacena – trauma, ortopedia, queimados, AVC)","Hospital Regional de Conselheiro Lafaiete (obra em conclusão, previsão de entrega até o fim de 2026)","Hospital e Maternidade São José (Conselheiro Lafaiete)","Santa Casa de Misericórdia de São João del Rei"],"name":"BARBACENA"}},{"type":"Polygon","arcs":[[3501,3502,3503,3504,3505,3506,3507,3508,3509,3510,3511,3512,3513,3514,3515,3516,3517,3518,3519,-1736,3520,-1822,3521,-1820,3522,-1818,3523,3524,-1815,3525,3526,3527,3528,3529,3530,3531,3532,3533,3534,3535,3536,3537,3538,3539,3540,3541,3542,3543,3544,3545,3546,3547,3548,3549,3550]],"properties":{"Regionalização pop. 2025 — RegionalizaçãoMG2025_Microrregião de Saúde":"LEOPOLDINA/CATAGUASES","NM_RGI":"Cataguases","Regionalização pop. 2025 — RegionalizaçãoMG2025_Macrorregião de Saúde":"SUDESTE","NM_MUN":"Astolfo Dutra","AREA_KM2":158.891,"Regionalização pop. 2025 — RegionalizaçãoMG2025_POPULAÇÃO CENSO DEMOGRÁFICO (IBGE/2022)":14138,"Regionalização pop. 2025 — RegionalizaçãoMG2025_POPULAÇÃO CENSO DEMOGRÁFICO (IBGE/2025)":14633,"Hospitais de Referência":["Casa de Caridade de Carangola","Casa de Caridade de Muriaé (Hospital do Câncer de Muriaé)","Hospital Regional João Penido / rede de urgência de Juiz de Fora","Hospital Santa Isabel (Ubá)","Hospital e Maternidade Therezinha de Jesus (Juiz de Fora)"],"name":"LEOPOLDINA/CATAGUASES"}},{"type":"Polygon","arcs":[[3551,-2148,3552,3553,-3094,3554,-3092,3555,-3090,3556,-3088,3557,-3086,3558,-3084,3559,-3082,3560,3561,-3079,3562,-3107,3563,3564,-2643,3565,-2641,3566,3567,-2638,3568,3569,-2635,3570,-2633,3571,3572,3573,-3269,3574,3575,-3266,3576,-3264,3577,-3262,3578,3579,-3259,3580,-3257,3581,-3255,3582,-1705,3583,-1703,3584,-1566,3585,3586,3587,-1562,3588,-1560,3589,-1558,3590,3591,-1555,3592,3593,3594,-1551,3595,-1549,3596,-1547,3597,-1545,3598,3599,-2155,3600,-2153,3601,-2151,3602]],"properties":{"Regionalização pop. 2025 — RegionalizaçãoMG2025_Microrregião de Saúde":"PASSOS","NM_RGI":"Passos","Regionalização pop. 2025 — RegionalizaçãoMG2025_Macrorregião de Saúde":"SUDOESTE","NM_MUN":"São João Batista do Glória","AREA_KM2":547.908,"Regionalização pop. 2025 — RegionalizaçãoMG2025_POPULAÇÃO CENSO DEMOGRÁFICO (IBGE/2022)":7652,"Regionalização pop. 2025 — RegionalizaçãoMG2025_POPULAÇÃO CENSO DEMOGRÁFICO (IBGE/2025)":7959,"Hospitais de Referência":["Irmandade da Santa Casa de Misericórdia de Passos (referência AVC Tipo III)","Santa Casa de Misericórdia de Piumhi","Santa Casa de Misericórdia de São Sebastião do Paraíso"],"name":"PASSOS"}},{"type":"MultiPolygon","arcs":[[[3603,-868,3604,3605,-865,3606,-863,3607,3608,-860,3609,3610,3611,3612,-191,3613,-189,3614,3615,-186,3616,-184,3617,-182,3618,-180,3619,-178,3620,-176,3621,-174,3622,-876,3623,-874,3624,-872,3625,-870]],[[-887,3626,-885,3627,3628,3629,-158,3630,-156,3631,-154,3632,-152,3633,-150,3634,-148,3635,-146,3636,3637,-3118,3638,-3116,3639,-438,3640,-436,3641,3642,3643,-939,3644,-937,3645,-891,3646,-889,3647]]],"properties":{"Regionalização pop. 2025 — RegionalizaçãoMG2025_Microrregião de Saúde":"VESPASIANO/LAGOA SANTA","NM_RGI":"Belo Horizonte","Regionalização pop. 2025 — RegionalizaçãoMG2025_Macrorregião de Saúde":"CENTRO","NM_MUN":"Pedro Leopoldo","AREA_KM2":292.81,"Regionalização pop. 2025 — RegionalizaçãoMG2025_POPULAÇÃO CENSO DEMOGRÁFICO (IBGE/2022)":62580,"Regionalização pop. 2025 — RegionalizaçãoMG2025_POPULAÇÃO CENSO DEMOGRÁFICO (IBGE/2025)":65174,"Hospitais de Referência":["Hospital das Clínicas da UFMG (Belo Horizonte)","Santa Casa de Belo Horizonte (Belo Horizonte) - via SUS Fácil","Hospital João XXIII (Belo Horizonte) e demais hospitais de Belo Horizonte via SUS Fácil"],"name":"VESPASIANO/LAGOA SANTA"}},{"type":"Polygon","arcs":[[3648,3649,-2272,3650,-2270,3651,3652,3653,-2266,3654,-2264,3655,3656,-2261,3657,-2259,3658,-2257,3659,3660,-2254,3661,3662,-2251,3663,-2249,3664,3665,-1354,3666,-1352,3667,3668,-1349,3669,-1347,3670,-1345,3671,-1343,3672,-1341,3673,3674,-1338,3675,-1336,3676,3677,-2105,3678]],"properties":{"Regionalização pop. 2025 — RegionalizaçãoMG2025_Microrregião de Saúde":"RESPLENDOR","NM_RGI":"Governador Valadares","Regionalização pop. 2025 — RegionalizaçãoMG2025_Macrorregião de Saúde":"LESTE","NM_MUN":"Goiabeira","AREA_KM2":112.443,"Regionalização pop. 2025 — RegionalizaçãoMG2025_POPULAÇÃO CENSO DEMOGRÁFICO (IBGE/2022)":2830,"Regionalização pop. 2025 — RegionalizaçãoMG2025_POPULAÇÃO CENSO DEMOGRÁFICO (IBGE/2025)":2859,"Hospitais de Referência":["Hospital Municipal de Governador Valadares (referência regional atual)","Hospital Regional de Governador Valadares (HRGV, em construção – 226 leitos, trauma/AVC/UTI, previsão de conclusão até o fim de 2026, referência para 51 municípios)"],"name":"RESPLENDOR"}},{"type":"Polygon","arcs":[[-1385,3679,-1417,3680,-1415,3681,3682,-1412,3683,-1621,3684,-1619,3685,-1617,3686,-1615,3687,-1613,3688,-1611,3689,-1609,3690,-1607,3691,-1605,3692,-1603,3693,-1601,3694,-1599,3695,-1597,3696,-2289,3697,-2287,3698,-2285,3699,-2283,3700,-2333,3701,-2331,3702,3703,-2328,3704,3705,3706,3707,-2000,3708,-1998,3709,-1996,3710,-1994,3711,-1992,3712,3713,-1989,3714,-1987,3715,3716,-1984,3717]],"properties":{"Regionalização pop. 2025 — RegionalizaçãoMG2025_Microrregião de Saúde":"POUSO ALEGRE/SANTA RITA DO SAPUCAÍ","NM_RGI":"Pouso Alegre","Regionalização pop. 2025 — RegionalizaçãoMG2025_Macrorregião de Saúde":" EXTREMO SUL","NM_MUN":"Espírito Santo do Dourado","AREA_KM2":263.879,"Regionalização pop. 2025 — RegionalizaçãoMG2025_POPULAÇÃO CENSO DEMOGRÁFICO (IBGE/2022)":6611,"Regionalização pop. 2025 — RegionalizaçãoMG2025_POPULAÇÃO CENSO DEMOGRÁFICO (IBGE/2025)":7132,"Hospitais de Referência":["Complexo Hospitalar Samuel Libânio (Pouso Alegre)","Hospital de Clínicas de Itajubá (AISI)","Santa Casa de Misericórdia de Poços de Caldas"],"name":"POUSO ALEGRE/SANTA RITA DO SAPUCAÍ"}},{"type":"Polygon","arcs":[[-1795,3718,-1793,3719,-1791,3720,-1789,3721,-1787,3722,-1785,3723,-1783,3724,-1781,3725,3726,3727,3728,3729,3730,3731,3732,3733,3734,3735,3736,3737,3738,3739,3740,3741,3742,3743,3744,3745,3746,3747,3748,3749,3750,3751,3752,3753,3754,3755,3756,3757,-1803,3758,-1801,3759,-1799,3760,-1797,3761]],"properties":{"Regionalização pop. 2025 — RegionalizaçãoMG2025_Microrregião de Saúde":"VIÇOSA","NM_RGI":"Viçosa","Regionalização pop. 2025 — RegionalizaçãoMG2025_Macrorregião de Saúde":"LESTE DO SUL","NM_MUN":"Pedra do Anta","AREA_KM2":173.168,"Regionalização pop. 2025 — RegionalizaçãoMG2025_POPULAÇÃO CENSO DEMOGRÁFICO (IBGE/2022)":3311,"Regionalização pop. 2025 — RegionalizaçãoMG2025_POPULAÇÃO CENSO DEMOGRÁFICO (IBGE/2025)":3366,"Hospitais de Referência":["Hospital Antônio Gonçalves Ferreira / HAGF (Ponte Nova)","grade pactuada em dez/2021 (Deliberação CIB-SUS/MG)","regulação para Governador Valadares ou Belo Horizonte conforme gravidade"],"name":"VIÇOSA"}},{"type":"Polygon","arcs":[[3762,3763,3764,3765,3766,3767,3768,3769,3770,3771,3772,3773,3774,3775,3776,3777,-3431,3778,3779,-3428,3780,-3426,3781,-3424,3782,-3422,3783,-3420,3784,-3418,3785,-3416,3786,-3414,3787,3788,3789,3790,-633,3791,-700,3792,-698,3793,3794,-695,3795,-693,3796,-691,3797,-689,3798,3799,3800,-685,3801,-683,3802,-681,3803,-679,3804,3805,3806,3807,3808,3809,3810,3811]],"properties":{"Regionalização pop. 2025 — RegionalizaçãoMG2025_Microrregião de Saúde":"UBERLÂNDIA/ARAGUARI","NM_RGI":"Uberlândia","Regionalização pop. 2025 — RegionalizaçãoMG2025_Macrorregião de Saúde":"TRIÂNGULO DO NORTE","NM_MUN":"Tupaciguara","AREA_KM2":1822.53,"Regionalização pop. 2025 — RegionalizaçãoMG2025_POPULAÇÃO CENSO DEMOGRÁFICO (IBGE/2022)":25470,"Regionalização pop. 2025 — RegionalizaçãoMG2025_POPULAÇÃO CENSO DEMOGRÁFICO (IBGE/2025)":26583,"Hospitais de Referência":["Hospital de Clínicas da UFU (Uberlândia – alta complexidade, trauma, IAM, AVC)","hospitais de Araguari e Ituiutaba"],"name":"UBERLÂNDIA/ARAGUARI"}},{"type":"Polygon","arcs":[[3812,3813,3814,3815,3816,3817,3818,3819,-853,3820,3821,3822,3823,3824,3825]],"properties":{"Regionalização pop. 2025 — RegionalizaçãoMG2025_Microrregião de Saúde":"CONTAGEM","NM_RGI":"Belo Horizonte","Regionalização pop. 2025 — RegionalizaçãoMG2025_Macrorregião de Saúde":"CENTRO","NM_MUN":"Sarzedo","AREA_KM2":62.134,"Regionalização pop. 2025 — RegionalizaçãoMG2025_POPULAÇÃO CENSO DEMOGRÁFICO (IBGE/2022)":36844,"Regionalização pop. 2025 — RegionalizaçãoMG2025_POPULAÇÃO CENSO DEMOGRÁFICO (IBGE/2025)":39974,"Hospitais de Referência":["Hospital Municipal de Contagem (Contagem)","Hospital Municipal/Regional de Ibirité (Ibirité)","Hospital João XXIII (Belo Horizonte)","Hospital João XXIII (Belo Horizonte) - após contato e via SUS Fácil","Hospital das Clínicas da UFMG (Belo Horizonte)","Santa Casa de Belo Horizonte (Belo Horizonte)","Hospitais de Belo Horizonte via SUS Fácil"],"name":"CONTAGEM"}},{"type":"Polygon","arcs":[[3826,3827,3828,3829,3830,3831,3832,3833,3834,3835,3836,3837,3838,3839,-2760,3840,-2758,3841,-2756,3842,-2754,3843,-4,3844,-2,3845,-199,3846,-197,3847,-195,3848,-193,3849,3850,-3611,3851,-857,3852,-855,3853,-3819,3854,3855,-3816,3856,-3814,3857,-3826,3858,3859,-3823,3860,3861,-851,3862,-2670,3863,-842,3864,-840,3865,-838,3866,-836,3867,3868,-720,3869,3870,-717,3871,-715,3872,3873,3874,3875,3876,3877,3878]],"properties":{"Regionalização pop. 2025 — RegionalizaçãoMG2025_Microrregião de Saúde":"BETIM","NM_RGI":"Oliveira","Regionalização pop. 2025 — RegionalizaçãoMG2025_Macrorregião de Saúde":"CENTRO","NM_MUN":"Piedade dos Gerais","AREA_KM2":259.638,"Regionalização pop. 2025 — RegionalizaçãoMG2025_POPULAÇÃO CENSO DEMOGRÁFICO (IBGE/2022)":5019,"Regionalização pop. 2025 — RegionalizaçãoMG2025_POPULAÇÃO CENSO DEMOGRÁFICO (IBGE/2025)":5199,"Hospitais de Referência":["Hospitais de Belo Horizonte via SUS Fácil","Hospitais de Belo Horizonte via SUS Fácil (Hospital João XXIII, Hospital das Clínicas da UFMG, Santa Casa de Belo Horizonte)","Hospital João XXIII (Belo Horizonte) - via SUS Fácil","Hospital Público Regional de Betim (Betim)"],"name":"BETIM"}},{"type":"Polygon","arcs":[[3879,3880,3881,-1664,3882,-1662,3883,-1660,3884,-1658,3885,-1722,3886,-1720,3887,3888,3889,-1829,3890,3891,-1826,3892,-1824,3893,-1868,3894,-1866,3895,-1864,3896,-1862,3897,-2169,3898,-2167,3899,-2165,3900,-2163,3901,-778,3902,-776,3903,-774,3904,3905,-771,3906,-769,3907,-767,3908,-765,3909,-763,3910,-761,3911,-759,3912,3913,-756,3914,3915,3916,3917,3918,3919,3920]],"properties":{"Regionalização pop. 2025 — RegionalizaçãoMG2025_Microrregião de Saúde":"LAVRAS","NM_RGI":"Lavras","Regionalização pop. 2025 — RegionalizaçãoMG2025_Macrorregião de Saúde":"SUL","NM_MUN":"Carrancas","AREA_KM2":727.894,"Regionalização pop. 2025 — RegionalizaçãoMG2025_POPULAÇÃO CENSO DEMOGRÁFICO (IBGE/2022)":4049,"Regionalização pop. 2025 — RegionalizaçãoMG2025_POPULAÇÃO CENSO DEMOGRÁFICO (IBGE/2025)":4161,"Hospitais de Referência":["Hospitais polos de Varginha","Hospital Universitário Alfenas / HAVelano (Alfenas)","hospitais de Três Corações e São Lourenço, conforme regulação CISSUL e grades regionais"],"name":"LAVRAS"}},{"type":"Polygon","arcs":[[-2010,3921,-2008,3922,-2006,3923,-2004,3924,-2002,3925,-3707,3926,3927,-2326,3928,-2324,3929,-2322,3930,-2320,3931,3932,-1632,3933,-1687,3934,-1685,3935,-1683,3936,-1681,3937,-1679,3938,-1677,3939,-1675,3940,-1673,3941,-1671,3942,-1669,3943,-1667,3944,3945,-3881,3946,-3921,3947,3948,-3918,3949,3950,-3915,3951,-831,3952,-829,3953,3954,-826,3955,3956,-823,3957,3958,-2992,3959,-2990,3960,-2988,3961,-2986,3962]],"properties":{"Regionalização pop. 2025 — RegionalizaçãoMG2025_Microrregião de Saúde":"SÃO LOURENÇO","NM_RGI":"São Lourenço","Regionalização pop. 2025 — RegionalizaçãoMG2025_Macrorregião de Saúde":"SUL","NM_MUN":"Soledade de Minas","AREA_KM2":196.866,"Regionalização pop. 2025 — RegionalizaçãoMG2025_POPULAÇÃO CENSO DEMOGRÁFICO (IBGE/2022)":5613,"Regionalização pop. 2025 — RegionalizaçãoMG2025_POPULAÇÃO CENSO DEMOGRÁFICO (IBGE/2025)":5733,"Hospitais de Referência":["Hospitais polos de Varginha","Hospital Universitário Alfenas / HAVelano (Alfenas)","hospitais de Três Corações e São Lourenço, conforme regulação CISSUL e grades regionais"],"name":"SÃO LOURENÇO"}},{"type":"Polygon","arcs":[[3963,3964,3965,3966,3967,3968,3969,3970,3971,3972,3973,-3757,3974,-3755,3975,-3753,3976,-3751,3977,3978,3979,3980,3981,3982,3983,-2218,3984,-2216,3985,3986,-2213,3987,-2211,3988,-2209,3989,-2207,3990,-2205,3991,3992,-2280,3993,-2278,3994,-2276,3995,3996,3997,3998,3999,4000,4001,4002]],"properties":{"Regionalização pop. 2025 — RegionalizaçãoMG2025_Microrregião de Saúde":"CARANGOLA","NM_RGI":"Carangola","Regionalização pop. 2025 — RegionalizaçãoMG2025_Macrorregião de Saúde":"SUDESTE","NM_MUN":"Carangola","AREA_KM2":353.404,"Regionalização pop. 2025 — RegionalizaçãoMG2025_POPULAÇÃO CENSO DEMOGRÁFICO (IBGE/2022)":31240,"Regionalização pop. 2025 — RegionalizaçãoMG2025_POPULAÇÃO CENSO DEMOGRÁFICO (IBGE/2025)":32134,"Hospitais de Referência":["Casa de Caridade de Carangola","Casa de Caridade de Muriaé (Hospital do Câncer de Muriaé)","Hospital Regional João Penido / rede de urgência de Juiz de Fora","Hospital Santa Isabel (Ubá)","Hospital e Maternidade Therezinha de Jesus (Juiz de Fora)"],"name":"CARANGOLA"}},{"type":"Polygon","arcs":[[4003,4004,4005,4006,4007,4008,4009,4010,4011,4012,4013,4014,4015,4016,-392,4017,-390,4018,4019,-387,4020,-385,4021,-383,4022,-381,4023,-379,4024,-377,4025,-375,4026,4027,4028,-371,4029,4030,4031,4032,4033,4034,4035,4036,4037,4038,4039,4040,4041,4042,4043,4044,4045,4046,4047,4048,4049,4050,4051,4052,-261,4053,-259,4054,4055,-1164,4056,-1162,4057,4058,-1159,4059,-1157,4060,-1155,4061,-1153,4062,4063,-1150,4064,-1148,4065,-1146,4066,4067,-1143,4068,-1141,4069,-1139,4070,-1137,4071,4072,4073,-1133,4074,4075,4076,4077,4078,4079,4080,4081,4082,4083,4084,4085]],"properties":{"Regionalização pop. 2025 — RegionalizaçãoMG2025_Microrregião de Saúde":"UNAÍ/PARACATU","NM_RGI":"Unaí","Regionalização pop. 2025 — RegionalizaçãoMG2025_Macrorregião de Saúde":"NOROESTE","NM_MUN":"Unaí","AREA_KM2":8445.432,"Regionalização pop. 2025 — RegionalizaçãoMG2025_POPULAÇÃO CENSO DEMOGRÁFICO (IBGE/2022)":86619,"Regionalização pop. 2025 — RegionalizaçãoMG2025_POPULAÇÃO CENSO DEMOGRÁFICO (IBGE/2025)":91320,"Hospitais de Referência":["Hospital Municipal de Paracatu","Hospital Regional Antônio Dias (Patos de Minas – trauma/ortopedia)"],"name":"UNAÍ/PARACATU"}},{"type":"Polygon","arcs":[[-2181,4086,-2179,4087,-2177,4088,4089,4090,-1854,4091,-1852,4092,-1850,4093,4094,4095,-1846,4096,4097,-1843,4098,-3034,4099,-3032,4100,-3030,4101,-3028,4102,-3077,4103,4104,-589,4105,4106,-586,4107,-584,4108,-582,4109,-631,4110,-629,4111,-627,4112,-625,4113,-623,4114,-621,4115,-619,4116,4117,4118,4119,-1940,4120,-1938,4121,-2727,4122,4123,-2724,4124,-2722,4125,-2720,4126,-2775,4127,-2773,4128,-2771,4129,4130,4131,4132,4133,4134,4135,4136,4137,4138,4139,4140,-2188,4141,-2186,4142,4143,-2183,4144]],"properties":{"Regionalização pop. 2025 — RegionalizaçãoMG2025_Microrregião de Saúde":"DIVINÓPOLIS","NM_RGI":"Divinópolis","Regionalização pop. 2025 — RegionalizaçãoMG2025_Macrorregião de Saúde":"OESTE","NM_MUN":"Araújos","AREA_KM2":245.522,"Regionalização pop. 2025 — RegionalizaçãoMG2025_POPULAÇÃO CENSO DEMOGRÁFICO (IBGE/2022)":9199,"Regionalização pop. 2025 — RegionalizaçãoMG2025_POPULAÇÃO CENSO DEMOGRÁFICO (IBGE/2025)":9634,"Hospitais de Referência":["Hospital Manoel Gonçalves (Itaúna)","Hospital Nossa Senhora da Conceição (Pará de Minas)","Hospital Regional de Divinópolis (HRD – entregue em 2026, integrado à rede EBSERH/UFSJ, referência macrorregional para AVC Tipo III e alta complexidade)","Hospital São Carlos (Lagoa da Prata)","Hospital São João de Deus (Divinópolis)","Hospital São Luiz (Formiga)","Santa Casa de Campo Belo"],"name":"DIVINÓPOLIS"}},{"type":"Polygon","arcs":[[-1072,4145,-1070,4146,-1068,4147,-1066,4148,-2931,4149,-2033,4150,4151,-2030,4152,-2028,4153,-2525,4154,4155,-2522,4156,-2520,4157,-2518,4158,-2451,4159,4160,-2448,4161,4162,4163,4164,-2046,4165,-2044,4166,-2042,4167,-2082,4168,4169,-2079,4170,4171,-1076,4172,-1074,4173]],"properties":{"Regionalização pop. 2025 — RegionalizaçãoMG2025_Microrregião de Saúde":"ITAOBIM","NM_RGI":"Teófilo Otoni","Regionalização pop. 2025 — RegionalizaçãoMG2025_Macrorregião de Saúde":"NORDESTE","NM_MUN":"Ponto dos Volantes","AREA_KM2":1212.413,"Regionalização pop. 2025 — RegionalizaçãoMG2025_POPULAÇÃO CENSO DEMOGRÁFICO (IBGE/2022)":10883,"Regionalização pop. 2025 — RegionalizaçãoMG2025_POPULAÇÃO CENSO DEMOGRÁFICO (IBGE/2025)":11059,"Hospitais de Referência":["Hospital Bom Samaritano (Teófilo Otoni – oncologia)","Hospital Regional de Teófilo Otoni (HRTO – gestão Instituto Mário Penna, inaugurado em 2026, referência macrorregional para os 57 municípios do Nordeste de Minas: trauma, neurocirurgia, ortopedia, queimados, AVC)","hospitais de Nanuque e Almenara conforme regulação regional"],"name":"ITAOBIM"}},{"type":"Polygon","arcs":[[-1483,4174,-3199,4175,-3197,4176,4177,-3194,4178,4179,4180,-3190,4181,-3188,4182,-3186,4183,-3184,4184,-3182,4185,4186,-3179,4187,-3177,4188,4189,4190,-2554,4191,-2552,4192,-2550,4193,4194,4195,4196,-2608,4197,4198,-2506,4199,-2504,4200,-2502,4201,4202,-2499,4203,-2497,4204,-2549,4205,-2547,4206,-2545,4207,4208,4209,4210,-2910,4211,4212,4213,-2906,4214,-1487,4215,-1485,4216]],"properties":{"Regionalização pop. 2025 — RegionalizaçãoMG2025_Microrregião de Saúde":"TURMALINA/MINAS NOVAS/CAPELINHA","NM_RGI":"Capelinha","Regionalização pop. 2025 — RegionalizaçãoMG2025_Macrorregião de Saúde":"JEQUITINHONHA","NM_MUN":"Aricanduva","AREA_KM2":243.329,"Regionalização pop. 2025 — RegionalizaçãoMG2025_POPULAÇÃO CENSO DEMOGRÁFICO (IBGE/2022)":4719,"Regionalização pop. 2025 — RegionalizaçãoMG2025_POPULAÇÃO CENSO DEMOGRÁFICO (IBGE/2025)":4820,"Hospitais de Referência":["Santa Casa de Caridade de Diamantina","hospitais de Araçuaí e Capelinha, conforme regulação"],"name":"TURMALINA/MINAS NOVAS/CAPELINHA"}},{"type":"Polygon","arcs":[[4217,4218,-1977,4219,4220,-1974,4221,4222,-1971,4223,-1969,4224,4225,-1966,4226,-1964,4227,-1962,4228,-1742,4229,-1740,4230,-1738,4231,-3519,4232,-3517,4233,-3515,-3514,3513,-3512,4234,-3510,4235,-3508,4236,4237,4238,4239,4240,4241,4242,4243,4244,4245,4246,4247]],"properties":{"Regionalização pop. 2025 — RegionalizaçãoMG2025_Microrregião de Saúde":"SÃO JOÃO NEPOMUCENO","NM_RGI":"São João Nepomuceno - Bicas","Regionalização pop. 2025 — RegionalizaçãoMG2025_Macrorregião de Saúde":"SUDESTE","NM_MUN":"Descoberto","AREA_KM2":213.168,"Regionalização pop. 2025 — RegionalizaçãoMG2025_POPULAÇÃO CENSO DEMOGRÁFICO (IBGE/2022)":4928,"Regionalização pop. 2025 — RegionalizaçãoMG2025_POPULAÇÃO CENSO DEMOGRÁFICO (IBGE/2025)":5070,"Hospitais de Referência":["Casa de Caridade de Carangola","Casa de Caridade de Muriaé (Hospital do Câncer de Muriaé)","Hospital Regional João Penido / rede de urgência de Juiz de Fora","Hospital Santa Isabel (Ubá)","Hospital e Maternidade Therezinha de Jesus (Juiz de Fora)"],"name":"SÃO JOÃO NEPOMUCENO"}},{"type":"Polygon","arcs":[[-2586,4248,-2584,4249,-2582,4250,4251,-2816,4252,-2814,4253,-2812,4254,-2810,4255,-2808,4256,-2806,4257,-412,4258,4259,-409,4260,4261,-406,4262,4263,-403,4264,4265,-2838,4266,-2836,4267,-2834,4268,4269,4270,4271,4272,4273,4274,4275,4276,4277,4278,4279,4280,4281,-2593,4282,-2591,4283,-2589,4284,4285],[4286]],"properties":{"Regionalização pop. 2025 — RegionalizaçãoMG2025_Microrregião de Saúde":"JANAÚBA/MONTE AZUL","NM_RGI":"Espinosa","Regionalização pop. 2025 — RegionalizaçãoMG2025_Macrorregião de Saúde":"NORTE","NM_MUN":"Mamonas","AREA_KM2":284.365,"Regionalização pop. 2025 — RegionalizaçãoMG2025_POPULAÇÃO CENSO DEMOGRÁFICO (IBGE/2022)":5997,"Regionalização pop. 2025 — RegionalizaçãoMG2025_POPULAÇÃO CENSO DEMOGRÁFICO (IBGE/2025)":6082,"Hospitais de Referência":["Hospital Dr. Moisés Magalhães Freire (Pirapora)","Hospital Municipal Dr. Oswaldo Prediliano Santana (Salinas)","Hospital Regional de Janaúba","Hospital Santo Antônio (Taiobeiras)","Hospital das Clínicas Dr. Mário Ribeiro da Silveira (Montes Claros)","Santa Casa de Misericórdia de Montes Claros (referência AVC Tipo III e urgências)"],"name":"JANAÚBA/MONTE AZUL"}},{"type":"Polygon","arcs":[[-275,4287,-273,4288,-271,4289,-269,4290,-267,4291,4292,-264,4293,4294,-4052,4295,-4050,4296,-4048,4297,-4046,4298,-4044,4299,-4042,4300,-4040,4301,-4038,4302,-4036,4303,-4034,4304,-4032,4305,-4030,-370,4306,-368,4307,4308,-365,4309,-363,4310,4311,-360,4312,-358,4313,-356,4314,-354,4315,4316,4317,-2790,4318,-2788,4319,4320,4321,4322]],"properties":{"Regionalização pop. 2025 — RegionalizaçãoMG2025_Microrregião de Saúde":"SÃO FRANCISCO","NM_RGI":"São Francisco","Regionalização pop. 2025 — RegionalizaçãoMG2025_Macrorregião de Saúde":"NORTE","NM_MUN":"Icaraí de Minas","AREA_KM2":625.664,"Regionalização pop. 2025 — RegionalizaçãoMG2025_POPULAÇÃO CENSO DEMOGRÁFICO (IBGE/2022)":10677,"Regionalização pop. 2025 — RegionalizaçãoMG2025_POPULAÇÃO CENSO DEMOGRÁFICO (IBGE/2025)":10914,"Hospitais de Referência":["Hospital Dr. Moisés Magalhães Freire (Pirapora)","Hospital Municipal Dr. Oswaldo Prediliano Santana (Salinas)","Hospital Regional de Janaúba","Hospital Santo Antônio (Taiobeiras)","Hospital das Clínicas Dr. Mário Ribeiro da Silveira (Montes Claros)","Santa Casa de Misericórdia de Montes Claros (referência AVC Tipo III e urgências)"],"name":"SÃO FRANCISCO"}},{"type":"Polygon","arcs":[[-3296,4323,-3294,4324,-3292,4325,-3447,4326,-3445,4327,4328,-3442,4329,-3440,4330,-3438,4331,-3436,4332,-3434,4333,4334,-3777,4335,-3775,4336,-3773,4337,-3771,4338,-3769,4339,4340,4341,4342,4343,4344,4345,4346,4347,4348,4349,4350,4351,4352,4353,4354,4355,4356,4357,4358,-2469,4359,4360,-2466,4361,4362,-2463,4363,-2461,4364,4365,-2458,4366,4367,-1891,4368,-3062,4369,-3060,4370,-3058,4371,-3056,4372,-3054,4373,-3300,4374,-3298,4375]],"properties":{"Regionalização pop. 2025 — RegionalizaçãoMG2025_Microrregião de Saúde":"ARAXÁ","NM_RGI":"Araxá","Regionalização pop. 2025 — RegionalizaçãoMG2025_Macrorregião de Saúde":"TRIÂNGULO DO SUL","NM_MUN":"Tapira","AREA_KM2":1179.248,"Regionalização pop. 2025 — RegionalizaçãoMG2025_POPULAÇÃO CENSO DEMOGRÁFICO (IBGE/2022)":4118,"Regionalização pop. 2025 — RegionalizaçãoMG2025_POPULAÇÃO CENSO DEMOGRÁFICO (IBGE/2025)":4215,"Hospitais de Referência":["Hospital de Clínicas de Uberaba / HC-UFTM (Uberaba)","regulação para Uberlândia quando necessário"],"name":"ARAXÁ"}},{"type":"Polygon","arcs":[[-3363,4376,-3361,4377,4378,4379,-328,4380,-326,4381,-324,4382,-322,4383,-320,4384,4385,-541,4386,-539,4387,-537,4388,4389,4390,-1194,4391,-1192,4392,-1258,4393,-1256,4394,4395,-1253,4396,4397,-1250,4398,-1248,4399,-1246,4400,-1244,4401,-1242,4402,4403,4404,-2560,4405,-2558,4406,-2556,4407,-4190,4408,-3175,4409,-3173,4410,-3171,4411,-3169,4412,-3167,4413,4414,-3164,4415,-3162,4416,-3160,4417,-3158,4418,-3156,4419,4420,-3153,4421,-3151,4422,4423,-3377,4424,-3375,4425,-3373,4426,-3371,4427,-3369,4428,-3367,4429,-3365,4430]],"properties":{"Regionalização pop. 2025 — RegionalizaçãoMG2025_Microrregião de Saúde":"BOCAIÚVA","NM_RGI":"Montes Claros","Regionalização pop. 2025 — RegionalizaçãoMG2025_Macrorregião de Saúde":"NORTE","NM_MUN":"Engenheiro Navarro","AREA_KM2":608.306,"Regionalização pop. 2025 — RegionalizaçãoMG2025_POPULAÇÃO CENSO DEMOGRÁFICO (IBGE/2022)":6354,"Regionalização pop. 2025 — RegionalizaçãoMG2025_POPULAÇÃO CENSO DEMOGRÁFICO (IBGE/2025)":6373,"Hospitais de Referência":["Hospital Dr. Moisés Magalhães Freire (Pirapora)","Hospital Municipal Dr. Oswaldo Prediliano Santana (Salinas)","Hospital Regional de Janaúba","Hospital Santo Antônio (Taiobeiras)","Hospital das Clínicas Dr. Mário Ribeiro da Silveira (Montes Claros)","Santa Casa de Misericórdia de Montes Claros (referência AVC Tipo III e urgências)"],"name":"BOCAIÚVA"}},{"type":"Polygon","arcs":[[-2066,4431,-2064,4432,-2062,4433,-2060,4434,-2058,4435,-2438,4436,4437,-2435,4438,-2433,4439,-2431,-4280,4440,-4278,4441,-4276,4442,-4274,4443,-4272,4444,-4270,4445,-2068,4446]],"properties":{"Regionalização pop. 2025 — RegionalizaçãoMG2025_Microrregião de Saúde":"TAIOBEIRAS","NM_RGI":"Salinas","Regionalização pop. 2025 — RegionalizaçãoMG2025_Macrorregião de Saúde":"NORTE","NM_MUN":"Curral de Dentro","AREA_KM2":570.95,"Regionalização pop. 2025 — RegionalizaçãoMG2025_POPULAÇÃO CENSO DEMOGRÁFICO (IBGE/2022)":7406,"Regionalização pop. 2025 — RegionalizaçãoMG2025_POPULAÇÃO CENSO DEMOGRÁFICO (IBGE/2025)":7662,"Hospitais de Referência":["Hospital Dr. Moisés Magalhães Freire (Pirapora)","Hospital Municipal Dr. Oswaldo Prediliano Santana (Salinas)","Hospital Regional de Janaúba","Hospital Santo Antônio (Taiobeiras)","Hospital das Clínicas Dr. Mário Ribeiro da Silveira (Montes Claros)","Santa Casa de Misericórdia de Montes Claros (referência AVC Tipo III e urgências)"],"name":"TAIOBEIRAS"}},{"type":"Polygon","arcs":[[-1982,4447,-1980,4448,4449,-4218,4450,-4247,4451,4452,-4244,4453,4454,-4241,4455,4456,-4238,4457,-3506,4458,-3504,4459,4460,-3551,4461,-3549,4462,4463,-3546,4464]],"properties":{"Regionalização pop. 2025 — RegionalizaçãoMG2025_Microrregião de Saúde":"ALÉM PARAÍBA","NM_RGI":"Além Paraíba","Regionalização pop. 2025 — RegionalizaçãoMG2025_Macrorregião de Saúde":"SUDESTE","NM_MUN":"Além Paraíba","AREA_KM2":510.25,"Regionalização pop. 2025 — RegionalizaçãoMG2025_POPULAÇÃO CENSO DEMOGRÁFICO (IBGE/2022)":30717,"Regionalização pop. 2025 — RegionalizaçãoMG2025_POPULAÇÃO CENSO DEMOGRÁFICO (IBGE/2025)":31159,"Hospitais de Referência":["Casa de Caridade de Carangola","Casa de Caridade de Muriaé (Hospital do Câncer de Muriaé)","Hospital Regional João Penido / rede de urgência de Juiz de Fora","Hospital Santa Isabel (Ubá)","Hospital e Maternidade Therezinha de Jesus (Juiz de Fora)"],"name":"ALÉM PARAÍBA"}},{"type":"Polygon","arcs":[[-2191,4465,4466,-4140,4467,-4138,4468,-4136,4469,-4134,4470,-4132,4471,4472,-2769,4473,-2767,4474,-2765,4475,-2763,4476,-2761,-3840,4477,-3838,4478,-3836,4479,-3834,4480,-3832,4481,-3830,4482,-3828,4483,-3879,4484,-3877,4485,-3875,4486,-712,4487,-710,4488,-708,4489,-2196,4490,-2194,4491,4492]],"properties":{"Regionalização pop. 2025 — RegionalizaçãoMG2025_Microrregião de Saúde":"ITAÚNA","NM_RGI":"Divinópolis","Regionalização pop. 2025 — RegionalizaçãoMG2025_Macrorregião de Saúde":"OESTE","NM_MUN":"Itatiaiuçu","AREA_KM2":294.342,"Regionalização pop. 2025 — RegionalizaçãoMG2025_POPULAÇÃO CENSO DEMOGRÁFICO (IBGE/2022)":12966,"Regionalização pop. 2025 — RegionalizaçãoMG2025_POPULAÇÃO CENSO DEMOGRÁFICO (IBGE/2025)":13779,"Hospitais de Referência":["Hospital Manoel Gonçalves (Itaúna)","Hospital Nossa Senhora da Conceição (Pará de Minas)","Hospital Regional de Divinópolis (HRD – entregue em 2026, integrado à rede EBSERH/UFSJ, referência macrorregional para AVC Tipo III e alta complexidade)","Hospital São Carlos (Lagoa da Prata)","Hospital São João de Deus (Divinópolis)","Hospital São Luiz (Formiga)","Santa Casa de Campo Belo"],"name":"ITAÚNA"}},{"type":"Polygon","arcs":[[-3745,4493,-3743,4494,-3741,4495,4496,4497,4498,4499,4500,-2707,4501,-2705,4502,4503,-2702,4504,-2700,4505,-2698,4506,-2696,4507,-2694,4508,-2692,4509,-2690,4510,-2688,4511,4512,-2685,4513,4514,-2682,4515,4516,-2679,4517,4518,4519,4520,-985,4521,-983,4522,-981,-2122,4523,-2120,4524,-2118,4525,-2378,4526,-2376,4527,-2873,4528,4529,-2870,4530,-2868,4531,-2866,4532,-2864,4533,-2862,4534,-2231,4535,4536,-2842,4537,-2860,4538,-2858,4539,4540,-2855,4541,4542,-2852,4543,-2850,4544,-2848,4545,-2224,4546,-2222,4547,-2220,4548,-3983,4549,-3981,4550,-3979,4551,-3749,4552,-3747,4553]],"properties":{"Regionalização pop. 2025 — RegionalizaçãoMG2025_Microrregião de Saúde":"PONTE NOVA","NM_RGI":"Ipatinga","Regionalização pop. 2025 — RegionalizaçãoMG2025_Macrorregião de Saúde":"LESTE DO SUL","NM_MUN":"São José do Goiabal","AREA_KM2":189.578,"Regionalização pop. 2025 — RegionalizaçãoMG2025_POPULAÇÃO CENSO DEMOGRÁFICO (IBGE/2022)":5396,"Regionalização pop. 2025 — RegionalizaçãoMG2025_POPULAÇÃO CENSO DEMOGRÁFICO (IBGE/2025)":5482,"Hospitais de Referência":["Hospital Antônio Gonçalves Ferreira / HAGF (Ponte Nova)","grade pactuada em dez/2021 (Deliberação CIB-SUS/MG)","regulação para Governador Valadares ou Belo Horizonte conforme gravidade"],"name":"PONTE NOVA"}},{"type":"Polygon","arcs":[[-3532,4554,-3530,4555,-3528,4556,-1812,4557,4558,-1809,4559,-1807,4560,-1805,4561,-3973,4562,-3971,4563,-3969,4564,-3967,4565,4566,-3964,4567,-4002,4568,-4000,4569,-3998,4570,4571,4572,-3543,4573,4574,-3540,4575,-3538,4576,-3536,4577,-3534,4578]],"properties":{"Regionalização pop. 2025 — RegionalizaçãoMG2025_Microrregião de Saúde":"MURIAÉ","NM_RGI":"Muriaé","Regionalização pop. 2025 — RegionalizaçãoMG2025_Macrorregião de Saúde":"SUDESTE","NM_MUN":"Rosário da Limeira","AREA_KM2":111.156,"Regionalização pop. 2025 — RegionalizaçãoMG2025_POPULAÇÃO CENSO DEMOGRÁFICO (IBGE/2022)":4734,"Regionalização pop. 2025 — RegionalizaçãoMG2025_POPULAÇÃO CENSO DEMOGRÁFICO (IBGE/2025)":4926,"Hospitais de Referência":["Casa de Caridade de Carangola","Casa de Caridade de Muriaé (Hospital do Câncer de Muriaé)","Hospital Regional João Penido / rede de urgência de Juiz de Fora","Hospital Santa Isabel (Ubá)","Hospital e Maternidade Therezinha de Jesus (Juiz de Fora)"],"name":"MURIAÉ"}},{"type":"Polygon","arcs":[[-4342,4579,-3766,4580,4581,-3763,4582,-3811,4583,-3809,4584,-3807,4585,4586,4587,4588,4589,4590,4591,4592,4593,4594,4595,4596,4597,4598,4599,4600,4601,4602,4603,4604,4605,4606,4607,4608,4609,-4345,4610,4611]],"properties":{"Regionalização pop. 2025 — RegionalizaçãoMG2025_Microrregião de Saúde":"PATROCÍNIO/MONTE CARMELO","NM_RGI":"Monte Carmelo","Regionalização pop. 2025 — RegionalizaçãoMG2025_Macrorregião de Saúde":"TRIÂNGULO DO NORTE","NM_MUN":"Romaria","AREA_KM2":407.557,"Regionalização pop. 2025 — RegionalizaçãoMG2025_POPULAÇÃO CENSO DEMOGRÁFICO (IBGE/2022)":3386,"Regionalização pop. 2025 — RegionalizaçãoMG2025_POPULAÇÃO CENSO DEMOGRÁFICO (IBGE/2025)":3430,"Hospitais de Referência":["Hospital de Clínicas da UFU (Uberlândia – alta complexidade, trauma, IAM, AVC)","hospitais de Araguari e Ituiutaba"],"name":"PATROCÍNIO/MONTE CARMELO"}},{"type":"Polygon","arcs":[[4612,-676,4613,-674,4614,-672,4615,-670,4616,-668,4617,-666,4618,-664,4619,-662,4620,-660,4621,-658,4622,4623,-655,4624,4625,4626,-651,4627,-649,4628,-647,4629,4630,-644,4631,-642,4632,4633,-639,4634,-637,4635,-635,4636,-3790,4637,-3788,-3413,4638,-3411,4639]],"properties":{"Regionalização pop. 2025 — RegionalizaçãoMG2025_Microrregião de Saúde":"FRUTAL/ITURAMA","NM_RGI":"Frutal","Regionalização pop. 2025 — RegionalizaçãoMG2025_Macrorregião de Saúde":"TRIÂNGULO DO SUL","NM_MUN":"Planura","AREA_KM2":317.52,"Regionalização pop. 2025 — RegionalizaçãoMG2025_POPULAÇÃO CENSO DEMOGRÁFICO (IBGE/2022)":11145,"Regionalização pop. 2025 — RegionalizaçãoMG2025_POPULAÇÃO CENSO DEMOGRÁFICO (IBGE/2025)":11533,"Hospitais de Referência":["Hospital de Clínicas de Uberaba / HC-UFTM (Uberaba)","regulação para Uberlândia quando necessário"],"name":"FRUTAL/ITURAMA"}},{"type":"Polygon","arcs":[[4640,-999,-954,4641,-952,4642,4643,-949,4644,-947,4645,-514,4646,-512,4647,-510,4648,-508,4649,-506,504,-504,4650,-502,4651,-500,4652,4653,4654,4655,-3232,4656,-3230,4657,-3228,4658,-3226,4659,-3224,4660,-3222,4661,4662,-3219,4663,4664,4665,-3215,4666,-3213,4667,-3211,4668,-3209,4669,4670,-1469,4671,-1467,4672,-1465,4673,-1463,4674,-1461,4675,-1459,4676,-1457,4677,-1455,4678,4679,-1452,4680,-1450,4681,-1448,4682,-1290,4683,-1288,4684,-1286,4685,-1284,4686,-1282,4687,-1280,4688,4689,-1277,4690,-1275,4691,-1273,4692,-1271,4693,-1269,4694,4695,4696,-1019,4697,-1017,4698,-1015,4699,-1013,4700,-1011,4701,4702,4703,-1007,4704,-1005,4705,-1003,4706,-1001]],"properties":{"Regionalização pop. 2025 — RegionalizaçãoMG2025_Microrregião de Saúde":"GUANHÃES","NM_RGI":"Guanhães","Regionalização pop. 2025 — RegionalizaçãoMG2025_Macrorregião de Saúde":"CENTRO","NM_MUN":"Dom Joaquim","AREA_KM2":398.793,"Regionalização pop. 2025 — RegionalizaçãoMG2025_POPULAÇÃO CENSO DEMOGRÁFICO (IBGE/2022)":4899,"Regionalização pop. 2025 — RegionalizaçãoMG2025_POPULAÇÃO CENSO DEMOGRÁFICO (IBGE/2025)":5074,"Hospitais de Referência":["Hospitais de Belo Horizonte via SUS Fácil (Hospital João XXIII e demais) - conforme grade pactuada da Macrorregião Centro"],"name":"GUANHÃES"}},{"type":"Polygon","arcs":[[4707,-3471,4708,-3469,4709,4710,-798,4711,4712,-795,4713,4714,-792,4715,4716,-753,4717,-751,4718,-2719,4719,-2717,4720,-2715,4721,4722,4723,-2711,4724,-2709,4725,-4500,4726,4727,-4497,4728,-3739,4729,-3737,4730,-3735,4731,4732,-3732,4733,-3730,4734,-3728,4735,4736,4737,-1778,4738,4739,-1775,4740,4741,-1772,4742,-1770,4743,4744,-3479,4745,-3477,4746,-3475,4747,-3473]],"properties":{"Regionalização pop. 2025 — RegionalizaçãoMG2025_Microrregião de Saúde":"CONSELHEIRO LAFAIETE","NM_RGI":"Conselheiro Lafaiete","Regionalização pop. 2025 — RegionalizaçãoMG2025_Macrorregião de Saúde":"CENTRO SUL","NM_MUN":"Rio Espera","AREA_KM2":238.602,"Regionalização pop. 2025 — RegionalizaçãoMG2025_POPULAÇÃO CENSO DEMOGRÁFICO (IBGE/2022)":5429,"Regionalização pop. 2025 — RegionalizaçãoMG2025_POPULAÇÃO CENSO DEMOGRÁFICO (IBGE/2025)":5447,"Hospitais de Referência":["Hospital Regional de Barbacena Dr. José Américo (Complexo Hospitalar de Barbacena – trauma, ortopedia, queimados, AVC)","Hospital Regional de Conselheiro Lafaiete (obra em conclusão, previsão de entrega até o fim de 2026)","Hospital e Maternidade São José (Conselheiro Lafaiete)","Santa Casa de Misericórdia de São João del Rei"],"name":"CONSELHEIRO LAFAIETE"}},{"type":"Polygon","arcs":[[4748,-4352,4749,-4350,4750,-4348,4751,-4608,4752,-4606,4753,-4604,4754,4755,-4601,4756,4757,-4598,4758,-4596,4759,4760,-4593,4761,-4591,4762,4763,-4588,4764,-4015,4765,-4013,4766,-4011,4767,-4009,4768,-4007,4769,-4005,4770,4771,-4085,4772,4773,-4082,4774,-4080,4775,-4078,4776,-4076,4777,-1131,4778,-1129,4779,-1127,4780,4781,4782,4783,4784,-1121,4785,-1119,4786,-1117,4787,4788,-1114,4789,-1112,4790,-1110,4791,-1108,4792,-1106,4793,-1104,4794,-1102,4795,-1190,4796,-1188,4797,-1186,4798,4799,-222,4800,-220,4801,-218,4802,4803,-215,4804,-213,4805,-3346,4806,4807,-3343,4808,4809,4810,-3339,4811,-85,4812,-83,4813,-81,4814,4815,-78,4816,4817,-75,4818,-73,4819,-71,4820,4821,4822,-67,4823,4824,-64,4825,-62,4826,-60,4827,4828,-2488,4829,-2486,4830,-2484,4831,-2482,4832,4833,-2479,4834,-2477,4835,-2475,4836,-2473,4837,-2471,4838,-4358,4839,-4356,4840,-4354]],"properties":{"Regionalização pop. 2025 — RegionalizaçãoMG2025_Microrregião de Saúde":"PATOS DE MINAS","NM_RGI":"Patos de Minas","Regionalização pop. 2025 — RegionalizaçãoMG2025_Macrorregião de Saúde":"NOROESTE","NM_MUN":"Presidente Olegário","AREA_KM2":3503.848,"Regionalização pop. 2025 — RegionalizaçãoMG2025_POPULAÇÃO CENSO DEMOGRÁFICO (IBGE/2022)":18765,"Regionalização pop. 2025 — RegionalizaçãoMG2025_POPULAÇÃO CENSO DEMOGRÁFICO (IBGE/2025)":19192,"Hospitais de Referência":["Hospital Municipal de Paracatu","Hospital Regional Antônio Dias (Patos de Minas – trauma/ortopedia)"],"name":"PATOS DE MINAS"}}]}},"arcs":[[[5940,3838],[-9,-9],[-3,-6],[4,-20]],[[5932,3803],[-1,-3],[1,-3],[-1,-7],[3,-7],[-2,-3],[-18,-1],[-7,10],[-3,1],[-4,-3],[-4,1],[-4,-9]],[[5892,3779],[-6,-5],[-10,6],[-4,-2]],[[5872,3778],[-6,1],[-2,-3],[-5,3],[-6,-2]],[[5853,3777],[-9,9],[-5,-4]],[[5839,3782],[-1,3],[4,10]],[[5842,3795],[10,-1]],[[5852,3794],[8,7],[-2,5]],[[5858,3806],[-6,3],[-2,-5]],[[5850,3804],[-8,4]],[[5842,3808],[-10,11],[-3,-1]],[[5829,3818],[2,-6],[-5,-2],[1,-6],[-3,-1],[-6,3],[-3,9],[-6,-1],[-4,2],[-6,-2]],[[5799,3814],[-9,6],[0,3]],[[5790,3823],[11,4]],[[5801,3827],[8,13],[-5,4]],[[5804,3844],[2,4],[-5,5],[-6,-1],[-5,4],[-1,10],[-14,7]],[[5775,3873],[14,11]],[[5789,3884],[1,8]],[[5790,3892],[8,4],[0,5],[-3,3],[-7,3],[-5,-1],[-4,2],[-8,-1]],[[5771,3907],[-5,1],[-2,-1],[-1,-5]],[[5763,3902],[-2,-2],[-7,7]],[[5754,3907],[-4,-1],[-4,-5],[-18,-15]],[[5728,3886],[-4,-7],[-5,1],[-5,-7],[-8,3],[-3,4],[-8,-5],[-8,3],[-2,-4],[-1,-7],[-8,3],[-3,-5],[-3,1],[-5,-5],[-7,2],[-7,-7],[4,-14],[0,-4],[2,-8],[5,-8],[-2,-3],[-12,-11],[-12,9],[-6,1],[-4,-3]],[[5626,3815],[-3,0],[-1,1]],[[5622,3816],[2,7],[2,16],[-3,2]],[[5623,3841],[0,6],[2,4],[-1,2],[2,3],[-1,6],[1,0],[-9,9],[0,3],[-3,0],[0,4],[-6,3],[-2,8],[-3,3],[-4,1],[-2,4],[-9,0],[-1,-4],[-2,1],[-4,-4],[-4,1],[0,3],[-5,4],[1,4],[-2,5],[-6,9],[1,7],[-1,3],[0,3],[-1,2],[1,4],[-3,3],[-3,-3],[-2,0],[-1,5],[-4,2],[1,5],[-3,3],[-3,1],[-2,-4],[-4,3],[-4,-3],[-1,2],[-3,-1],[-2,6],[-11,11],[-5,-1],[-7,2],[-1,-2],[-6,4],[-6,-2],[0,-2],[-10,-10],[-3,2],[3,3],[-9,12],[0,3],[5,2]],[[5481,3976],[-2,14],[-3,0]],[[5476,3990],[-5,-2],[-2,8]],[[5469,3996],[-2,-3],[-7,1],[-1,-5]],[[5459,3989],[-11,3],[-4,3],[-7,-8],[-2,2],[-4,-2],[-3,4],[-7,-1],[-7,14],[-1,0],[-1,-3]],[[5412,4001],[-2,2],[-1,2]],[[5409,4005],[2,4],[-1,3],[-4,1],[-3,5],[-12,4]],[[5391,4022],[-8,17]],[[5383,4039],[-14,4],[-6,10],[-7,7],[-3,5]],[[5353,4065],[-1,13],[-3,8]],[[5349,4086],[2,21],[-3,8],[3,15],[-5,23],[1,2],[7,1],[-1,6],[12,3],[3,6],[-3,3],[-7,3],[-6,-4],[-8,0],[-5,-5],[-4,0],[-3,3],[2,6],[3,5],[0,5],[-2,3],[-8,-4],[-2,-6],[-4,-3],[-14,4],[-6,6],[-9,1],[-4,3],[-1,3],[0,2]],[[5287,4196],[10,13],[1,3],[-13,18]],[[5285,4230],[-2,12],[-3,6],[2,9]],[[5282,4257],[-5,11],[0,2]],[[5277,4270],[1,2]],[[5278,4272],[-1,3],[-2,3],[-13,8],[-3,-3],[-2,-24]],[[5257,4259],[-9,-5],[-6,-1]],[[5242,4253],[-2,-3],[4,-9],[4,-2]],[[5248,4239],[1,-3],[-6,1],[-10,4],[-8,9],[-2,7],[-11,3],[-2,-3],[-1,-7],[-7,-7],[-4,-9],[2,-12],[-4,-6],[0,-4],[-4,-8],[-16,-8],[-8,10],[-4,0],[-3,-2],[-5,-14],[-13,0],[-6,-1],[-3,-5],[-2,-9],[-5,-8],[1,-8],[-3,-5],[-9,-4],[-3,0],[-7,5],[-2,-4],[0,-5],[2,-3],[11,-5],[0,-9],[-4,-1],[-3,8],[-3,1],[-4,-5],[-3,-15],[-6,-4]],[[5094,4113],[2,-4],[-1,-1]],[[5095,4108],[-6,1],[-1,-2],[-5,-2]],[[5083,4105],[-1,-4],[-7,-2],[0,6]],[[5075,4105],[2,0],[-1,6],[-6,-1],[2,3],[-4,-1]],[[5068,4112],[-2,-2],[-1,3],[3,5]],[[5068,4118],[-5,-1],[-3,4],[-1,-5]],[[5059,4116],[-3,4],[-3,-1]],[[5053,4119],[-2,1],[1,-4]],[[5052,4116],[-2,0],[-3,-10],[-2,0],[-2,8],[1,6],[-4,5],[-2,0],[-1,5],[-5,-1],[-3,4],[-1,-1],[-3,2],[-7,-3],[-3,4],[-3,-2],[0,1],[-4,1],[-2,3],[-7,-4],[-1,4],[1,1],[-3,4],[1,5],[-2,1],[-1,-2],[-6,1],[-2,-5],[-2,3],[-5,2],[3,-6],[-1,-3],[1,0],[-1,-3],[-7,-6],[-1,-3],[-3,-1],[-3,-5],[-3,2],[-1,-3],[1,0],[0,-5],[-2,-4],[-1,-1],[-2,3],[0,-4],[-3,-1],[0,-1],[-2,0],[1,-3],[-2,0],[-1,-3],[-2,2],[-1,-2],[0,4],[-8,2],[-1,-2],[-5,-2],[-1,-3],[-2,4],[-2,-2],[-4,3],[-5,-6],[-5,5],[-3,-5],[-10,-2],[-4,2],[-6,8],[-7,3],[-2,-1],[-2,2],[-7,-4],[-6,6],[-2,0],[-2,-4],[-5,1],[-4,-6],[-5,2],[-5,-2],[-5,4],[-3,6],[-6,2],[-4,12],[-6,5],[0,5],[-5,5],[-1,10],[-4,4],[-10,3],[-11,6],[-4,-1],[-14,-13],[-6,1],[-5,-2],[-1,7],[-1,1],[-10,0],[-4,3],[-2,6],[1,11],[-3,8],[-4,4],[-4,1],[-3,10],[-4,2],[-2,3],[-5,-4],[-4,5],[-3,0],[-4,5],[0,-4],[-4,-4],[0,-4],[-5,-10],[1,-6],[-2,-3],[1,-2],[-3,-5],[0,-6],[-7,-5],[-2,0],[-3,-5],[-1,-5],[-6,-4],[-6,-30],[-14,-4],[-4,-3],[-4,14]],[[4650,4127],[-8,11],[3,5],[-3,1],[7,2]],[[4649,4146],[0,2],[-3,2],[7,4],[0,2],[-8,1],[6,4],[-4,2],[3,6],[-3,3],[5,2],[1,1],[-4,7],[7,-1],[0,2],[-4,2],[9,4],[-3,10],[2,0],[3,5],[7,1],[-4,8],[1,2],[8,-1],[1,2],[-7,3],[8,3],[-6,4],[5,5],[0,5],[3,0],[3,8],[-5,5],[0,2],[3,2],[-2,2],[0,4],[-3,6],[9,2],[-8,6],[8,8],[-3,5],[8,6],[-2,3],[-5,4],[4,3],[7,-5],[-3,5],[1,8],[3,5],[6,1],[0,5],[-3,5],[1,4],[4,2],[1,2],[2,2],[1,4],[2,-3],[2,1],[0,9],[-5,-1],[-1,3],[2,2],[6,1],[-1,6],[5,7],[-3,2],[1,4],[-2,2],[0,3],[2,2],[5,-3],[4,3],[3,3],[-4,6],[7,0],[-2,3],[0,7],[4,0],[-5,4],[1,2],[4,3],[-4,1],[0,2],[6,4],[3,-3],[-1,6],[-5,1],[1,3],[3,2],[-2,5],[6,0],[-2,7],[8,6],[-5,6],[2,2],[-1,3],[0,4],[4,4],[-3,4],[5,1],[7,6],[0,2],[-3,2],[2,3],[11,1],[4,2],[-1,3],[-2,2],[1,4],[0,12],[3,3],[-3,2],[-2,4],[1,2],[4,3],[-4,4],[1,2],[6,-4],[5,0],[1,3],[-6,3],[7,9],[0,2],[-6,4],[-2,4],[1,5],[-2,1],[-4,-2],[-2,4],[2,2],[10,1],[-2,2],[-7,1],[5,5],[-1,4],[4,2],[-2,4],[2,1],[10,-1],[0,2],[-4,1],[-1,2],[5,5],[-6,2],[0,2],[3,3],[10,0],[-6,5],[0,3],[2,3],[-4,2],[9,4],[-1,2],[-6,2],[3,8],[6,1],[-2,4],[1,2],[9,0],[-5,5],[1,4],[4,-2],[4,2],[4,-3],[1,2],[-5,7],[-5,1],[0,4],[2,2],[-3,2],[7,4],[-5,3],[0,2],[3,2],[8,-1],[1,3],[-1,3],[-5,-3],[-6,3],[7,15],[-1,8],[-2,2],[-3,-1],[0,1],[8,5],[7,-6],[6,-1],[0,3],[-8,8],[2,3],[7,1],[2,1],[-2,5],[2,6],[-6,1],[-1,2],[3,3],[14,1],[0,2],[-11,7],[3,4],[0,5],[2,2],[-4,6],[1,9],[5,-3],[5,2],[-2,7],[-7,2],[0,6],[-2,2],[1,2],[-1,-1],[-3,2],[0,-3],[-3,-1],[-8,1],[-2,-4],[-3,2],[-3,0],[-1,-2],[0,-2],[-5,1],[0,2],[-2,-2],[-2,2],[-2,-1],[-8,7],[-4,9]],[[4781,4784],[-5,6],[7,22]],[[4783,4812],[-1,9],[1,5],[2,16],[-1,7],[21,9],[4,10],[4,5],[-2,10],[9,6],[5,9],[7,1],[0,12],[3,5],[-1,2],[1,7],[2,4],[-2,8],[9,14],[-2,4],[-5,3],[-4,7],[4,3],[0,5],[4,8],[5,5],[0,10],[7,10],[-1,3],[-3,4],[-2,16],[1,3],[3,3],[-3,6],[2,3],[-3,2],[-1,3],[1,5],[-2,2],[1,2],[-3,0],[5,2],[0,3],[-10,6],[-2,4],[-5,-1],[4,4],[3,-1],[2,2],[-5,2],[2,7],[-4,0],[2,7],[-4,0],[0,2],[1,4],[5,2]],[[4837,5101],[-11,-1],[1,12]],[[4827,5112],[4,-2],[-1,6]],[[4830,5116],[1,2]],[[4831,5118],[-2,1],[5,4],[-2,4],[-4,2]],[[4828,5129],[-3,-2]],[[4825,5127],[3,7]],[[4828,5134],[4,0]],[[4832,5134],[0,4],[-2,2],[-5,0]],[[4825,5140],[-1,2],[4,0]],[[4828,5142],[3,10],[6,-6],[-6,7],[0,3],[4,-3],[5,1],[-3,7],[5,-1],[4,2],[-1,2],[-4,0]],[[4841,5164],[0,7]],[[4841,5171],[-2,0],[-2,-3],[-1,2],[3,7]],[[4839,5177],[-1,3],[1,2]],[[4839,5182],[2,-2],[1,0],[0,4],[6,0],[3,4],[4,2],[0,7],[3,1],[-2,3],[-4,0],[0,4],[10,0],[1,4],[-4,1],[-1,2],[3,3],[4,-2],[1,7],[3,-6],[4,0],[0,5],[2,1]],[[4875,5220],[-3,5],[2,2]],[[4874,5227],[4,-2],[2,4],[-1,8],[5,1],[6,-2],[0,7]],[[4890,5243],[-2,3],[1,2],[3,1]],[[4892,5249],[-2,3]],[[4890,5252],[1,4],[11,5]],[[4902,5261],[2,6],[3,3],[5,-3]],[[4912,5267],[4,4]],[[4916,5271],[10,4],[-1,4]],[[4925,5279],[6,0],[0,6]],[[4931,5285],[2,5],[4,-3],[6,2],[1,5]],[[4944,5294],[-2,3],[2,1],[5,3]],[[4949,5301],[9,-1],[3,5],[2,-1],[3,-6],[6,1],[7,-3],[8,1],[4,-2],[7,0],[4,-3],[2,3],[9,6],[6,-5],[19,3],[2,2],[0,7],[7,6],[3,9],[8,5],[11,4],[6,8],[4,15],[16,12],[2,7],[6,15],[6,4],[2,6],[2,1],[3,-1],[3,13],[5,0],[6,5],[10,2]],[[5140,5419],[5,4],[8,-8]],[[5153,5415],[11,-5]],[[5164,5410],[0,-8]],[[5164,5402],[6,-22],[-2,-14],[-23,-13]],[[5145,5353],[-5,-9],[-4,-11],[-10,-8],[-5,-12],[0,-7],[7,-7],[5,-15],[12,-10],[5,-9],[-1,-8],[-12,-22],[-2,-11],[1,-26],[-3,-7],[-13,-13],[-11,-7],[-26,-21],[-3,-5]],[[5080,5145],[0,-12],[4,-8],[4,-6]],[[5088,5119],[16,-9],[17,-3],[18,-8],[12,-14],[14,-9],[10,-11],[8,-2],[10,3],[7,-1],[6,-8],[0,-16],[-4,-8],[-9,-13],[-5,-16],[0,-9],[3,-13]],[[5191,4982],[-8,-47],[3,-17]],[[5186,4918],[6,-14]],[[5192,4904],[28,-41],[11,-27],[2,-9]],[[5233,4827],[0,-9],[-5,-23],[-5,-8],[-1,-9],[0,-13],[8,-22],[7,-10]],[[5237,4733],[7,-5],[4,0],[9,7]],[[5257,4735],[7,-2],[3,-5]],[[5267,4728],[3,-14],[3,-7]],[[5273,4707],[8,-7],[4,0]],[[5285,4700],[2,3]],[[5287,4703],[5,16],[3,4]],[[5295,4723],[6,4]],[[5301,4727],[6,-1],[6,-10],[-1,-23]],[[5312,4693],[6,-7],[10,-5],[9,3],[6,5],[3,6],[2,12],[3,8],[7,9],[10,-4],[18,1],[15,-4]],[[5401,4717],[5,1],[9,-1],[6,-4]],[[5421,4713],[8,-13],[9,-2]],[[5438,4698],[10,-9],[11,2]],[[5459,4691],[2,-7],[-2,-18],[7,-5],[11,-14],[5,0],[2,6],[-1,23],[4,1],[13,-4],[16,21],[5,-2],[8,-13],[4,1],[2,11],[6,2],[10,-3],[5,-6],[5,-13],[5,2],[10,-6],[9,2],[10,-3],[8,-13],[-5,-16],[2,-6],[-1,-8],[-5,-4],[-1,-5],[4,-4],[1,-12],[2,-5],[8,1],[7,-5],[4,-12],[-2,-8],[0,-6],[2,-6],[-3,-5],[-3,-1],[-5,9],[-6,5],[-8,2],[3,-11],[-3,-18],[1,-2],[3,-2],[0,-4],[-1,-3],[-4,-1],[-3,-5],[-5,-3],[-1,-3],[0,-5],[2,-1],[6,3],[11,2],[3,5],[-3,9],[2,4],[19,-1],[9,-6],[5,-9],[0,-4],[-8,-4],[-1,-2],[7,-8],[3,-2],[2,-9],[6,0],[4,3],[7,-5],[13,-1],[5,-4],[1,-8],[-11,-1],[-4,-12],[3,-3],[3,0],[7,5],[4,-7],[8,-8],[3,-12],[-4,-6],[-10,-9],[-6,-13],[2,-9],[-10,-11],[5,-9],[2,-10],[11,-11],[4,-1],[2,2],[4,2],[1,-3],[-1,-6],[-5,-11],[-6,1],[-10,-5],[-4,-7],[0,-6],[3,-7],[4,-1],[6,4],[5,10],[3,1],[10,-5],[2,-9],[-2,-3],[-8,-2],[-7,-10],[-2,-20],[-5,-6],[-1,-6],[3,-6],[8,-4],[19,6],[8,-6],[3,-5],[8,0],[3,-3]],[[5725,4250],[2,1],[3,-4]],[[5730,4247],[0,3],[2,-1],[7,2],[1,4],[1,1],[2,-1],[0,2],[2,1],[0,2],[2,-1],[3,4],[5,-3],[4,4],[5,2],[-1,2],[6,2],[2,3],[4,2],[2,3],[10,3],[1,4],[8,8],[0,2],[2,1],[1,4],[4,0],[3,2],[7,16],[4,0],[3,3],[5,-1],[5,6],[4,-1],[1,2],[12,0],[6,4],[5,-4],[5,2],[8,-8],[4,2],[11,-3],[3,5],[0,10],[5,17],[2,1],[11,-6],[12,14],[12,3],[6,13],[9,4],[0,8],[7,6],[1,8],[2,3],[-1,6],[5,6],[1,8],[4,4],[6,0],[9,4],[7,-4],[3,1],[6,10],[2,9],[15,16],[10,16],[10,7],[10,8],[7,0],[2,2],[3,8],[-1,6],[6,8],[0,12],[12,11],[1,6],[5,0],[3,3],[3,-2],[5,5],[6,-2],[0,5],[4,11],[3,-1],[5,-10],[5,-2]],[[6112,4557],[13,7],[1,2]],[[6126,4566],[1,7],[6,4],[2,0]],[[6135,4577],[3,-4],[1,1],[2,-3]],[[6141,4571],[13,0]],[[6154,4571],[4,-8],[8,4]],[[6166,4567],[0,3],[2,3],[6,-4]],[[6174,4569],[1,2],[0,4]],[[6175,4575],[3,-1],[4,3],[0,-2],[3,-1],[4,3],[3,5],[9,5],[7,1],[0,4],[-2,10],[1,4],[12,-7],[11,11],[0,2]],[[6230,4612],[3,1],[1,6],[3,5],[0,5]],[[6237,4629],[7,6],[-2,6],[3,5],[13,-7],[1,-2],[4,0],[1,-5],[6,-7],[9,-2],[6,2],[4,-4],[4,0],[4,-4],[1,-10],[4,0]],[[6302,4607],[1,13]],[[6303,4620],[3,7],[-1,6],[2,3],[-2,5],[3,4],[-2,8],[6,-2],[2,4],[2,0],[1,7],[3,-2],[9,1],[0,4],[4,3],[1,2],[-5,3],[-3,0],[0,5],[1,4],[8,-1],[9,10],[4,-2],[7,7],[-3,2],[-6,1],[-8,-3],[-8,0],[-2,-3],[-5,2],[3,14],[7,3],[2,6],[5,1],[-1,7],[-11,-1],[-3,5],[-5,-3],[-4,3],[1,6],[2,2],[2,1],[4,-4],[2,1],[-4,6],[2,3],[6,-1],[2,2],[-2,7],[-13,1],[6,5],[7,2],[2,2],[-1,3],[-9,2],[-4,6],[2,1],[4,-3],[6,5],[-3,3],[-6,0],[-1,10],[0,2],[3,-1],[5,5],[0,2],[-5,1],[-1,2],[2,3],[7,4],[0,2],[-6,-1],[6,9],[-3,2],[-6,-5],[-1,-11],[-2,-1],[-1,2],[-2,7],[3,10],[-4,9],[-5,0],[6,17],[-6,-1],[-2,8],[-4,-1],[0,11],[1,5],[-9,6],[4,2],[1,4],[5,0]],[[6307,4882],[-1,7],[-5,6],[-7,4],[-1,6]],[[6293,4905],[3,4],[-4,3],[-1,3],[3,4]],[[6294,4919],[2,-2],[3,2]],[[6299,4919],[5,-1],[0,6]],[[6304,4924],[7,-1],[5,6],[9,2],[7,-3],[4,1]],[[6336,4929],[14,12]],[[6350,4941],[1,-2],[4,1],[4,-3]],[[6359,4937],[6,2],[3,-2],[3,-5]],[[6371,4932],[4,-2],[-1,-4]],[[6374,4926],[6,-9],[4,-1]],[[6384,4916],[2,-9],[6,-7]],[[6392,4900],[11,-7]],[[6403,4893],[11,-1],[-1,-7]],[[6413,4885],[1,-6],[2,-5],[0,-7],[2,-1],[2,-6],[12,-6],[0,-3],[4,-2],[0,-9],[3,-4],[9,-41],[2,-3],[2,-9],[3,-5],[0,-6],[9,-26],[3,9],[13,2],[-3,9]],[[6477,4766],[2,16]],[[6479,4782],[5,-6]],[[6484,4776],[1,-4],[-2,-3],[0,-6]],[[6483,4763],[4,-2],[2,-8],[7,-12],[-3,-6],[3,-5],[1,-7],[7,-15],[2,-2]],[[6506,4706],[4,-14],[-5,-9]],[[6505,4683],[3,-5],[5,-1],[5,-14],[5,-6],[-1,-5],[2,-4],[3,-11],[-3,-4],[0,-4],[5,-13],[7,-4],[0,-12],[12,-40],[0,-10]],[[6548,4550],[4,-4],[1,-5],[-2,-5]],[[6551,4536],[-10,-3],[-3,-5],[-3,-2],[-1,-7],[3,-3],[-2,-4],[-3,3],[-1,-4],[-4,-1],[-1,-3],[4,-8]],[[6530,4499],[1,-6]],[[6531,4493],[-6,-2],[-2,-5]],[[6523,4486],[-3,1],[-8,-6],[-2,2],[2,5],[-4,-1],[-3,-2],[-2,-10],[-4,-3],[-1,3]],[[6498,4475],[-2,-1],[-2,-4]],[[6494,4470],[5,-6]],[[6499,4464],[2,1],[1,-5]],[[6502,4460],[-5,-2]],[[6497,4458],[-2,-6],[5,-6]],[[6500,4446],[-1,-4],[4,-2],[0,-2],[-4,1],[-4,-3],[-2,4],[-1,-5],[7,-4],[-8,-4],[-4,2]],[[6487,4429],[-2,-3],[1,-3]],[[6486,4423],[4,1]],[[6490,4424],[6,-2],[4,4]],[[6500,4426],[6,-5],[1,-5],[-7,0],[2,-3],[-1,-5],[-7,-1],[2,-8],[2,4],[15,2],[1,-3],[-2,-5],[5,-1],[1,-3],[-2,-3],[-5,-1],[-1,-3],[2,-2],[9,4],[2,6],[3,-2],[3,2],[3,-8],[-4,-2],[-4,-9],[2,-9],[-7,2],[-6,-3],[-2,3],[-2,-4],[-4,-1],[-3,-4],[0,-3],[18,1],[1,-3],[-7,-2],[-2,-3],[2,-2],[6,0],[-5,-5],[0,-4],[4,-3],[-4,-8],[2,-4],[5,2],[1,-1],[-3,-3],[-8,-2],[-2,-2],[0,-6],[3,3],[4,0],[1,-3],[-2,-4],[-4,-1],[-6,-5],[-5,1],[1,-4],[-4,-3],[-1,-2],[2,-2],[4,0],[2,-3],[3,1],[0,-5],[3,1],[-1,-5],[3,-4],[6,2]],[[6519,4278],[-1,-4],[3,-2]],[[6521,4272],[-2,-5]],[[6519,4267],[6,-3],[0,-7]],[[6525,4257],[-5,-6],[2,-3]],[[6522,4248],[0,-4],[-5,-4],[-1,-6]],[[6516,4234],[-2,-2],[1,-2],[-2,-5],[-3,0],[-1,-2]],[[6509,4223],[-1,3],[-2,0]],[[6506,4226],[0,-5],[-4,-9],[1,-4],[1,-1]],[[6504,4207],[-3,-8]],[[6501,4199],[1,-4],[-4,-2]],[[6498,4193],[-3,-7],[-6,-3]],[[6489,4183],[-1,-4],[-2,1],[-6,-3],[-2,2],[-5,-12],[-2,0],[0,-7],[-3,-6],[-1,-12],[2,-9],[-2,-4],[3,-4],[5,0],[5,-4],[2,-5],[-2,-6],[0,-6],[-4,-5]],[[6476,4099],[-6,-13],[-12,-3]],[[6458,4083],[1,-13],[-2,-2],[-15,-1]],[[6442,4067],[-5,4],[-17,-7],[-5,5],[-6,1],[-1,-1],[-2,3],[-5,-4],[-3,5],[-5,0],[-15,-15],[-1,-8],[-1,0],[-1,-3],[-9,-6],[1,-2],[-1,-1],[2,-1],[-3,-7],[2,-1],[-7,-4],[-1,-4],[1,0],[-1,-4],[-2,1]],[[6357,4018],[-3,-3],[-5,1],[-1,3]],[[6348,4019],[-3,-2],[-3,4],[-6,-4]],[[6336,4017],[-3,10],[3,9],[-1,2],[-5,5],[-10,-1],[-2,6],[-1,5],[-4,5]],[[6313,4058],[-2,-1],[-3,-8]],[[6308,4049],[-2,0]],[[6306,4049],[3,-11],[-7,-6]],[[6302,4032],[1,-1]],[[6303,4031],[-5,-3],[-1,-3],[2,-3]],[[6299,4022],[-2,-7],[-2,-2]],[[6295,4013],[-1,-10],[-3,-2],[-15,-2]],[[6276,3999],[-4,4],[0,8],[-2,3],[-1,4],[-7,7],[-7,-15],[2,-25],[-1,-12],[-3,-1],[-13,7],[-2,3],[-3,0],[-5,-6],[-6,-3],[-3,-2],[3,-11],[-5,-10],[-8,-7],[-9,-1]],[[6202,3942],[-3,-5],[-1,-8]],[[6198,3929],[2,-3],[-1,-3],[2,-5],[-4,-11],[-2,-22]],[[6195,3885],[7,-12],[0,-2]],[[6202,3871],[-5,-3],[3,-6]],[[6200,3862],[0,-5],[-6,-9]],[[6194,3848],[-8,-20],[-4,-3],[-6,2]],[[6176,3827],[-3,-7],[-3,-1],[-7,6],[-3,0],[-6,-3]],[[6154,3822],[-5,4],[-3,-4],[-1,-10]],[[6145,3812],[-9,-7],[-7,-3],[0,-5],[-3,-4],[1,-5]],[[6127,3788],[-7,-13],[-2,10]],[[6118,3785],[1,14],[-6,3],[-4,4],[-5,2],[-5,14],[-3,3],[-2,6],[-7,1],[-4,4]],[[6083,3836],[-4,14],[-7,-2]],[[6072,3848],[-7,1],[-3,-6],[-8,-2],[-7,1],[-9,-2],[-5,4],[-4,-4],[-2,1],[-4,0],[-6,-8]],[[6017,3833],[-3,-1],[-7,3]],[[6007,3835],[-3,10],[-3,3],[-5,-2],[-2,-6],[-8,-2],[-3,2],[-1,-1],[-1,2],[2,4],[-1,2],[-4,-1],[0,-4],[-1,-1],[-4,1],[-1,3],[-7,-4],[-4,4],[-3,-1],[-2,5],[-4,-3],[-4,2]],[[5948,3848],[-4,-11]],[[5944,3837],[-4,1]],[[5951,5724],[-6,-38],[-10,-20],[0,-25],[-17,-22]],[[5918,5619],[-2,-22],[2,-13]],[[5918,5584],[-1,-4]],[[5917,5580],[-3,-2],[-15,5]],[[5899,5583],[-5,-1],[-5,-5],[-16,-2],[-9,4],[-2,6],[-4,4],[-20,6],[-12,-1]],[[5826,5594],[-10,10],[-1,4]],[[5815,5608],[3,11],[6,17],[0,14]],[[5824,5650],[3,12],[-2,5],[-11,8],[-3,6],[0,5],[8,7],[1,4],[-7,4],[-2,6],[2,16],[-3,2],[-8,2],[2,-3],[-1,-1],[1,-1],[0,-3],[3,-2],[0,-3],[-4,-8],[-4,-1],[-2,-6],[-2,1],[-1,-3],[-3,-1],[2,-3],[3,2],[3,-2],[-4,-7],[-3,-1],[0,-4],[-3,0],[-1,-2],[-2,-7],[-2,0],[-3,4],[-2,-2],[-4,6],[-2,0],[-7,-4],[-4,-8],[-3,0],[0,-4],[-8,-9],[5,-7],[1,-9],[-4,-13],[-2,-5],[-2,-1],[-1,-6],[-4,1],[0,-2],[-5,1],[0,-7],[2,-3],[-1,-1],[2,-3],[-4,-1],[-2,3],[-3,-5],[-3,-1],[-11,0],[-4,-11],[-10,-3],[-3,-4],[0,-2],[1,-2],[-4,-4],[2,0],[0,-6],[-3,0],[1,2],[-4,-3],[-5,4],[-4,6],[0,3],[-4,4],[-1,-1],[1,2],[-7,-1],[-11,-15],[0,-6],[-3,-4],[0,-3],[-2,0],[-1,-12],[-9,-2],[-2,-7],[-5,-7],[1,-7],[-4,-7],[2,-6],[-6,-5],[-8,-9],[-7,-1],[-10,4],[-12,3],[-7,-4],[-3,9],[-9,13],[-5,0],[-3,-6],[-2,0],[-2,-3],[-4,2],[0,5],[-5,6],[-9,1],[-3,-6]],[[5546,5513],[-6,2],[-2,3]],[[5538,5518],[1,2],[-2,0],[1,3],[-2,0],[-1,2],[-7,8],[-4,1],[0,5],[-3,1],[0,4],[-3,1],[-2,5],[-1,0],[0,3],[-4,1],[-4,-6],[-4,3],[-1,-2],[-2,2],[-2,-2],[-1,3],[-1,0],[-3,4],[-5,0],[-4,4],[-8,3],[-3,4],[-5,1],[-8,4],[-6,-3],[-4,2],[0,-4],[-3,-4],[-4,5],[-8,-1],[-2,4],[-2,0],[0,4],[-7,3],[1,3],[-5,3],[-3,-1],[0,2],[-4,5],[-2,0],[1,-3],[-2,0],[-3,5],[-4,-1],[-2,5],[-6,-2],[-3,10],[-7,4],[-2,4],[1,5],[-3,3],[2,4],[0,4],[2,2],[-5,13],[1,6],[4,7],[-1,3],[-5,1],[-7,7],[-11,0],[-1,3],[2,4],[-2,3],[5,0],[1,2],[-5,1],[-2,3],[-4,0],[-1,-3],[-2,8],[-5,-1],[-1,0],[-9,14],[-4,-2],[-3,2],[-1,-3],[-3,0],[-2,4],[-4,0],[-2,3],[-4,2],[1,5],[-4,6],[4,5],[-1,2],[-3,4],[-7,4],[-5,11],[-6,-6],[-13,-7]],[[5280,5731],[-17,-13],[-9,0]],[[5254,5718],[-12,-5],[-10,-11],[-6,-23]],[[5226,5679],[-2,1],[-2,-1],[0,-3]],[[5222,5676],[-2,2],[-4,-2],[0,-2]],[[5216,5674],[2,-1],[-1,-3]],[[5217,5670],[-2,0],[-3,7],[1,7],[-5,0],[-4,7],[-3,0],[-3,-5],[-4,0],[-4,1],[-3,5],[-8,-9],[-4,-2]],[[5175,5681],[3,-6],[-5,-3]],[[5173,5672],[-11,6]],[[5162,5678],[-1,4]],[[5161,5682],[-5,1],[-3,10]],[[5153,5693],[-4,1],[-2,5]],[[5147,5699],[0,7],[-3,1]],[[5144,5707],[-1,2],[-2,-1],[-4,3],[-4,0],[-7,11],[-3,0],[-6,6],[-8,2],[-3,5],[-4,0],[-3,3],[0,5],[-4,6],[0,2],[2,1],[-1,10],[-2,6],[-2,1],[-2,4],[-5,0],[-2,1],[-2,-2],[-7,1],[-4,3],[-14,2],[-7,-5],[-6,2],[-13,-1],[-4,-2],[-5,-6],[-3,-1],[-2,-3],[-8,0],[-3,-3],[-1,1],[-2,9],[1,5],[-1,2],[-7,-2],[-6,1],[-5,-2],[-1,2],[2,4],[-1,6],[5,6],[-3,7],[0,4],[6,4],[2,7]],[[4994,5813],[5,6],[-2,19]],[[4997,5838],[-3,4],[0,4]],[[4994,5846],[-8,12],[6,6],[0,8],[3,6],[8,4],[-2,5]],[[5001,5887],[3,3],[-1,4],[-3,2]],[[5000,5896],[-7,-2],[-1,2],[6,9],[5,0],[6,-3],[6,7],[2,-1]],[[5017,5908],[10,1],[3,4],[-2,6]],[[5028,5919],[2,6],[-6,2],[2,7],[-6,4],[0,8],[-3,-1],[-1,3],[-7,1],[-4,8],[0,10],[4,5],[5,-4],[6,0],[3,3],[1,9],[-4,3],[4,5],[6,2],[4,7],[1,9],[-3,9],[3,4],[2,4],[-5,7],[-1,5],[5,2],[0,5],[2,0],[4,4],[1,3],[-3,4],[-3,1],[2,3],[-3,5],[-5,3],[1,7],[-5,1],[-1,5],[-11,4]],[[5015,6082],[0,7],[-3,6],[-5,1]],[[5007,6096],[-5,8]],[[5002,6104],[-6,16],[6,1]],[[5002,6121],[3,11],[5,1],[2,9],[3,3],[9,-1]],[[5024,6144],[10,-5],[4,1],[12,8],[11,0],[0,8]],[[5061,6156],[-6,2],[-3,4],[1,3],[5,5],[3,9],[-2,8],[1,15],[2,5],[0,4],[-5,7],[-7,5],[-1,5],[-3,4],[-2,5],[-10,7],[-3,9],[-4,5],[-5,0],[-4,-2],[-5,1],[-6,-4],[-8,9],[-6,-1],[0,2],[-5,5],[-3,-2],[-3,2],[-2,7],[-3,1],[-1,3],[-4,2],[-2,-1],[-5,7],[-4,0],[-1,4],[-6,2],[-1,3],[0,6],[-2,3],[2,3],[-5,4],[-5,13],[-3,-1],[2,3],[-1,3],[-6,-2],[-3,2],[-3,-1],[-2,3],[-5,0],[-3,3],[-4,0],[0,4],[-6,7],[-3,6],[-4,2],[1,3],[2,0]],[[4905,6357],[0,4],[-1,5]],[[4904,6366],[-3,7],[0,4]],[[4901,6377],[7,9],[11,-3],[5,1],[0,5],[-4,-3],[-2,5],[2,3],[6,3],[4,7],[1,4],[-3,2],[0,5],[4,3],[4,2],[3,11],[8,6],[4,7],[1,16],[-3,10],[1,5],[-1,8],[1,21],[-3,7],[0,8],[4,5],[9,2],[1,8],[1,27],[6,6],[10,8],[4,6],[-2,6],[-11,18]],[[4969,6605],[-1,3],[3,6]],[[4971,6614],[12,8],[6,10],[9,6],[6,7],[2,7],[-3,13],[8,9]],[[5011,6674],[2,7],[-7,7],[-3,7]],[[5003,6695],[-5,0],[-5,-3],[-13,0],[-16,16],[-10,-10],[-24,4],[-4,5],[1,4],[9,0],[2,2],[0,2],[-4,9],[-5,5],[-7,-2],[-9,-7],[-3,1],[-1,3],[3,6],[6,6],[0,11],[-3,5],[-4,1],[-4,-2],[-2,-9],[-4,3],[1,6],[10,6],[2,3],[-1,3],[-7,-1],[-5,2],[3,4],[6,8],[6,4],[3,0],[21,-10],[5,2],[2,5],[1,12],[2,11],[-7,11],[0,4],[8,8],[2,18],[-2,13],[1,6],[-8,3],[-1,10],[-3,4],[-2,8],[-7,0],[-5,4],[-3,-2],[-4,3],[-3,-4],[-4,1],[-12,-4]],[[4900,6883],[-3,0],[-4,10]],[[4893,6893],[-6,3],[-2,17],[-5,4],[-8,3],[-3,4],[4,17]],[[4873,6941],[-2,9],[-6,2]],[[4865,6952],[-4,-3]],[[4861,6949],[-12,10],[-9,0]],[[4840,6959],[-3,-4],[-3,-1]],[[4834,6954],[-15,-1],[-9,-9]],[[4810,6944],[-7,-2],[-2,0],[-9,9],[-11,-1],[-3,-2],[-5,-11],[-6,-6],[-5,0],[-4,2],[-26,26]],[[4732,6959],[2,9],[-1,6],[-2,4],[-4,3],[-15,0],[-4,2],[0,4],[3,12],[-3,10]],[[4708,7009],[-15,-10],[-4,8],[-3,2]],[[4686,7009],[-26,2],[-12,15]],[[4648,7026],[-8,3],[-2,4],[0,17],[-5,28]],[[4633,7078],[3,7],[-10,22],[-5,6],[-1,5],[-4,4],[-4,6],[-1,4],[2,6],[-2,4]],[[4611,7142],[-2,15],[-10,-3]],[[4599,7154],[-5,-6],[-12,4],[-9,-11],[-10,-5],[-4,3],[-5,11],[-5,7],[-2,9],[-10,-3],[-9,5],[-11,-1]],[[4517,7167],[-8,24]],[[4509,7191],[-4,8],[0,21],[-2,8],[-3,4],[-5,2],[3,6],[3,1],[-2,2],[1,1],[3,2],[2,-2],[1,5],[3,1],[0,3],[6,-3],[11,1],[-1,5],[1,3],[5,2],[4,6],[-2,13],[3,6],[3,0],[1,3],[-2,4],[3,1],[3,6],[-2,2],[13,3],[2,3],[-5,14],[1,7],[6,2],[3,6],[3,-1],[3,4],[1,0],[1,-6],[2,0],[4,8],[-3,4],[6,0],[4,-4]],[[4583,7342],[6,2],[0,3],[-3,4]],[[4586,7351],[4,5],[5,2],[1,4],[6,0],[4,5],[4,1],[11,2],[5,6],[5,0],[5,6],[5,0]],[[4641,7382],[5,4],[4,0],[7,-3],[4,0]],[[4661,7383],[5,-3],[2,-5]],[[4668,7375],[1,-9],[15,-10],[3,-3],[2,-8]],[[4689,7345],[11,-9],[6,-1]],[[4706,7335],[8,2],[11,17]],[[4725,7354],[12,-13],[13,-10],[11,-6],[7,-8]],[[4768,7317],[16,-1],[1,-2],[0,-8],[2,-6]],[[4787,7300],[14,-2],[6,-11],[10,-15]],[[4817,7272],[10,-9],[3,-1],[7,10]],[[4837,7272],[9,-4],[21,36]],[[4867,7304],[13,14],[9,1]],[[4889,7319],[9,-8],[6,-1],[7,3],[20,4],[4,3],[15,47],[4,4],[7,-1],[1,12],[9,-3],[4,2],[9,1],[6,4],[14,-3],[20,2],[5,2],[5,-6],[12,-7],[0,-7],[4,-9],[21,-2],[7,3],[3,-1],[1,3],[9,6],[1,3],[3,3],[7,3],[3,6],[3,3],[3,-3],[1,-8],[-2,-10],[-5,-14],[-1,-12],[12,-10]],[[5116,7328],[9,-10],[3,-1],[14,7]],[[5142,7324],[18,13],[9,5],[10,-3],[9,-6],[4,0],[8,6],[11,14],[15,1],[5,3],[4,5],[6,5],[2,7],[4,3],[6,-1],[5,-8],[4,-2],[18,3],[1,7],[3,3],[6,-4],[1,6],[3,-5],[4,-1],[-3,17],[4,18],[4,7]],[[5303,7417],[12,5],[10,-1],[7,-3],[11,5],[1,-3],[6,1]],[[5350,7421],[5,4],[17,21],[5,-11],[1,-13]],[[5378,7422],[7,-7],[27,-9]],[[5412,7406],[12,-1],[6,-5],[3,1]],[[5433,7401],[3,-3],[4,-8],[6,-5],[1,-3]],[[5447,7382],[-2,-9],[-10,-6]],[[5435,7367],[-3,-7],[-4,-15],[-1,-13]],[[5427,7332],[2,-5],[6,4]],[[5435,7331],[3,-5],[4,1],[1,-2],[3,-1],[0,-5],[2,-2],[-1,-3],[2,1],[6,-6],[1,-3],[-2,-4],[3,-5],[4,-3],[5,-1],[-1,-4],[1,-2],[1,2],[3,0],[4,-4],[2,-3],[1,1],[3,-4],[0,-4]],[[5480,7275],[2,1],[2,4]],[[5484,7280],[3,0],[1,-3],[-1,-2],[2,-2],[1,2],[3,1],[1,-3],[4,3],[0,4],[1,-2],[2,0],[-2,-3],[2,0],[4,-3],[1,2],[-2,4],[2,1],[-1,3],[7,1],[2,-2],[1,5],[5,0],[0,3],[2,5],[2,2],[3,0],[1,5],[2,-1],[8,13],[6,4],[2,-1],[0,4],[6,10],[5,4]],[[5557,7334],[5,2],[12,11]],[[5574,7347],[4,9],[4,0],[1,-68]],[[5583,7288],[-4,-4],[-5,-12],[-8,-5],[-9,-2],[-2,-4],[2,-3],[1,1],[4,-3],[0,-4],[-2,-1],[2,-3],[0,-2],[3,0],[1,-5],[2,0],[3,-8],[0,-3],[3,-1]],[[5574,7229],[-1,-4],[-3,1],[2,-7],[-3,0]],[[5569,7219],[-1,-2],[-1,-11]],[[5567,7206],[-3,-1],[-7,2],[-7,-14],[-8,-2]],[[5542,7191],[-6,-3],[-2,-6],[2,-13],[-2,-7]],[[5534,7162],[5,0],[4,-3],[7,5],[4,-2],[5,1],[4,3],[1,-1],[2,2]],[[5566,7167],[2,0],[7,5]],[[5575,7172],[2,-2],[0,2],[-1,2],[2,0],[0,3],[7,-2],[7,-10],[3,0],[5,-3]],[[5600,7162],[3,-9],[0,-1]],[[5603,7152],[-9,-4],[-16,-5]],[[5578,7143],[0,-3],[10,-22]],[[5588,7118],[2,4],[5,1],[3,6],[2,-2],[4,4],[3,-1],[0,6],[2,-1],[3,3],[3,-1],[0,3],[3,-1],[0,5],[4,1],[-1,3],[1,6],[2,0],[0,-3],[3,1],[-3,4],[17,8],[-2,4],[5,0],[1,6],[4,2],[5,1],[0,3],[6,2],[-4,2],[0,2],[5,0],[3,4],[5,-4],[2,3],[3,0],[1,-2],[2,3],[1,-1]],[[5678,7189],[4,2],[2,-3]],[[5684,7188],[2,0]],[[5686,7188],[2,-4]],[[5688,7184],[1,2],[0,-2],[4,0],[1,-8],[-4,-12],[-1,-7],[2,-8],[-4,-12],[5,-10],[3,-16],[-5,-16],[0,-5],[-1,-8],[-6,-11],[1,-24],[6,-1],[1,5],[3,-1],[0,3],[3,1],[0,2],[5,6],[2,0],[2,-5],[6,8],[6,4],[3,-1],[1,3],[4,-3],[3,5]],[[5729,7073],[10,-2]],[[5739,7071],[3,-17],[-3,-8],[0,-3],[9,-13],[1,-4],[-3,-10],[-5,-5],[-6,-3],[0,-2],[7,-12],[-2,-16],[1,-9],[2,-5],[6,0],[0,-4],[4,-7],[-1,-4],[-5,-2],[0,-4],[-3,0],[-2,-3],[1,-5],[-3,1],[-2,-5],[-3,0],[-4,-7],[-4,2],[-2,-1],[1,-4],[-3,1],[-6,-9],[0,-3],[-3,-1],[-1,-5],[-6,-3],[-3,1],[1,-5],[-2,-3],[-4,3],[-4,-4],[-1,5],[-3,-3],[-8,2],[-5,-1],[-2,-3],[-3,1],[-2,-4],[-3,0],[1,-5],[-6,1],[-3,-7],[-5,2],[-2,-1],[-4,-5],[4,-5],[-5,-6],[-8,4],[-2,-2],[-3,-9],[-3,-2],[-3,3],[-3,0],[-3,-4],[0,-6],[-2,0]],[[5621,6848],[1,3],[-2,1],[-3,-2]],[[5617,6850],[-1,-3],[-1,1],[1,1],[-1,1],[-3,-5],[-2,2]],[[5610,6847],[1,1],[-1,1],[-2,-2]],[[5608,6847],[0,-2],[-2,-4]],[[5606,6841],[0,-3],[-8,0]],[[5598,6838],[1,-4],[-5,2],[-1,5],[-4,3],[-4,-5],[-1,-7],[-2,3],[-8,-2],[-1,3],[2,1],[-3,1],[-2,-1],[1,-3],[-2,0],[0,-2],[-2,2],[-1,-2],[-1,3],[-2,-3],[-1,3],[-3,-3],[1,-2],[-2,3],[-2,-5],[-4,2],[1,-3],[-3,1],[2,-2],[-5,1],[-2,-2],[25,-25],[7,-12],[2,-10],[-3,-22],[11,-6],[4,1],[2,-6],[5,-7],[4,5],[-6,1],[-1,6],[2,1],[2,-4],[3,7],[7,0],[6,-14],[-2,-3],[-5,0],[0,-2],[9,-4],[-1,6],[1,4],[2,-2],[1,-12],[-2,-8],[1,-5],[-3,-9],[2,-6],[0,-8],[2,-4],[4,2],[3,-1],[2,13],[3,0],[2,1],[2,8],[-2,10],[3,6],[4,-2],[10,0],[10,-9],[3,-9],[3,-17],[-5,-11],[7,-13],[3,-4],[3,-1],[3,3],[2,16],[3,-2],[2,-6],[0,-10],[-4,-13],[2,-7],[2,1],[3,6],[4,0],[2,-2],[0,-4],[5,1],[2,-1],[2,-8],[2,-4],[1,2],[-1,5],[6,2],[1,7],[3,-1],[-1,-7],[4,-6],[-3,-4],[1,-6],[-6,1],[-5,-2],[-15,-15],[0,-3],[6,-14],[-4,-13],[-10,-14],[5,-6],[3,0],[5,-7],[3,-8],[0,-7],[-3,-9],[2,-9],[7,-8],[0,-7],[2,-1],[5,2],[3,-14],[19,-11],[1,-11],[1,-4],[12,-14],[1,-10],[-9,-25],[-1,-19],[6,-2],[1,-6],[8,-8],[7,-12],[4,-2],[5,1],[3,-4],[5,16],[4,23],[2,2],[2,0],[4,-16],[7,-4],[8,0],[-6,-7]],[[5798,6375],[3,-16],[1,-3]],[[5802,6356],[9,-8]],[[5811,6348],[3,-7],[5,-1],[8,10]],[[5827,6350],[9,1],[8,-11]],[[5844,6340],[2,-15],[12,-11],[6,-12],[11,-5],[14,0]],[[5889,6297],[16,-7],[4,1]],[[5909,6291],[-1,-16],[-1,-7],[-7,-16]],[[5900,6252],[-10,-10]],[[5890,6242],[-3,-8],[7,-28]],[[5894,6206],[-3,-5],[-7,-4]],[[5884,6197],[-5,-16],[6,-10]],[[5885,6171],[1,-6],[-4,-14],[-6,-12]],[[5876,6139],[1,-17],[2,-3],[6,-3],[12,-2]],[[5897,6114],[5,-13],[8,-8],[5,-10],[6,-18],[10,-12],[13,-4],[0,-5],[-5,-16],[0,-4],[4,-5],[22,-6],[10,-7],[17,1],[27,-5],[8,5],[7,1]],[[6034,6008],[5,-8],[2,-26]],[[6041,5974],[-5,-15],[11,-13],[3,-7],[-12,-19],[-2,-9],[-4,-7],[4,-7],[0,-3]],[[6036,5894],[-6,-5],[-1,-3],[0,-3]],[[6029,5883],[10,-10],[-11,-5],[-3,-3]],[[6025,5865],[1,-9],[-2,-9],[-1,-12],[4,-14],[-3,-11],[3,-16],[-2,-9],[3,-14],[-5,-4],[-19,1],[-14,-5]],[[5990,5763],[-8,1],[-14,-10]],[[5968,5754],[-10,-4],[-5,-6]],[[5953,5744],[-2,-6],[0,-14]],[[6258,8564],[-5,2]],[[6253,8566],[-6,6],[-12,-9],[-2,-13]],[[6233,8550],[-10,-6],[1,-5]],[[6224,8539],[-2,-4],[0,-3],[3,-3],[8,-1],[0,-1],[-3,-6],[-5,-19],[-7,-7],[-5,-9],[1,-13],[-3,-9],[1,-14],[-8,-14],[-8,-9],[2,-9],[-7,-11],[2,-22],[-3,-11]],[[6190,8374],[2,-10],[-3,-9],[1,-5],[-3,-8],[-2,-1]],[[6185,8341],[-3,2],[-12,19]],[[6170,8362],[-9,0],[-7,8],[-6,1],[-6,6],[-2,8],[-3,2],[-9,-16],[-5,-12],[1,-6],[-2,-4],[2,-4],[7,-5],[-2,-5],[-3,-1],[-8,0],[-5,-8],[-4,2],[-2,8],[-10,7]],[[6097,8343],[-8,-3],[-2,-13]],[[6087,8327],[-2,-3],[1,-15],[-7,-11],[-5,-19],[-10,0],[-4,-5],[-5,3],[-4,-4],[-3,-13],[-3,1],[-3,-5],[-4,-9],[-1,-7],[-3,-5],[-2,-1],[-7,5]],[[6025,8239],[-7,-6],[0,-8]],[[6018,8225],[9,-15],[2,-13],[4,-8],[0,-7],[1,-3],[2,-21],[-4,-10],[-8,-2],[-6,7],[-6,2],[-3,10],[-6,7],[-4,0],[-5,-5],[-5,1]],[[5989,8168],[1,9],[-2,7],[-4,12],[-8,11],[-9,6]],[[5967,8213],[-5,-2]],[[5962,8211],[-8,2],[-15,-5]],[[5939,8208],[-8,-13],[-6,3]],[[5925,8198],[-10,-8],[-2,-9],[-7,-5]],[[5906,8176],[-1,-4],[-1,-5]],[[5904,8167],[4,-11],[-2,-8]],[[5906,8148],[0,-6],[-2,-6],[-4,0],[-3,10]],[[5897,8146],[-12,10],[1,4],[-3,2],[-1,4],[-4,1],[-4,9],[1,4],[-3,2],[-6,-2],[-2,3],[4,1],[-3,5],[-3,1]],[[5862,8190],[-2,-2],[-1,2],[0,7]],[[5859,8197],[4,9],[-1,9],[-3,3],[-10,7],[-7,-6]],[[5842,8219],[-18,-1],[-14,-6],[-10,-9],[-5,-16]],[[5795,8187],[-1,-15],[-4,-14]],[[5790,8158],[4,-28],[5,-5]],[[5799,8125],[5,-7],[9,-2],[4,-5],[-1,-9],[2,-13],[-4,-9],[-3,-3],[-12,14],[-8,2],[-9,11],[-5,16],[-9,8],[0,3],[-6,6],[-1,5],[-5,0],[-2,5],[-6,8],[-6,4],[-4,-1],[-4,5],[-6,-1],[-5,6],[-11,-1],[0,6],[-5,8],[-2,12],[-13,14],[-6,17],[-14,-4],[-12,4],[-7,-2],[-17,-10]],[[5636,8212],[-23,-18],[-15,-8],[1,5]],[[5599,8191],[5,8],[0,3],[-5,0]],[[5599,8202],[-3,2],[-3,-2],[1,5],[-6,5],[-4,9],[0,6],[-5,3],[-1,7],[-4,2],[-2,4],[-2,-4],[-1,0],[1,7],[-4,3],[-4,-1],[0,5],[-7,2]],[[5555,8255],[-6,8],[-5,-1]],[[5544,8262],[-10,8],[-4,0],[-2,4],[-4,3],[-1,7],[-4,-2],[1,5],[-5,1],[-2,5]],[[5513,8293],[-4,5],[2,5]],[[5511,8303],[-2,12],[-1,1],[-2,-4],[-2,0]],[[5504,8312],[-2,2],[1,9],[-5,-1],[-2,4],[-8,1],[-2,6],[-4,1],[-3,4],[3,3],[-4,2],[3,6],[-2,1],[-6,-4],[1,7],[-6,0],[-7,10],[-3,3],[0,7],[-2,2],[-4,-3],[0,5],[-5,0],[0,1],[2,6],[-4,0],[-3,3],[-1,8],[-4,2],[2,2],[0,3],[-9,2],[-5,4],[-2,5],[-5,1],[2,7],[-2,6],[2,12],[-3,-1],[-4,3],[-8,-3],[-2,6],[-4,4],[2,9],[-2,2],[-3,-1],[-4,12],[-4,-2],[-3,5],[-7,1],[-7,6],[-2,-8],[-2,-1]],[[5367,8471],[-8,8],[-3,-8]],[[5356,8471],[-4,-3],[-5,0],[-2,-5],[-9,-6],[-3,-8],[-4,0],[-3,-5],[-7,-3]],[[5319,8441],[-2,4],[-9,3],[-2,6],[-5,1],[-2,4],[-5,-3],[-1,-4],[-9,6],[-6,7],[-3,0],[-1,-3],[-3,2],[0,5],[-3,5],[-2,-1],[-2,3],[-4,-5],[-3,-1],[-8,10],[-3,-3],[-5,-1],[-2,7],[-6,3],[2,6],[-3,-2],[-4,7],[-3,1],[-2,4],[1,4],[0,3],[-5,3],[-1,-3],[-4,2],[-3,5],[1,9],[-4,0],[-2,3],[-1,-2],[-2,1]],[[5203,8527],[0,-2],[-2,-1],[-2,4],[-3,1]],[[5196,8529],[-1,3],[2,5]],[[5197,8537],[-5,6],[1,13]],[[5193,8556],[-4,3],[1,18],[2,4],[-3,9],[-3,5],[1,4],[-3,13],[1,5],[-4,4],[2,12]],[[5183,8633],[-8,6],[0,4],[4,8]],[[5179,8651],[-1,4],[-2,3],[-1,6],[-5,8],[0,5],[3,8],[-8,9],[-1,5],[-6,3]],[[5158,8702],[-4,7],[-5,-5]],[[5149,8704],[-10,3],[-5,5]],[[5134,8712],[-6,-1],[-4,13],[-9,4]],[[5115,8728],[-8,-1],[-2,-2],[-3,1],[-1,-2],[-2,2],[-4,-1],[-1,4],[-5,-10],[0,-4],[-3,2],[-3,-3],[-2,3],[-2,8],[-3,1],[-3,-2],[-2,3],[-4,1],[0,6],[-3,0],[-4,7],[-3,-3],[-5,1],[-1,4],[-2,-1],[-4,3],[-6,0],[-4,3],[-1,3],[-8,-3],[-1,4],[-2,-3],[-6,3],[-2,-1],[-5,10],[-1,11],[1,4],[-2,1],[-3,8],[0,2],[-4,8]],[[5001,8795],[-4,1],[-5,5],[-5,2]],[[4987,8803],[2,5],[0,11],[-3,5],[-2,10],[3,7],[8,7],[1,4],[-4,7],[-9,5]],[[4983,8864],[0,4],[6,6],[2,5]],[[4991,8879],[11,7],[4,9],[1,8],[3,7],[-1,15],[2,4],[6,2],[11,9]],[[5028,8940],[0,10],[-4,2],[-2,6],[-6,5],[-15,6]],[[5001,8969],[-6,7],[-10,6],[-7,15],[-13,6],[-2,9],[-3,3]],[[4960,9015],[-5,25],[-2,2]],[[4953,9042],[-4,14],[-4,7],[-4,-1]],[[4941,9062],[-7,7],[-3,-1],[1,4],[-5,0],[0,5],[-3,2],[-7,-3],[-1,3],[-4,-1],[-2,6],[-4,-1],[-3,3]],[[4903,9086],[-7,0],[-2,-1]],[[4894,9085],[-3,1],[-4,-2],[-2,-6],[-7,-1],[-10,5],[-12,2]],[[4856,9084],[-6,5],[-1,6],[3,2],[0,3]],[[4852,9100],[8,18],[-2,1],[1,2],[2,-2],[0,3],[5,-1],[-2,8],[8,6],[1,10],[1,-3],[5,0],[-2,4],[4,6],[5,2],[10,13],[0,12],[3,3],[9,-2],[2,1],[0,4],[2,2],[7,-2],[6,3],[8,-8],[0,-5],[5,-3],[0,-2],[2,1],[3,-2],[1,3],[3,0],[2,2],[8,4],[6,-9],[1,-6],[3,-1],[4,2],[1,4],[3,-1],[1,3],[7,4],[6,1],[5,-6],[2,1],[0,5],[6,8],[-2,3],[3,1],[1,3],[4,1],[1,6],[7,11],[6,0],[1,-5],[4,-2],[9,4],[2,2],[3,1],[1,3],[4,1],[11,12],[5,10],[6,5],[4,-1],[1,6],[-1,4],[-2,2],[0,4],[6,3],[2,7],[1,1],[2,-4],[4,-3],[3,1],[0,3],[2,6],[-2,5],[4,2],[4,-2],[8,6],[4,-1],[7,9],[4,-1],[1,2],[5,11],[-1,5],[-2,0],[-2,4],[0,3],[4,-3],[2,-3],[2,0],[5,9],[8,1],[7,-6],[0,3],[-4,5],[3,5],[-2,1],[0,3],[7,2],[6,6],[3,14],[7,-4],[2,6],[2,9],[10,7],[5,-4],[2,6],[7,8],[2,10],[7,4],[-1,3],[5,2],[0,3],[6,6],[4,6],[2,-1],[3,1],[0,-3],[2,-1],[1,2],[5,-3],[1,8],[7,-2],[4,4],[3,-1],[2,8],[8,3],[-3,-4],[9,-6],[10,-4],[5,1],[0,-3],[3,-2],[7,0],[2,3],[1,-3],[22,-4],[4,-2],[12,5],[16,20],[9,28],[1,8],[4,5],[1,6],[2,1],[1,-2],[-1,-3],[1,-2],[2,5],[3,1],[0,2],[-1,2],[2,2],[-1,6],[3,0],[3,4],[33,10],[1,4],[-3,2],[1,4],[8,-1],[2,-3],[3,6],[-1,6],[4,1],[3,-2],[1,1],[-2,4],[-4,3],[0,3],[5,1],[2,4],[5,2],[5,6],[2,0],[4,-7],[0,5],[3,3],[2,0],[2,-2],[1,4],[3,-1],[-3,8],[5,-5],[5,2],[3,4],[13,3],[0,6],[8,2],[1,4],[-3,7],[12,-2],[5,9],[11,2],[2,4],[1,-1],[-1,-6],[1,-2],[2,5],[4,3],[-2,4],[2,1],[6,11],[3,-2],[3,3],[4,1],[7,-4],[-1,17],[-1,-1],[0,-7],[-2,-3],[-4,5],[-3,-2],[-3,2],[4,5],[0,5],[4,0],[3,5],[0,9],[-1,4],[1,2],[6,6],[6,-3],[4,3],[4,1],[0,3],[-2,3],[-3,0],[-2,-3],[-3,1],[3,10],[-2,2],[-2,8],[5,-2],[6,2],[1,4],[0,2],[-5,1],[-5,5],[-1,4],[2,5],[5,0],[4,-4],[4,2],[2,-4],[5,2],[1,6],[-7,5],[-1,3],[1,2],[8,-4],[3,-4],[10,0],[1,7],[-1,3],[6,-1],[5,7],[7,2],[4,4],[6,-1],[2,3],[3,-3],[4,6],[3,1],[0,7],[1,3],[4,-5],[2,1]],[[5634,9730],[1,-13],[5,-9],[4,-16],[-3,-13],[-16,-32],[1,-7],[6,-9],[8,-16],[0,-23],[-3,-10],[2,-14],[-4,-13],[-1,-6],[48,0],[4,-2],[0,2],[6,1],[1,-3],[4,0],[1,2],[2,-2],[1,2],[5,-2],[0,2],[3,1],[1,-2],[2,2],[2,-2],[2,4],[1,-2],[3,1],[1,-3],[2,2],[4,-1],[2,2],[-2,2],[2,1],[1,-6],[8,-15],[13,-8],[2,-5],[7,-5],[3,-7],[5,-5],[5,-2],[14,1],[4,-1],[7,2],[11,-8],[3,-11],[-3,-10],[2,-9],[3,-4],[10,-3],[8,-6],[3,-3],[0,-4],[-3,-9],[-1,-8],[-5,-16],[2,-3],[12,-4],[2,-5],[-3,-4],[-11,-4],[-1,-5],[1,-6],[-1,-5],[-5,-7],[-6,-4],[1,-13],[-7,-10],[-1,-6],[6,-6],[8,-2],[8,-19],[1,-12],[-1,-6],[-8,-14],[6,-9],[3,-12],[9,-10],[4,-1],[12,-9],[7,-12],[9,-7],[4,-7],[6,1],[7,-9],[5,-1],[16,2],[9,-3],[10,-6],[13,3],[8,-2],[5,-3],[6,-11],[7,-6],[4,2],[6,13],[9,0],[14,-17],[0,-12],[28,-15],[8,-7],[7,-13],[4,-2],[10,-1],[2,4],[3,14],[6,2],[10,-2],[1,-5],[-1,-7],[3,-5],[14,-4],[2,2],[0,2],[-6,6],[-1,5]],[[6092,9135],[7,5],[5,12],[3,1],[22,-5]],[[6129,9148],[21,1],[8,2],[7,-5],[6,-2],[3,5],[-1,6],[16,-6],[3,4],[4,1],[1,3]],[[6197,9157],[6,2],[5,-6]],[[6208,9153],[15,-6],[2,-3],[0,-7],[8,-8]],[[6233,9129],[7,-2],[59,16]],[[6299,9143],[-3,-7],[-4,-23]],[[6292,9113],[-8,-7],[-4,-6]],[[6280,9100],[-1,-13]],[[6279,9087],[4,-19],[1,-12],[-2,-14]],[[6282,9042],[-7,-21],[-4,-6],[-6,-5]],[[6265,9010],[4,-6],[-2,0],[-1,-5],[-7,-6],[0,-3],[2,-2],[2,3],[2,-5],[-2,-1],[1,-3],[-1,-6],[2,-1],[0,-4],[-7,-15],[3,-4],[-7,-20],[-5,-9],[-2,0],[0,-3],[-2,-1],[1,-6],[-2,-3],[0,-3],[-4,-4],[-1,-5],[-3,-1],[-1,-5],[1,-6],[-4,-5],[3,-3],[7,2],[8,-9],[8,-4],[1,-9],[-1,-2],[13,-12],[-1,-2],[4,-6],[-2,-2],[1,-5],[8,-7],[2,-3],[5,-3],[6,5],[1,-2],[3,0],[0,3],[4,3],[7,-7],[1,-7],[4,-1],[0,-3],[8,-6],[3,-6],[0,-4],[5,-2],[2,-6],[3,1],[2,-2],[3,0],[3,-5],[3,-1],[0,-4]],[[6346,8772],[3,-6],[6,-4],[5,0]],[[6360,8762],[2,-3],[2,-5],[-3,-8]],[[6361,8746],[2,-14],[0,-14],[-5,-9],[-6,-15],[2,-34],[2,-8],[-4,-10],[0,-8],[6,-5],[-1,-6],[2,-3],[-2,-4],[2,-3],[-5,-5]],[[6354,8608],[0,-4],[-3,-6],[-3,-4]],[[6348,8594],[-6,-2],[-1,-3],[-7,1]],[[6334,8590],[-6,-4],[-3,-10],[-3,-2],[-1,-9],[-4,-1],[-8,-14]],[[6309,8550],[-14,-15],[-2,3]],[[6293,8538],[2,3],[-2,8],[-9,8]],[[6284,8557],[-4,1],[-17,-2],[-5,8]],[[9055,5679],[-2,6],[-5,5],[2,13],[-5,7],[-4,-2],[-7,1],[-2,-4],[-4,-2],[0,-2],[-3,-2],[-3,6],[-10,8],[-5,8],[-7,-3],[-3,-2],[-4,1],[-4,-5]],[[8989,5712],[-10,2],[-4,7]],[[8975,5721],[-3,1],[-3,-2],[-3,-8]],[[8966,5712],[4,-11],[-1,-4],[-3,-4],[-7,-1],[0,6],[-1,2],[-6,1],[-1,-11],[-3,-2],[1,-7],[-7,-6],[-8,-2],[-1,-3],[-1,-11],[-6,2],[-3,5],[-2,0],[-2,-2],[0,-7],[-1,-1],[-6,4],[-3,6],[-7,0],[-4,21],[-8,3],[-3,4],[-2,17],[2,7],[-2,3],[-9,6],[-6,-9],[-3,-1],[-5,1],[-2,4],[-5,-1],[-4,1],[0,2],[3,8],[0,3],[-11,9],[1,11],[2,6],[-4,2],[1,5],[-2,3],[-1,5],[5,4],[1,9],[7,9],[2,1],[6,-6],[7,-1],[4,8],[3,2],[4,7],[6,3],[1,18],[-1,7],[4,6],[10,-11],[2,-5],[5,2]],[[8906,5829],[-6,12]],[[8900,5841],[-1,13],[-8,10],[-5,2],[-12,23],[-7,4],[-3,0],[0,-3],[-4,-1],[-3,5],[-4,1],[-2,6],[-2,10],[-3,5],[-2,0],[1,2],[-2,4],[2,3],[-1,1],[8,3],[1,4],[-1,2],[2,4],[-1,7],[7,2],[1,10],[5,2],[3,6],[-4,4],[-6,2],[4,14],[1,13],[-6,2],[-3,13],[-4,4],[1,7],[-4,5],[-18,2],[-6,9],[0,11],[-10,16],[2,6],[0,2],[-11,1],[-7,9],[-9,2],[-5,7],[8,13],[3,0],[1,5],[4,3],[5,-8],[1,-7],[11,-11],[6,-3],[3,1],[6,-9],[5,-4],[1,-6],[7,4],[5,-2],[1,-3],[6,0],[1,4],[3,0],[4,7],[3,1],[3,13],[2,0],[2,4],[1,-1],[4,3],[1,6],[5,3],[5,-4],[6,4],[-1,6],[4,7],[6,1],[-1,-5],[8,-4],[6,-8],[6,-2]],[[8925,6103],[5,7]],[[8930,6110],[-1,4]],[[8929,6114],[3,6],[3,0]],[[8935,6120],[2,-2],[5,0],[15,8]],[[8957,6126],[9,2],[3,7],[8,-2],[0,4],[1,4],[1,3],[3,-1]],[[8982,6143],[3,6],[4,-3]],[[8989,6146],[0,-18],[4,-4],[13,-1],[6,7],[8,2],[4,4],[5,8],[0,9],[-5,10]],[[9024,6163],[-9,24],[5,8],[1,11],[6,9],[2,9],[4,1],[6,-5],[4,0],[7,16],[-4,10],[0,7],[-6,6],[-6,5],[-3,-1],[-2,-4],[-7,3],[0,6],[3,7]],[[9025,6275],[-5,16],[-1,2]],[[9019,6293],[-5,1],[-2,3],[-4,2],[-8,16],[1,4],[5,2],[4,12],[3,2],[7,-2],[8,7],[-1,8],[-11,9],[1,11],[-3,13],[1,9],[10,17],[-2,3],[-4,-1],[-2,1],[-3,14]],[[9014,6424],[9,12],[4,1]],[[9027,6437],[4,-5],[7,1],[11,-3],[15,1],[10,-8],[6,-12],[2,-2],[4,3],[3,12],[9,-4],[8,4],[2,-3],[2,-10],[8,-4],[-2,-8],[1,-3],[2,-1],[6,3],[4,-8],[4,-2],[4,5],[2,0],[2,-9],[2,-3],[3,1],[4,8],[7,2],[2,13],[8,-7],[3,0],[6,15],[7,3],[9,-1],[4,5],[8,-5],[4,-1],[12,6],[4,-1],[4,-4],[2,-10],[7,-4],[3,0],[7,12],[4,1],[7,-9],[3,-10],[0,-5],[-7,-11],[1,-7],[5,-8],[11,-5],[4,1],[3,5],[8,-6],[6,6],[10,-3],[4,6],[1,3],[3,3],[2,5],[3,4],[3,10],[0,9],[4,3]],[[9322,6405],[8,1],[0,-5],[4,-1],[2,-4],[1,-14],[-4,-7],[3,-8],[-3,-5],[-11,-4],[-7,-7],[-1,-3],[2,-3],[8,-5],[3,-6],[10,-3],[5,1],[5,5],[6,2],[9,-2],[14,-23],[16,-9],[7,-2],[7,0],[1,-6],[-1,-9],[8,-10],[5,-10],[5,-1],[2,-3],[2,-9],[8,-3],[3,1],[1,-5],[-3,-9],[2,-6],[-4,-6],[-1,-10],[3,-8],[9,-8],[9,-25],[2,-4],[3,-11],[15,-12],[5,10],[5,3],[3,1],[4,-3],[5,3],[7,-2],[0,-3],[-3,-6],[4,-11],[-2,-4],[-4,4],[-2,-15],[4,-13],[5,1],[5,-2],[5,-17],[8,6],[8,11],[7,-1],[3,-7],[6,-21],[6,-9],[2,8],[4,7],[-1,7],[-2,4],[1,9],[1,2],[2,0],[10,-16],[2,-7],[4,-4],[6,-9],[-3,-11],[3,-10],[4,-3],[9,-2],[8,-10],[-1,-16],[2,-9],[2,-4],[4,1],[4,-2],[3,-20],[3,-5],[4,-5],[4,0],[13,8],[3,-7],[4,-6],[7,-4],[9,-2],[6,3],[3,-4],[2,-12],[4,-7],[-3,-12],[-1,-7],[3,-8],[-2,-9],[-1,-12],[4,-5],[7,-3],[1,-3],[3,-11],[-3,-10],[1,-7],[2,-2],[5,3],[6,-5],[2,0],[5,-4],[6,-18],[-34,-51],[-45,-30],[-2,-12],[5,-8],[16,-15],[10,-3],[3,-3],[4,-11],[0,-15],[-11,6],[-18,4],[-4,7],[-6,4],[-8,0],[-14,12],[0,6],[-8,1],[-6,-2],[-3,8],[-4,2],[-5,-2],[-3,2],[-9,13],[-11,4],[-3,0],[-3,-7],[-3,0],[-5,3],[-6,6],[-4,-6],[-12,-1],[-3,4],[-2,1],[-10,1],[-3,-4],[-10,0],[-14,6],[-11,3],[-8,0],[-4,-2],[-3,-9],[-2,0],[-4,7],[-7,5],[-7,11],[-5,1],[-5,-4],[-7,0],[-6,7],[-3,8],[-3,4],[-9,3],[-8,-5],[-4,-8],[-6,-5],[-7,-2],[-11,-8],[-15,-2],[-2,-14],[2,-7],[-3,-3],[-9,3],[-11,-2],[-3,-2],[-2,-5],[3,-3],[0,-3],[-9,-13],[6,-5],[1,-3],[-9,-10],[-1,-3],[2,-8],[-2,-6],[-11,0],[-7,-3],[-3,-4],[-2,-11],[-9,-8],[-3,3],[-8,0],[-4,-3],[-3,4],[-2,0],[-6,-3],[-12,-13],[-5,3],[-2,10],[-4,4],[0,5],[-9,4],[-13,-5],[-3,0],[-6,-5],[-6,4],[-2,3],[-11,1],[-1,1],[-1,6],[3,12],[0,6],[-6,-1],[0,6],[-4,2],[-3,-4],[-8,-3],[-1,2],[3,9],[-5,10],[0,7],[-4,-2],[-5,8],[-4,-3],[-1,-5],[-10,-6],[-4,3],[-1,8],[-6,-3],[-1,-4],[-8,-8],[-2,-7],[-3,-4],[-6,-3],[-3,-10],[-7,3],[-2,6],[-4,-1],[-5,12],[-6,-8],[-1,-6],[-6,2],[-4,-6],[-3,1],[-4,-3],[-3,1]],[[6734,4322],[-2,6],[-3,3],[-5,-9]],[[6724,4322],[-10,5],[-4,0],[-4,-4],[-7,2],[-1,6],[2,5],[-4,14],[0,5],[-4,7],[-4,4]],[[6688,4366],[-3,9],[-14,7]],[[6671,4382],[-8,3],[-7,14],[-8,-1],[-3,-2],[-2,1]],[[6643,4397],[-8,24],[-3,21]],[[6632,4442],[-9,8]],[[6623,4450],[-4,9],[1,10]],[[6620,4469],[-2,2]],[[6618,4471],[-3,8],[4,4]],[[6619,4483],[-1,5],[5,3],[0,5],[-12,17]],[[6611,4513],[-3,12],[-8,9]],[[6600,4534],[-2,6],[-5,4]],[[6593,4544],[0,7],[-2,6],[-6,11]],[[6585,4568],[-5,1]],[[6580,4569],[-1,3],[2,7]],[[6581,4579],[14,6],[5,9],[11,-4],[3,6],[5,1],[6,5],[6,0],[1,2],[-2,3],[-8,4],[3,11],[9,8],[5,-3],[4,0],[4,4],[-2,8],[2,5],[-1,6],[-3,9],[-3,1],[-1,7],[2,7],[9,10],[0,4],[-1,9],[4,6],[-4,10],[1,9],[-3,4],[-1,10],[-3,4],[-4,1],[-1,16],[3,11],[0,12],[5,8],[0,5],[-3,5],[3,7],[0,6],[3,3],[-2,3],[-3,9]],[[6644,4826],[-5,3],[-11,-12]],[[6628,4817],[-5,-1],[-3,-3],[-1,-4]],[[6619,4809],[6,-15],[0,-5],[-3,5],[-13,5],[-2,4],[1,7],[-2,3],[-19,12],[-3,-1],[-5,-6],[-7,1]],[[6572,4819],[-13,-7],[0,-4],[7,-26]],[[6566,4782],[0,-5],[-2,-4],[-19,11],[-2,6],[-13,20],[-6,-8],[-5,1],[-8,-2],[-2,-1],[-1,-3],[-4,-5],[-11,-1],[-2,-4],[0,-12],[-1,0],[-4,8]],[[6486,4783],[-6,0],[-3,-17]],[[6413,4885],[0,6],[7,3],[2,8]],[[6422,4902],[7,-1],[6,-3],[9,6],[3,3]],[[6447,4907],[7,0],[3,5],[1,5],[-5,5]],[[6453,4922],[4,2],[-1,4],[4,2],[1,8],[6,2]],[[6467,4940],[7,12],[0,5]],[[6474,4957],[4,5],[3,-5]],[[6481,4957],[5,1],[1,-3],[3,0]],[[6490,4955],[6,-5],[-1,-4]],[[6495,4946],[3,-3],[-1,-3],[3,-1],[0,-5],[5,-2],[0,-2],[7,0],[1,3],[2,-3],[3,1],[-2,7],[3,5],[-3,3],[2,3],[3,0],[4,-6],[3,0],[-3,5],[7,0],[2,-13],[4,-8],[2,-1],[-1,-6],[1,-2],[7,2],[1,2],[6,-3],[5,1],[3,0],[1,-2],[3,2],[5,-3],[5,2],[3,-8],[3,10],[2,1],[2,-8],[2,-2],[0,-5],[6,-3],[6,2],[2,-6],[2,-2],[4,4],[4,-4],[0,5],[7,5],[7,-7],[0,-4],[7,-1],[0,-3],[5,-3],[6,1]],[[6644,4891],[3,-6]],[[6647,4885],[3,-1],[0,-3],[4,-4],[1,0],[0,4],[2,-2],[3,2],[3,-4],[2,4]],[[6665,4881],[1,-3],[3,-1]],[[6669,4877],[-1,-2],[5,0],[5,-10],[5,0],[-1,-4],[4,-7],[6,-1],[4,1],[8,-3],[3,2],[2,-3],[0,-3],[3,-3],[3,2],[1,5],[4,2],[0,2],[2,5]],[[6722,4860],[4,2],[6,-1],[2,2]],[[6734,4863],[11,-9]],[[6745,4854],[5,2],[4,-7]],[[6754,4849],[-3,-6],[0,-5],[4,8],[1,7]],[[6756,4853],[-3,6],[-8,3]],[[6745,4862],[-4,6],[-2,10],[2,11],[-5,3],[-3,11],[2,2],[5,0],[2,3],[-3,6],[-5,4],[3,15],[-5,8],[-1,9],[-4,6]],[[6727,4956],[0,10],[-3,8],[-5,4]],[[6719,4978],[-6,0],[-4,6],[-4,2],[-5,-3],[-3,1],[-1,12],[-6,4],[-10,13],[-5,15],[-9,5],[-5,14],[-6,4],[0,7],[-9,10],[4,6],[-1,10],[5,4],[1,7],[4,4],[2,8],[-1,5],[5,8],[4,2],[-2,9],[3,5]],[[6670,5136],[1,9],[5,5]],[[6676,5150],[1,4],[2,1]],[[6679,5155],[1,4],[11,-2],[2,-4],[5,0]],[[6698,5153],[2,-2],[4,1]],[[6704,5152],[1,2]],[[6705,5154],[4,1],[1,10]],[[6710,5165],[3,-1],[3,1]],[[6716,5165],[0,8],[3,3],[-3,5],[11,5],[2,7],[0,6],[3,2],[0,6],[6,2],[3,4],[4,3],[0,5],[2,2],[-1,4],[-6,8],[8,3]],[[6748,5238],[4,6],[10,0]],[[6762,5244],[4,5],[3,13]],[[6769,5262],[3,5],[1,1]],[[6773,5268],[0,2],[5,6]],[[6778,5276],[5,13],[-2,7]],[[6781,5296],[1,3],[-1,5],[-3,3],[2,5],[12,10],[-5,5],[1,2],[2,-1],[0,3],[2,2],[5,0],[5,-6],[0,-4],[2,0],[3,-4],[4,2],[1,-4],[6,3],[1,5],[2,-2],[1,0],[1,-2],[2,2],[5,-1],[1,5],[7,-4],[2,-5],[4,0],[4,3],[6,-2],[1,-2],[4,-2],[0,-3],[4,-5],[9,-1],[4,-3],[4,1],[1,-6],[-2,-1],[5,-8]],[[6884,5289],[4,0],[4,4]],[[6892,5293],[4,-2],[6,4],[-2,3],[6,6],[-1,7],[2,2],[-2,2],[5,6],[4,3],[0,4],[4,9],[-1,5],[8,-1],[4,2],[2,-1]],[[6931,5342],[2,5],[4,0],[1,-3]],[[6938,5344],[3,0],[3,-2],[10,-15],[-1,-6]],[[6953,5321],[-3,-3],[5,-3]],[[6955,5315],[0,-3]],[[6955,5312],[1,-3],[4,-6]],[[6960,5303],[4,-13],[4,-3],[7,4],[1,5],[2,5]],[[6978,5301],[0,5],[5,2],[3,6],[0,5],[2,1],[6,-5],[0,-8],[5,-9],[-2,-9],[6,-11],[4,0],[3,-5],[6,0],[2,-2],[7,4],[9,-2],[6,2],[4,-6],[4,-4],[-1,-10],[4,-1],[1,3],[6,-1]],[[7058,5256],[0,-7]],[[7058,5249],[6,-2]],[[7064,5247],[2,-8],[-5,-8]],[[7061,5231],[-4,-3],[-1,-7],[2,-1],[4,1],[2,-4],[5,-3],[2,-4],[-6,-9],[4,-8],[3,-2],[-3,-7],[0,-6],[10,-2],[4,-4],[14,-5],[2,-14],[-3,-8],[1,-9],[3,-7],[-1,-4],[-6,-1],[-2,2],[-3,-1],[-1,-6],[-5,-3],[-4,1],[-4,-2],[-11,-1],[-8,-3],[-7,2],[-8,-3],[4,-8],[0,-7],[3,-10],[-6,-9],[1,-5],[-3,-12],[6,-12],[4,-1],[3,1],[3,-2],[-3,-10],[2,-7],[-4,-5],[-11,-3],[-3,-3],[-1,-5],[-6,-5],[-3,-12],[1,-12],[-5,-2],[-3,-9],[-13,0],[-3,1],[-3,4],[-2,0],[2,-7],[-2,-2],[2,-5],[-1,-7],[3,-2],[0,-2],[4,1],[2,-3],[-3,-7],[-2,-2],[2,-1],[0,-5],[-3,1],[0,-5],[-2,0],[1,-5],[3,-2],[-1,-6],[-2,-2],[1,-5],[-3,-2],[-1,-5],[1,-4],[2,-1],[-2,-5],[1,-4],[2,0],[-2,-9],[4,-3],[-3,-13],[8,-14],[8,-1],[4,-7],[0,3],[3,-1],[-1,-13],[-2,-3],[-3,9],[-9,2],[-13,-9],[-5,-1],[-5,-6],[-3,-6],[4,-6],[-4,-4],[-8,-17],[-5,-3],[2,-7],[-7,-14],[-1,-8],[-4,-1],[-2,-6],[-5,-5],[-6,-2],[-5,2],[-5,-4],[-8,1],[-4,-5],[-4,-2],[-4,-5],[-10,8],[-7,1],[-1,-13],[5,-7],[2,-15],[5,-8],[10,-1],[1,-11],[4,-2],[-2,-4],[2,-4],[2,-1],[0,-5],[1,-3],[-1,-1],[-3,4],[-2,-2],[-3,4],[-1,-1],[-1,-6],[-3,1],[1,-11],[0,-7],[-3,-1],[-5,1],[-12,-6],[-6,0],[-2,-4],[-1,-7],[-4,1],[-5,-1],[-3,1],[-5,-10],[-7,-1],[-7,-7],[6,1],[3,-2],[7,1],[1,-2],[3,-11],[-1,-7],[1,-1],[2,1],[3,-8],[3,-2],[-2,-3],[6,-1],[3,-5]],[[6891,4575],[-2,-4],[2,4]],[[6891,4575],[6,1],[6,-5],[1,-6],[5,-3],[5,-7],[1,-2],[-7,-12],[2,-12],[-2,-14],[1,-2],[3,-13],[4,-3],[2,-5],[8,-2],[1,-2],[1,-3]],[[6928,4485],[-4,-8],[5,-13]],[[6929,4464],[-1,-5],[-13,-5],[2,-5],[-4,-4],[-1,-7],[-9,-1],[2,-11],[2,-4]],[[6907,4422],[-1,-8],[10,-7],[8,-2]],[[6924,4405],[5,-8],[16,-8],[4,1],[1,-7]],[[6950,4383],[-7,-14],[-1,-4]],[[6942,4365],[5,-3],[4,-6]],[[6951,4356],[11,-3],[4,0]],[[6966,4353],[3,4],[7,3],[5,5],[9,-12],[5,3],[4,-2],[18,6],[2,-8],[8,1],[6,9],[4,13]],[[7037,4375],[7,7]],[[7044,4382],[1,-1],[-1,-3],[3,0],[2,-2]],[[7049,4376],[-8,-9],[-1,-4],[3,-2]],[[7043,4361],[6,3],[4,-1],[-2,-6],[3,-2],[2,-6],[6,-13],[-2,-10],[6,-4],[-3,-10],[-4,-3],[9,-4],[5,-7],[12,-12],[-2,-7],[2,-5],[-3,-5],[1,-5],[-1,-4],[7,-14],[1,-5],[12,-13]],[[7102,4228],[-1,-4],[-8,-3],[-10,5]],[[7083,4226],[-4,5],[3,6],[-4,4],[-4,-2],[0,-5],[-2,-2],[-5,-2],[-5,1],[-7,-10],[-4,1],[-3,2],[-3,6],[-3,10],[-6,5],[-6,0],[3,-6],[-5,-4],[-3,1],[-3,3],[-3,-4],[-1,6],[7,5],[0,18],[-12,9],[-1,3],[2,3],[0,2],[-11,-1],[-8,-5],[1,-6],[-8,-2],[-6,1],[-11,10],[-23,37],[-11,8],[-4,7],[-10,9],[-3,5],[-7,5],[0,8],[-9,5],[-2,9],[5,7],[-1,4],[-23,18],[-3,-2],[-2,-11],[-2,-3],[-2,-6],[-5,-1],[4,-5],[0,-2],[-8,-7],[-4,-7],[-1,-5],[-6,2],[-3,-2],[-12,-3],[-5,4],[-11,3],[-8,-6],[-7,-1],[-11,5],[-14,3],[-4,-10],[0,-8]],[[6779,4338],[-5,-19],[-4,-2],[-1,-4]],[[6769,4313],[-3,-2],[-9,0]],[[6757,4311],[-4,-6],[-7,-2]],[[6746,4303],[-4,6],[-4,10],[-4,3]],[[6002,6874],[2,0],[1,-6]],[[6005,6868],[1,-2],[8,-5]],[[6014,6861],[6,0]],[[6020,6861],[4,-3],[3,-5]],[[6027,6853],[5,-5],[2,-10],[5,-5],[2,-7],[9,-5],[-14,-12],[-4,-17],[-5,-3],[-4,-10],[-10,-2],[-3,-2],[-2,-5],[-5,-2],[-4,-5],[-7,-14],[-1,-7],[2,-15],[-10,-39],[11,1],[6,-6],[6,-1],[1,-8],[-3,-7],[4,-10],[4,-2],[5,3],[2,-3],[3,0],[2,-4]],[[6024,6651],[16,-4],[3,0]],[[6043,6647],[8,-6],[5,-8],[1,-8]],[[6057,6625],[-1,-6],[-4,1],[3,-8],[-3,1],[-8,-5],[-6,1],[1,-3],[-3,-3],[0,-4],[-3,-2],[1,-2],[-2,0],[-1,-3],[-3,1],[-5,-4],[2,-2],[-1,-3],[1,-2],[-3,1],[1,-3],[-2,-1],[-1,-6],[3,1],[0,-2],[-10,-12]],[[6013,6560],[-1,-6],[-2,-1],[-3,2]],[[6007,6555],[-5,-5],[0,-5],[2,5]],[[6004,6550],[2,-1],[-1,-9],[-7,-8]],[[5998,6532],[5,-4]],[[6003,6528],[-5,-2],[-7,1],[-3,-5],[-8,-1],[-3,-2],[2,-6],[4,-1],[0,-2]],[[5983,6510],[-2,-1],[-6,1],[-1,-2],[2,-2],[3,1]],[[5979,6507],[6,-6],[1,-5],[-1,-3],[-9,1],[-5,-13],[-8,-13],[-14,0],[-8,-5],[-6,-1],[-1,-3],[2,-12],[-1,-7]],[[5935,6440],[-16,-40],[2,-50]],[[5921,6350],[-3,-19],[5,-15]],[[5923,6316],[1,-7],[-3,-8],[-14,-12],[-18,8]],[[5844,6340],[-7,10],[-4,2],[-6,-2]],[[5827,6350],[-8,-9],[-2,-1],[-3,2],[-3,6]],[[5802,6356],[-4,19]],[[5598,6838],[7,0],[1,3]],[[5608,6847],[3,2],[-1,-2]],[[5617,6850],[4,2],[0,-4]],[[5739,7071],[-2,2],[-4,-2],[-4,2]],[[5688,7184],[-1,3],[-1,-1],[0,2]],[[5684,7188],[-1,2],[-5,-1]],[[5588,7118],[-5,9],[-5,16]],[[5578,7143],[1,2],[10,1],[14,6]],[[5603,7152],[-3,10]],[[5575,7172],[-4,-3],[-5,-2]],[[5534,7162],[2,8],[-1,8],[0,8],[7,5]],[[5567,7206],[2,13]],[[5569,7219],[7,-3]],[[5576,7216],[4,2],[3,4]],[[5583,7222],[1,10],[9,0],[5,13],[7,1],[0,12],[8,-1],[-2,6],[15,10],[2,9],[8,5],[2,7],[4,0],[3,6],[5,2],[4,6],[5,-1],[0,7],[1,3],[4,-3],[4,0],[0,8],[8,5],[3,8],[3,4],[2,5],[3,0],[3,-6],[3,1],[-2,7],[3,6],[5,1],[3,8],[6,-3],[2,7],[4,-1],[5,3],[6,-7],[8,-4],[3,4],[2,9],[2,3],[3,-6],[4,1],[5,-3],[3,6],[1,-3],[2,-1],[2,4],[-2,7],[3,2],[2,-3],[4,-1],[-1,6],[4,0],[3,2],[-3,11],[1,3],[6,-11],[3,0],[-1,4],[-2,2],[-1,6],[3,-1],[2,3],[6,-2],[3,1],[2,8],[2,1],[2,-2],[3,4],[-1,6],[2,-3],[0,-4],[4,-1],[1,6],[-2,1],[3,3],[4,-2],[0,4],[3,0],[6,5],[1,2],[-2,2],[1,2],[4,-5],[1,1],[1,2],[5,-2],[0,7],[2,-1],[0,-3],[2,0],[1,3],[3,1],[2,7],[2,0],[1,-2],[3,3],[4,-1],[4,4],[2,-1],[4,6],[6,-2],[1,5],[5,2],[7,11],[4,0],[3,4],[0,2],[8,10],[-3,3],[5,2],[3,-1],[-2,3],[3,6],[4,0],[1,-4],[6,9],[2,-3],[1,4],[4,1],[2,-4],[2,3],[-1,2],[3,-1],[-1,5],[2,7],[1,-8],[1,5],[1,-3],[2,2],[1,-1],[3,6],[4,-4],[2,1],[4,0],[5,12],[6,5],[1,-2],[3,4],[3,-2],[3,7],[0,5],[5,1],[3,5],[4,-5],[2,1],[4,4],[-1,4],[-2,1],[5,2],[2,4],[6,1],[0,4],[3,-3],[3,2],[2,-3],[3,2],[0,3]],[[6004,7564],[7,-3],[4,-8]],[[6015,7553],[5,-1],[-1,-2],[5,3]],[[6024,7553],[0,-5],[8,-8],[-1,-6],[-2,-2],[0,-3],[5,-5],[0,-3],[4,1],[5,-6],[4,2],[6,-1],[2,1],[1,-1],[5,3],[2,-2],[3,3]],[[6066,7521],[0,3],[3,-2]],[[6069,7522],[4,0],[2,-7],[2,0],[0,-3],[5,3],[5,-3],[6,4],[3,5],[2,-1],[4,-4],[6,1],[4,-4],[1,-4],[-2,-4],[4,-1],[4,-5],[4,0],[0,-3],[2,-1],[0,-1],[1,-3],[2,0],[3,-3],[3,-6],[3,-2],[3,1],[1,-3],[2,0],[3,-4],[2,0],[2,-1],[0,-4],[5,1],[2,-4],[2,-1],[1,-3],[7,0],[7,-15],[3,-3],[1,-9],[2,2],[1,-2],[7,-3],[9,-1],[3,3],[3,-4],[3,0],[5,-10],[-1,-4],[3,-2],[1,-5]],[[6214,7409],[9,-8],[7,-1]],[[6230,7400],[11,3],[7,13],[9,5],[10,15],[4,8],[9,8],[4,-1],[3,-4],[2,-2]],[[6289,7445],[13,-1],[0,-2],[5,-5]],[[6307,7437],[3,-8],[2,0],[3,-6],[0,-9],[2,-9],[0,-4],[5,-4],[-1,-4],[3,-4],[0,-11]],[[6324,7378],[-1,-6],[-2,-3],[-4,-3]],[[6317,7366],[-4,-14],[-6,-4]],[[6307,7348],[-11,-13],[-4,-2],[-7,-18]],[[6285,7315],[-1,-9],[-6,-20],[-13,-13],[-7,-12]],[[6258,7261],[-5,-5],[-4,-1]],[[6249,7255],[-14,3],[-11,11],[-4,2],[-13,-1]],[[6207,7270],[-5,-3],[-2,-5],[2,-12]],[[6202,7250],[-4,-14],[3,-11]],[[6201,7225],[-7,-17],[-6,-9],[-5,-5],[0,-13],[-5,-18],[-6,-15],[-4,-14],[-2,-4],[2,-3],[0,-2],[5,-5],[3,-9],[2,2],[4,-2],[2,2],[3,-4],[3,3],[2,-2],[7,-2],[0,-2],[-2,-2],[1,-2],[1,1],[2,-9],[3,-4],[0,-5],[5,-7],[6,-2],[1,-5],[5,-5],[2,0],[7,-13],[4,-2],[-2,-5],[-10,-5],[-6,-14],[-18,-2],[-6,-11],[-6,5],[-5,1],[-3,4],[-4,1],[-3,-2],[-7,-8],[-6,-3],[-3,-7],[3,-23],[-1,-12],[-5,-9],[-12,-15],[-4,-14],[-5,-8],[-8,-7],[-2,0],[2,12],[0,20],[5,32],[0,5],[-5,2],[-6,-5],[-1,-8],[-7,-8],[-24,-19],[-3,1],[-3,-9],[-1,-12],[-3,-8],[-7,-3],[-3,-4],[-8,-2],[-2,-6],[-5,-3],[-5,-5],[-6,3],[-5,-1],[-4,-5],[-5,2],[-1,-4],[-4,1],[-1,-3],[-2,3],[-4,-4],[1,-2],[-3,2],[-1,-5],[-2,2],[-2,-3]],[[6006,6883],[-3,0],[-1,-2],[-2,0]],[[6000,6881],[0,-4],[2,-3]],[[5277,3121],[1,-3],[2,-2]],[[5280,3116],[3,3],[3,-8],[-1,-10],[-2,-8],[5,-4],[3,-6],[-2,-9],[6,-3],[3,-3],[-1,-10],[2,-7],[-2,-5],[-8,-5],[1,-4],[4,-1],[1,-5],[-5,-8],[0,-7],[6,-1],[1,-7],[4,-4]],[[5301,3004],[1,-12],[-2,-5],[1,-7]],[[5301,2980],[-4,-1],[-5,6],[-4,-5],[-8,3],[-8,0],[-5,-4],[-6,-10],[-4,-3],[-8,-11],[-9,-7],[-11,5],[-3,6],[1,10],[-6,0],[0,-2],[-6,-5],[-1,-6],[-6,-4],[-1,-7],[-2,0],[-2,-6],[2,-6],[-6,-1],[-3,-6],[-8,-1],[-4,-2],[-3,-5],[1,-7]],[[5182,2911],[-4,-4],[-1,13],[-6,4]],[[5171,2924],[-6,0],[-3,2]],[[5162,2926],[-1,3],[2,4]],[[5163,2933],[-2,4],[-8,4]],[[5153,2941],[-6,10],[-11,2]],[[5136,2953],[-10,9],[-5,0],[-5,-2]],[[5116,2960],[-3,1]],[[5113,2961],[-5,6],[-1,7],[-5,4]],[[5102,2978],[-9,13],[-6,3],[-12,-4],[-13,6]],[[5062,2996],[-1,1],[-3,-1],[0,6],[-11,17],[-2,5],[-9,9],[-1,5],[-2,1],[-1,6],[-7,13],[-2,8],[-5,5],[-3,2],[-6,9],[1,8],[-2,0],[-1,7],[-3,2],[-3,6],[-9,6],[3,14],[-12,2],[-9,9],[-7,2],[-5,8],[-7,1],[-7,-8],[-3,1],[-3,3],[-2,5],[-5,1],[-1,-1],[-3,2],[-3,9],[2,7],[-8,3],[-5,5],[-8,0]],[[4909,3174],[-12,6],[-5,-4],[-9,1]],[[4883,3177],[-7,-5]],[[4876,3172],[-3,1],[-1,6]],[[4872,3179],[-5,3],[-1,6],[-8,5],[-2,11],[0,4],[4,7],[4,18],[-1,4],[2,3],[-7,2],[-7,5],[-2,9],[-5,6],[1,8],[-3,3],[1,3],[2,0]],[[4845,3276],[2,4],[-1,8]],[[4846,3288],[4,5],[7,-8],[4,-1],[1,-4],[2,0],[-3,8],[2,4],[-1,5],[-3,4],[-3,-1],[-1,3],[-2,-1],[-1,2],[5,4],[12,4],[3,4],[-6,10],[-3,-7],[-8,1],[-1,4],[8,14],[4,0],[1,-2],[-2,-2],[-4,1],[0,-3],[9,-3],[1,1],[0,5],[4,1]],[[4875,3336],[3,6],[-2,14]],[[4876,3356],[-8,3],[-6,-3],[0,-3],[-5,1],[-2,12],[5,4],[2,10],[12,5],[5,-2],[7,3],[0,9],[-2,4],[-4,5],[1,11],[7,1],[3,5],[8,-2],[4,-3],[2,1],[-1,3],[-5,6],[-4,3],[5,21]],[[4900,3450],[-11,6],[-4,4],[10,8]],[[4895,3468],[-7,9]],[[4888,3477],[1,5],[2,0]],[[4891,3482],[7,-4],[3,1],[6,4],[2,9],[12,3],[0,8],[-6,5],[-2,3],[4,-3],[3,0],[3,6],[5,-2],[0,4],[-7,2],[-1,4],[-5,3],[0,4],[7,3],[9,6]],[[4931,3538],[10,2],[2,-1]],[[4943,3539],[0,-3],[-3,-3]],[[4940,3533],[2,-2],[13,6],[1,-3]],[[4956,3534],[-3,-3],[2,-8],[4,0],[3,-3],[3,1],[2,-3],[4,1],[3,-4],[5,0],[4,-3],[10,5],[6,-5],[6,3],[4,-6],[2,1],[0,-2],[3,-1],[1,-4],[3,-2],[11,11],[4,0],[3,-3],[3,0],[3,-3],[7,0],[6,-4],[2,-2],[0,-2],[3,-2],[6,-17]],[[5066,3479],[1,-9],[6,-5]],[[5073,3465],[2,-6],[4,1],[6,-2]],[[5085,3458],[4,-5],[5,-2]],[[5094,3451],[0,-3],[3,0],[1,-6],[8,0],[2,3],[7,3]],[[5115,3448],[13,-10],[2,0],[5,4]],[[5135,3442],[1,4],[3,-1],[2,11],[3,6],[5,-4],[4,5]],[[5153,3463],[10,5],[2,3],[1,-10]],[[5166,3461],[9,-12],[4,-9]],[[5179,3440],[0,-4],[2,-4],[14,-10],[3,2],[1,5],[2,-14],[2,-4],[0,-4],[3,-3],[-1,-8],[13,-7],[3,-6],[8,-2],[21,5],[15,-12],[3,0],[6,5],[-1,2],[-1,4],[3,4],[3,-7],[10,-3],[5,-14],[2,-2],[5,-1],[4,-5],[3,-6],[14,-2],[7,7],[2,5],[9,2],[3,3],[11,-17],[5,-2],[3,3],[-1,-6]],[[5360,3344],[2,-3],[-9,-11]],[[5353,3330],[-3,-2],[-1,-6],[-5,-9],[-4,-3]],[[5340,3310],[-1,-8],[-5,-5]],[[5334,3297],[-1,-7],[-3,0],[-2,-4],[-8,4],[-8,0],[-5,-5],[-3,3],[-1,0],[-9,-12],[1,-11],[4,-2],[9,-11],[-3,-14],[0,-8],[11,-8],[-4,-1],[-1,-3]],[[5311,3218],[0,-4],[2,-5],[-2,-6]],[[5311,3203],[-6,2],[-1,-2],[-5,-1],[-6,-3],[-4,-10],[1,-5]],[[5290,3184],[-3,-2],[-2,-3],[-4,-1]],[[5281,3178],[2,-2],[-2,-1],[-1,2],[-1,-1],[0,2]],[[5279,3178],[-6,1],[-3,-2],[2,-5]],[[5272,3172],[-2,-4],[-1,1],[-3,-6]],[[5266,3163],[-3,-1]],[[5263,3162],[1,-3],[-1,-2],[2,0],[2,-4],[-2,-2],[0,-4],[6,-5],[6,-11],[0,-10]],[[1555,4017],[3,-8],[0,-7],[-6,-16],[-9,-2]],[[1543,3984],[-8,2],[-6,-4],[-1,-3],[0,-9],[-3,-6],[-10,-3],[-1,-14],[-4,1],[-5,-3],[-6,-1],[1,-3],[5,0],[5,-4],[-1,-4],[1,-4],[0,-8],[-3,-11],[1,-8]],[[1508,3902],[-6,-9],[-2,1],[-4,-3]],[[1496,3891],[0,3],[2,2],[-2,2],[-3,-1],[-1,4],[-3,-5],[-3,1]],[[1486,3897],[-7,-5],[-1,7]],[[1478,3899],[-3,7]],[[1475,3906],[-4,-6],[-5,-3],[-3,2]],[[1463,3899],[-4,-3],[-2,5],[2,3],[-2,2],[-6,-7],[-7,0],[-2,2],[0,5],[-3,1],[-1,3],[-4,-5],[-3,-8],[-3,-3],[1,-9],[-5,0],[-4,-4],[-5,1],[3,-3],[-1,-3],[0,-6],[-7,4],[-2,-5],[-4,1]],[[1404,3870],[-3,-9],[3,-1]],[[1404,3860],[1,-2],[-3,-10]],[[1402,3848],[5,0],[1,-2],[-2,-6],[-8,-3],[3,-11],[-2,-4],[3,-3],[-1,-4],[-3,-3],[4,-4],[-5,-2],[-3,-5],[3,-3],[0,-4],[4,-1],[1,-4],[-4,-2],[-2,4],[-2,0],[0,-3],[3,-5],[-5,-1],[-1,-7],[-5,-1],[2,-6],[-3,-3],[-1,-3],[7,-2],[-1,-4]],[[1390,3756],[-10,2]],[[1380,3758],[-2,-7],[-5,0],[1,-5],[-1,-2],[-12,1],[2,-7],[-5,2],[-2,4],[-5,-6],[-2,2],[-10,0]],[[1339,3740],[-1,-10],[-4,2]],[[1334,3732],[-3,-2],[-1,6],[-2,2]],[[1328,3738],[-4,0],[-7,-6],[-3,2],[-5,0],[-2,6],[-4,-1],[-3,-5],[-3,3],[0,5],[-5,-1],[-7,-4],[-3,4],[-2,0],[-4,3],[-2,-2],[1,-4],[-3,-1],[-1,-3],[-5,2]],[[1266,3736],[-13,-1],[-31,19]],[[1222,3754],[-9,-1],[-8,3],[-7,-2],[-14,6],[-21,-3],[-7,1],[-4,3]],[[1152,3761],[-15,-1],[-8,8]],[[1129,3768],[-8,17],[-27,16],[0,10],[-4,3],[-3,5],[-4,1],[-10,-8],[-4,-11],[-17,-21],[-1,-4],[1,-7],[0,-7],[3,-5],[0,-5],[-2,-7],[-8,-9],[-3,-5],[-3,-5],[-7,-19],[-5,-4],[-8,-11],[0,-2],[-7,-2],[-6,-10],[-9,-2],[-6,-4],[-6,2],[-10,17],[-7,8],[-9,6],[-11,10],[-1,-2],[0,-3],[-3,-3],[-1,-8],[-3,-1],[2,-15],[-3,-2],[0,-2]],[[939,3679],[4,-6],[-8,-1]],[[935,3672],[-4,4],[-2,-1]],[[929,3675],[-11,3],[-3,-4],[3,-16]],[[918,3658],[-4,-11],[-5,-8],[-8,-2],[-5,-7]],[[896,3630],[-7,-3],[-26,0]],[[863,3627],[-12,2],[-1,3],[-6,5],[-2,4],[-5,2],[-6,7]],[[831,3650],[-1,8],[-4,3],[-4,14],[0,5],[-2,3],[0,5],[-6,4],[4,4],[-1,4],[-1,1],[0,12],[-2,4],[-1,10],[-6,6],[-1,4],[-3,0],[-7,23]],[[796,3760],[-7,8],[-1,12]],[[788,3780],[4,9],[-1,6],[-4,6],[-7,6],[-5,12],[-12,19],[-15,7],[-7,11],[2,14],[3,4],[10,25],[9,26],[4,27],[-1,6],[-3,1],[2,2],[-1,2],[2,2],[4,15],[-1,5],[3,3],[1,7],[0,13],[7,14],[0,11],[-9,7],[-2,6],[-7,37],[6,20],[6,8],[1,13],[-2,12],[3,7],[-2,8],[1,5],[2,-1],[2,3],[-1,1],[-1,9],[-4,3],[-2,-2],[-3,2],[-2,-1],[1,3],[-8,7],[-1,-2],[-2,1],[-2,-4],[-2,0],[-2,2],[-1,-1],[0,2],[-2,1],[-2,-1],[1,-1],[-1,-2],[-2,3],[-11,-1],[-1,4],[-3,1],[-1,4],[-3,0],[-4,5],[2,1],[-2,1],[-2,6],[-3,1],[1,2],[-2,3],[-6,2],[-5,-6],[-11,7],[-4,5],[1,4],[-2,1],[3,5],[-2,1],[-2,6],[-3,-1],[-3,-4],[-1,2],[-1,-1],[-3,2],[-1,-4],[-2,0],[-1,2],[-3,-1],[-1,3],[-3,-1],[1,1],[-2,2],[1,6],[-3,5],[-3,-1],[-1,2],[-3,-2],[-8,5],[-3,-1],[1,-2],[-3,2],[-2,-2],[-4,4],[-3,-1],[0,1],[-2,0],[0,-3],[-3,2],[-2,3],[-2,-1],[-2,3],[-3,-1],[1,3],[-4,1],[0,-2]],[[617,4251],[-4,3]],[[613,4254],[-3,-3],[-1,3],[-1,-3],[0,2],[-3,-3],[-1,1],[-4,0],[-1,-2],[-9,3]],[[590,4252],[-6,6],[0,-2],[-2,0]],[[582,4256],[-2,2],[-1,-2],[-3,2],[0,-1],[-3,0],[2,-3],[-2,1],[0,-4],[-3,0],[-2,-3],[-9,1],[-2,-3],[-3,2],[-2,-3],[0,-5]],[[552,4240],[-4,-1],[-1,2],[1,1]],[[548,4242],[-2,1]],[[546,4243],[-1,-3],[-1,2]],[[544,4242],[-3,-1],[-1,-2],[-4,1],[-1,2]],[[535,4242],[-3,-4],[-3,-1],[-1,5]],[[528,4242],[-3,1]],[[525,4243],[-3,-2],[-2,5],[-3,-2],[-1,-2]],[[516,4242],[-1,2],[-2,-3],[-1,1],[0,-2],[-2,0],[-2,-4],[-2,1],[1,-3],[-5,-2],[-3,-5],[0,2],[-3,-2],[-5,2],[-1,-2],[-2,2],[-3,-1],[-2,-13],[-1,0],[0,4],[-2,1]],[[480,4220],[-7,-5],[1,-5],[3,-5]],[[477,4205],[-1,-3],[-3,0],[2,-3],[-3,-1],[0,-2],[-2,2],[1,3],[-2,-1],[1,3],[-4,1],[-3,-5],[-5,-2],[-3,1],[-2,6],[1,4],[2,2],[0,4],[-1,3],[-6,4],[1,5],[-1,4],[-5,4],[-2,-1],[1,-10],[-2,-4],[-2,4],[-2,9],[-16,4],[-3,8],[2,5],[-2,8],[-1,-1],[0,-6],[-2,-2],[-3,5],[-15,1],[-2,2],[-7,-10],[-4,10],[-5,-3],[-7,0]],[[372,4253],[-7,11],[-9,3]],[[356,4267],[-3,-13],[-3,-2],[-10,10],[-7,-1],[-28,6],[-6,-6],[-6,-2],[-5,3]],[[288,4262],[-6,10],[-9,-3]],[[273,4269],[0,18],[4,9],[5,4],[19,6],[10,5],[13,0],[7,6],[4,10],[-6,26],[3,4],[16,3],[46,-2],[10,-4],[6,-1],[8,7],[5,13],[21,12],[13,15],[27,55],[5,19],[3,25],[-6,6],[-2,4],[3,10],[0,12],[1,5],[-1,5],[-10,28],[2,15],[4,8],[4,2],[7,2],[22,11],[7,6],[16,23],[7,20],[10,50],[5,6],[6,3],[15,3],[8,3],[9,10],[5,8],[4,11],[8,30],[10,20],[12,31],[11,20],[5,7],[7,6],[50,21],[23,-5],[15,4],[8,-1],[17,12],[14,5],[13,-1],[22,-5],[19,0],[21,-3],[11,18],[13,11],[3,4],[5,15],[2,12],[5,12],[7,9],[8,3],[16,-3],[3,-2],[15,-1],[7,-11],[38,-11],[16,4],[8,-1],[7,5],[7,8],[8,0],[5,-2],[4,-3],[2,-10],[3,-1],[10,0],[15,-15],[15,5],[19,-13],[12,2],[6,9],[3,9],[0,8],[2,7],[4,3],[9,1],[13,-7],[10,0],[24,23],[10,6],[11,2],[13,-2],[9,-9],[8,-4],[8,2],[3,5],[0,7],[-15,19],[-1,7],[2,7],[9,7],[30,9],[15,1],[14,5],[5,-1],[10,-5],[6,3],[7,10],[2,7],[0,11],[-4,13],[0,9],[4,6],[6,5],[14,-1],[9,1],[5,-2],[4,3],[6,-4],[6,-18],[0,-37],[1,-11],[3,-10],[23,-20],[11,-22],[16,-21],[5,-19],[5,-8],[12,-10],[14,1],[5,3],[4,6],[28,47],[15,41],[6,1],[16,-6],[7,1],[4,7],[0,14],[3,9],[1,3],[12,10],[16,2],[6,4],[6,-6]],[[1613,5057],[-2,-6]],[[1611,5051],[4,-5],[4,0]],[[1619,5046],[2,2],[-1,3],[2,2],[-2,2]],[[1620,5055],[-2,4],[2,6]],[[1620,5065],[3,-2],[1,-5],[5,-2]],[[1629,5056],[4,5],[4,1],[3,-2]],[[1640,5060],[-1,-4],[1,-3],[5,3],[3,-4],[-3,-5],[0,-8],[6,-4],[3,0],[-2,11],[1,1],[7,-6],[2,-3],[-4,-3],[1,-3],[10,1],[-1,-6],[5,-4],[1,-7],[6,-7],[2,2],[5,10],[7,5],[2,-1],[3,-5],[2,0],[-1,2],[2,1],[7,-5],[6,-1],[0,-2],[-3,-2],[-3,-7],[2,-4],[3,2],[6,-12],[2,1],[6,-6],[1,-6],[-4,-3],[5,-6],[1,-5],[5,-1],[1,-13],[4,-4],[-2,-3],[-3,1],[0,-5],[4,2],[3,-6],[2,0],[3,-11],[5,-3],[6,-11],[-1,-4],[1,-3],[6,-2],[7,-7],[10,0],[11,-11],[1,-3],[-4,-2],[-3,-6],[-1,-8],[-4,-7],[4,-9],[4,-4],[1,-10],[-17,-36],[7,-11]],[[1781,4790],[-2,-17],[6,-12],[0,-3],[-9,-3]],[[1776,4755],[-5,-9],[-4,-2],[-3,2]],[[1764,4746],[-7,8],[-5,1],[-6,-2]],[[1746,4753],[-2,-7],[-4,-3],[-5,-7]],[[1735,4736],[-1,-14],[-13,-12],[-5,-3]],[[1716,4707],[-9,1],[-9,-2],[-10,1],[-8,-4],[-14,-10],[-8,-3],[-11,-9],[-7,-9],[-8,-1],[-3,-3],[-8,1],[-6,-6],[-1,1],[-2,-2],[-3,1],[-2,-3],[-4,-2],[0,-5],[-3,-7],[0,-3],[-8,-9],[1,-2],[-2,-3],[0,-2],[3,-1],[-2,-2],[1,-3],[-1,-4],[2,-3],[-1,-8],[3,-3],[-2,-4],[3,-7]],[[1597,4592],[-1,-9],[1,-1]],[[1597,4582],[3,3],[4,-2],[3,1],[5,-1],[2,3],[1,6],[3,3],[9,-8],[-1,-10],[4,-17],[-3,-5],[-1,-6],[-1,-10],[2,-4],[-3,-9],[1,-8],[4,-5],[2,-7],[0,-5],[5,-14],[9,-5],[9,-17],[1,-3],[-2,-16],[12,-14],[1,-3],[0,-7],[-14,10],[-7,3],[-11,-2],[-8,-5],[-1,-3],[1,-4],[9,-13],[-4,-5],[-10,-3],[-4,-7],[2,-12],[6,-8],[1,-4],[-10,-1],[-11,-10],[-2,-6],[-4,3],[-6,-1],[-4,5],[-3,1],[-11,-15],[-3,7],[-3,3],[-14,0]],[[1555,4355],[-8,15],[-3,2],[-15,3],[-5,-3]],[[1524,4372],[-7,-9],[-3,4],[-2,7],[-3,2]],[[1509,4376],[-17,-5],[-1,-4],[1,-4]],[[1492,4363],[-4,-11],[0,-11],[4,-11]],[[1492,4330],[-3,-5],[0,-4],[-5,-8],[-2,-16],[-3,-6],[-4,-3],[-3,-4],[-3,-20],[-2,-3],[0,-11],[-2,-4],[1,-9],[-1,-1],[1,-3]],[[1466,4233],[-1,-5],[-4,-2],[-3,1]],[[1458,4227],[-1,-4],[-4,1],[0,-8],[-3,0],[-2,-2],[7,-5],[2,-7],[6,0],[11,-13],[5,1],[0,-5],[-5,-2],[0,-4],[11,0],[2,-5],[4,-1],[3,-6],[7,-4],[4,-5],[8,-4],[2,-3],[-2,-19],[-4,-6],[-1,-6],[-2,-3],[-2,-16],[4,-16],[3,-10],[5,-8],[1,-10],[-1,-4],[-5,-6],[-7,-4],[-6,0],[0,-2],[5,-8],[7,-3],[7,4],[22,2],[4,6],[4,2],[1,2],[6,-13],[1,-16]],[[5920,2543],[4,9]],[[5924,2552],[-1,8],[2,3],[5,4]],[[5930,2567],[5,-3],[6,1],[4,4],[2,9],[-5,2]],[[5942,2580],[-4,4],[-2,10],[6,6]],[[5942,2600],[2,9],[8,-1]],[[5952,2608],[3,4],[1,3],[5,3],[1,5],[14,9],[1,6],[-4,6],[3,3],[-1,7],[2,9]],[[5977,2663],[5,1]],[[5982,2664],[3,-5],[2,2],[8,-5],[13,2]],[[6008,2658],[4,-2],[1,7],[3,0]],[[6016,2663],[4,7]],[[6020,2670],[8,-1],[0,9],[-5,1]],[[6023,2679],[-5,4]],[[6018,2683],[-3,6]],[[6015,2689],[0,5],[5,12]],[[6020,2706],[0,5],[7,7],[-2,10],[16,10],[4,1],[6,8],[12,3],[7,6],[8,-8],[6,0],[5,-3],[3,4],[-1,5]],[[6091,2754],[4,14]],[[6095,2768],[4,3],[5,-2],[1,-8]],[[6105,2761],[5,2],[8,-12]],[[6118,2751],[6,-3],[4,2]],[[6128,2750],[7,11],[6,0],[2,-3],[3,2]],[[6146,2760],[1,10],[3,5]],[[6150,2775],[3,-1],[8,3]],[[6161,2777],[3,6],[6,-1],[7,-5],[9,-1]],[[6186,2776],[10,2],[3,3]],[[6199,2781],[4,-2]],[[6203,2779],[2,7],[6,1]],[[6211,2787],[4,-1],[4,4],[0,-3],[2,-1],[2,3],[2,-2],[8,4],[2,-1],[4,5],[-1,7],[2,4],[5,-2],[8,-8],[6,2],[2,-10],[10,-9],[9,2],[6,5],[7,0],[4,6],[7,-1],[-1,-3],[6,2],[-2,-6],[2,-4],[4,5],[3,-1],[3,-5],[4,5],[2,10],[5,8],[4,11],[8,13],[2,11],[7,-2],[5,3],[2,-3],[6,3],[1,5],[-2,3]],[[6363,2846],[0,4],[3,4]],[[6366,2854],[-1,4],[3,8]],[[6368,2866],[4,3],[0,4]],[[6372,2873],[4,1],[1,4],[3,1],[2,4]],[[6382,2883],[5,-3],[6,1],[7,-2],[4,-6]],[[6404,2873],[8,-4],[3,-9],[7,-2],[7,4],[12,-2],[5,-5],[2,-7],[4,1],[2,-2],[9,-2],[4,-2],[0,-4],[3,3]],[[6470,2842],[4,-1],[3,-4]],[[6477,2837],[0,-5]],[[6477,2832],[-5,-10],[1,-10]],[[6473,2812],[-1,-7]],[[6472,2805],[5,-5],[-3,-11]],[[6474,2789],[-1,-4]],[[6473,2785],[2,-2],[16,1]],[[6491,2784],[2,-2],[4,0],[1,2],[4,-1]],[[6502,2783],[3,3],[0,16]],[[6505,2802],[7,1],[3,5],[-2,13],[3,2],[0,4],[4,2],[2,5],[6,0],[8,-4],[3,1],[2,-2],[10,0],[3,3],[5,11],[6,3],[3,8],[6,3]],[[6574,2857],[2,9],[2,2],[7,-3]],[[6585,2865],[16,-1],[1,-2],[-1,-2],[4,-8],[8,-3],[5,-7],[1,0],[2,-2],[3,-6],[6,-3],[1,-3],[-1,-3],[2,-4],[10,0],[2,-4],[3,-1],[1,-3]],[[6648,2813],[6,-3],[2,0],[9,-11],[2,-5],[0,-11]],[[6667,2783],[5,-5],[-10,-18],[0,-10],[-6,-9],[2,-7],[-1,-4],[2,-3]],[[6659,2727],[-6,-11],[5,-7]],[[6658,2709],[1,-4],[4,-2],[0,-1]],[[6663,2702],[-11,-12],[-10,-3]],[[6642,2687],[-1,-6]],[[6641,2681],[-3,-4],[-4,-1],[-3,4],[-7,3]],[[6624,2683],[-2,4],[-10,-6],[-6,-1],[-6,-13],[-3,-2],[0,-4],[-2,-3],[-4,-2],[-1,-5],[-6,-3],[-2,5],[0,3],[-6,8],[-2,11],[-11,2],[-11,10],[-5,-1],[-3,-3],[-4,-2],[-5,1],[-8,-10],[-1,2],[-2,0],[-3,7],[-7,7],[-2,8],[2,4],[-2,0],[-2,5],[1,2],[-5,4],[-3,-1],[0,-2],[-2,1],[0,-2],[-3,0],[0,7],[-6,3],[-1,5],[2,2],[-2,0],[-1,4],[-3,-2],[-1,4],[-3,1],[-4,6],[0,4],[-4,3],[-8,-9],[0,-3],[-3,-1],[1,-3],[-2,-4],[4,-16],[-2,-4],[6,-6],[0,-1],[-1,0],[1,-1],[-1,-1],[0,-6],[4,-5],[1,1],[1,-4],[-8,1],[-3,-7],[-2,2],[-5,1],[-3,4],[-8,-14],[-3,-1],[-2,4],[-7,0],[-5,-3],[-3,-5],[-1,-5],[-16,-7],[-1,4],[-8,5],[-5,15],[-4,-2],[-4,5],[-5,2],[0,-5],[-3,-2],[-3,-4],[3,-2],[-1,-1],[0,-4],[-1,-2],[0,-2],[-6,-7],[1,-4],[-2,-3],[-9,-6],[-2,-7],[1,-2],[-2,-2],[0,-3],[6,-2],[-1,-5],[-2,-3],[3,0],[1,-4],[-2,-1],[1,-8],[-2,-2],[2,-5],[-3,-5],[-9,-10],[-4,8],[-4,-3],[-1,-6],[1,-3],[-1,-4],[-3,-2],[0,-4],[-3,-1],[0,-4],[-7,-3],[-1,-4],[-3,-19],[-2,-3],[-2,-9],[3,-7],[1,-10],[3,-3],[-1,-6],[4,-2],[2,-4],[-4,-6],[-7,-5],[0,-10],[-5,-13],[-14,-2],[-2,-3],[-6,-3]],[[6297,2448],[-2,-5],[-4,1]],[[6291,2444],[-10,-6],[-11,-11],[-2,1],[-2,12],[-6,0],[-2,-3],[-5,-1],[-1,-4],[-5,0],[0,8],[-5,6],[-13,3],[-2,5],[-2,-3],[-5,2],[-5,-1],[-1,9],[-14,0],[-7,4],[-11,-8],[-9,1],[-2,10],[-8,6],[0,3],[0,6],[3,1],[-1,4],[3,-1],[4,3],[1,6],[-1,9],[-7,2],[-1,-3],[-3,-2],[-8,0],[-4,-3],[-4,2],[-2,-1],[-1,2],[-2,-5],[0,-4],[-10,2],[-4,4],[0,6],[2,3],[-1,3],[-5,3],[-11,-3],[-3,8],[-4,-1],[-6,5],[-10,-1],[-3,10],[-10,-1],[-5,2],[-4,-3],[-3,1],[-2,-2],[-7,3],[-6,-6],[-4,3],[-4,-4],[-7,5],[-7,-1],[-5,10],[-5,-3],[-3,-8],[-3,0],[-4,2],[-6,-3],[-5,4],[-6,1],[1,3],[-2,3],[-2,0],[-2,5],[-6,0],[-3,2],[-3,-8],[-4,-7],[-2,-6],[3,-7],[-7,-6],[-3,1],[-2,-7],[2,-4],[-1,-3],[-1,-6],[-3,0],[-5,4],[-6,1],[-2,22],[-10,6],[-4,9],[-5,4],[-2,5]],[[5853,1549],[3,3],[-2,1]],[[5854,1553],[3,9],[-3,1]],[[5854,1563],[-1,4],[5,2],[-2,2]],[[5856,1571],[2,1],[-1,3],[4,0],[-2,4],[1,2],[2,1],[0,-4],[1,0],[4,4],[0,3],[3,-2],[1,2],[2,-1],[1,-3],[2,-1],[3,8],[-1,3],[4,5],[-2,4],[-4,-2],[1,8],[5,2],[6,-2],[1,10],[-5,3],[8,4],[3,7],[6,-4]],[[5901,1626],[4,5],[-5,5]],[[5900,1636],[-4,1],[-2,3],[-5,2],[-1,5],[-3,2],[1,5],[3,6],[-3,7],[4,4],[-7,6],[-3,10],[0,4],[2,3],[14,7]],[[5896,1701],[1,8],[-5,0],[-5,3]],[[5887,1712],[-9,0],[-5,7],[-4,22],[-3,2],[-6,-1],[-8,5],[-1,3],[-1,9],[-3,-1]],[[5847,1758],[-10,-15],[-4,4]],[[5833,1747],[-2,14]],[[5831,1761],[-6,0],[-3,-2],[-2,3],[-1,7]],[[5819,1769],[9,3]],[[5828,1772],[3,6],[6,5]],[[5837,1783],[0,2]],[[5837,1785],[-7,7],[9,8],[1,5]],[[5840,1805],[-3,4],[-7,6],[-5,12],[-6,-3],[-5,1],[-7,-2],[0,13]],[[5807,1836],[-5,15],[-17,6],[-8,-2],[1,-19]],[[5778,1836],[-17,4],[-4,-2],[-3,-4],[0,-8]],[[5754,1826],[3,-6],[1,-6],[-3,3],[-7,1],[-4,14],[4,15],[4,3],[3,-4],[5,0],[0,9],[3,3],[-13,5],[-6,11],[-5,3],[-3,-1],[-4,3],[-2,7],[-3,5],[-16,-3],[0,4],[-7,13],[-1,4],[-11,10],[-4,9],[-4,2],[-2,4],[1,3],[4,-3],[2,3],[-3,7],[-4,3],[-3,10],[0,6],[-9,-2],[-4,3],[-4,-1],[-2,-1],[0,-6],[-1,-2],[-4,1],[-4,-2],[-9,14],[-2,9],[-2,2],[-2,-8],[-2,-2],[1,-5],[-6,-6],[0,-6],[3,-4],[-3,-4],[-10,-2],[-6,3],[0,2],[1,3],[-1,12],[-6,4],[-3,7],[-13,-2],[-1,-13],[-6,2],[-7,-3],[-4,3],[2,6],[-1,4],[-8,-2],[-8,11],[-8,0],[-3,5],[-9,8],[6,17],[1,7],[-8,-3],[-12,9],[-1,5],[2,7],[-4,-3],[-5,4],[-6,1],[3,-8],[0,-6],[-4,-12],[-3,-5],[-4,0],[-9,6],[-9,-3],[-3,2],[2,6],[3,0],[4,4],[2,9],[-3,2],[-5,-5],[-2,1],[-1,16],[-2,4],[-7,-2]],[[5473,2044],[-7,-8],[-2,1]],[[5464,2037],[3,11],[0,11],[2,10],[-6,2],[0,8],[-2,3],[-13,5],[2,5],[2,1],[-1,4],[1,7],[3,3],[-4,7],[2,3],[2,0],[1,8]],[[5456,2125],[2,-1],[1,2],[-1,3],[-4,3]],[[5454,2132],[2,3],[-1,2],[-4,0],[-3,2],[-3,-1],[-2,4],[3,7],[-1,3],[-5,1],[-6,8],[-2,-1],[-2,3]],[[5430,2163],[-4,15],[-4,5],[1,4]],[[5423,2187],[4,3],[1,10],[4,-1],[3,-5],[7,-1],[9,16]],[[5451,2209],[2,10],[8,6],[6,-5]],[[5467,2220],[8,-1],[6,-5],[4,-7],[10,4]],[[5495,2211],[10,-5],[2,7],[0,9]],[[5507,2222],[10,8],[-1,7],[2,3],[2,6],[-1,10],[4,8],[6,-1],[5,4],[3,-4],[4,-4],[9,-2],[9,3],[8,0],[2,5],[3,1],[0,8],[3,4],[-3,8],[4,16],[-1,3],[1,4],[3,7],[2,0],[1,2],[-1,9],[-4,3],[4,3],[4,-2],[9,1],[3,-3],[0,-4],[3,0],[10,7],[1,8],[7,7],[0,9],[1,2],[7,-6],[4,1],[1,-6],[2,-3],[5,-2],[4,-5],[2,0],[11,22],[-2,3],[1,2],[8,16]],[[5662,2380],[1,7],[5,1],[4,-3]],[[5672,2385],[9,-1],[2,-4],[5,-1],[2,1],[3,7],[5,-2],[4,-3],[5,-13],[7,-9],[4,18],[5,-1],[1,11],[-3,5],[1,4],[6,3],[1,4],[6,7],[1,4],[7,6],[2,5],[4,1],[2,2],[6,-5],[5,-7],[2,-1],[13,18],[4,-2],[8,5]],[[5789,2437],[6,1],[4,-3]],[[5799,2435],[2,-7],[6,-5],[-1,-3],[10,-1],[8,-8],[6,-2],[6,-6],[3,1],[6,5],[0,3],[4,5],[5,3],[-1,3],[4,0],[0,3],[1,1],[-1,1],[3,4],[5,2],[1,6],[6,10],[6,5],[6,0],[6,3],[5,-1],[4,9],[6,2],[4,5],[4,9],[-1,6],[3,5],[-3,16],[6,9],[-4,8],[0,8],[3,6]],[[5917,2540],[3,3]],[[6291,2444],[3,-1],[-2,-2]],[[6292,2441],[0,-5],[0,-1],[0,-1]],[[6292,2434],[-3,-4],[2,-4],[2,0],[-2,-10],[6,-2]],[[6297,2414],[-2,-4],[1,-4]],[[6296,2406],[3,-3],[5,1]],[[6304,2404],[3,-5],[-2,-11]],[[6305,2388],[14,-16],[0,-23]],[[6319,2349],[7,-3],[2,-4],[1,-9]],[[6329,2333],[5,-3],[1,-5],[5,-1],[2,-8],[5,-1],[7,-11]],[[6354,2304],[12,-9],[-1,-2]],[[6365,2293],[-4,2],[-2,-4],[-3,1],[0,-6],[-4,1],[2,-4],[-4,-4],[0,-3],[2,-2],[-3,-7],[-1,-1],[0,2],[-5,1],[-1,-2],[-2,0],[2,-2],[-3,0],[-3,-3],[1,-3],[-2,-1],[-1,-3],[-5,-1],[2,-2],[0,-3],[-6,-4],[-1,-4],[-2,3],[-1,-3],[-1,1],[-1,-3],[2,-4],[-3,2],[-8,-3],[0,3],[-4,-7],[-4,3],[1,-5]],[[6303,2228],[-2,-4],[4,-4]],[[6305,2220],[-2,-4],[1,-3],[3,-3],[3,-1],[2,-4],[2,-12],[2,-5],[-1,-14],[3,-9],[3,-2],[18,3],[9,-7],[2,-13],[7,-2],[2,-4],[3,-29],[-9,-29],[-3,0],[-3,-4],[4,0],[-2,-8],[3,-6],[3,-1],[1,-6],[4,-1],[-1,-13],[4,-2],[2,-23],[7,1],[2,-8],[0,-7],[2,-2],[4,1],[9,-5],[0,-3],[-2,-4]],[[6387,1991],[2,-7],[-3,-6],[-2,-2]],[[6384,1976],[0,-4],[-3,-5],[-6,-1],[2,-2],[-2,-3],[-2,-7],[-6,4],[-5,-3],[-4,0],[-2,2],[1,5],[-5,7],[-5,-5],[0,-7],[-2,1],[-4,7],[1,5],[-5,3],[3,4],[-3,5],[-5,-4],[0,-3],[-6,-2],[-2,-7],[-3,-5],[-2,0],[-1,-2],[-5,-1],[-8,-11],[-7,0],[0,8],[-3,3],[-4,-2],[-2,-5],[-7,-6],[-3,-9],[-3,-1],[0,-6],[2,-4],[0,-5],[-1,-2],[-3,3],[-3,0],[0,-3],[4,-4],[2,0],[1,-3],[2,3],[3,-3],[1,2],[2,1],[5,-1],[-2,-2],[-1,-4],[-4,-1],[1,-2],[4,-4],[-6,1],[0,-2],[-5,0],[9,-2],[1,-6],[-3,-1],[4,-2],[-2,-3],[4,-1],[-2,-4],[6,0],[4,3],[0,-7],[7,-3],[1,-1],[0,-3],[-5,0],[0,-2],[-3,-2],[0,-7],[-4,1],[1,4],[-2,2],[-7,-6],[3,-5],[-3,1],[1,-3],[-3,1],[1,-3],[-5,-1],[0,-3],[3,-1],[0,-2],[-4,-3],[0,-4],[-1,0],[1,-5],[-4,-5],[-1,-6],[9,-5],[-1,-5],[-2,1],[0,-6],[4,-4],[0,-2],[3,-1],[4,-3],[1,-6],[-6,-1],[1,-4],[-8,-7],[-8,-3],[-4,0],[-5,-4],[-13,-18],[-2,-9],[-7,-3],[-5,6],[-1,-7],[-5,-1],[-7,-9],[-6,-17],[8,-3],[8,2],[3,-5],[4,0],[2,-3],[3,-2],[6,-7],[2,-6],[0,-9],[-5,-11],[1,-4],[-3,-11],[5,-9],[-2,-13],[0,-8],[-3,-8],[1,-2],[-2,-1],[-3,-7],[-4,4],[-4,-3],[-2,4],[-2,-4],[-1,1],[-6,0],[0,3],[-3,6],[-3,-3],[-2,-12],[1,-2],[3,-2],[-2,-4],[4,-5],[-6,-22],[-9,-11]],[[6206,1555],[-4,-11],[-5,4]],[[6197,1548],[-5,0],[-6,9],[-9,-1],[-2,-1],[-2,-10],[-4,-6],[-4,0],[-5,-3],[-6,3]],[[6154,1539],[-4,-5]],[[6150,1534],[-3,2],[5,8],[-2,7],[4,4],[1,8],[3,2],[-2,5],[-2,-4],[-2,1],[-1,4],[8,3],[-3,1],[-1,2],[1,4],[3,2],[-2,3],[-4,-4],[-2,0],[4,5],[-2,4],[-6,-5]],[[6147,1586],[-5,1],[1,-3],[0,-6],[-2,-2],[-3,1],[-8,-13]],[[6130,1564],[-3,-1]],[[6127,1563],[-4,3]],[[6123,1566],[-3,-4],[0,-6],[-4,0],[-6,-4],[-2,-3],[-8,5],[-1,6],[0,-8],[4,-2],[2,-6],[-5,-5],[-4,-9],[-1,-6],[-3,-3],[-3,-6],[-4,-3],[-3,-4],[-3,0],[-4,4],[-2,-1],[-1,5],[-3,1],[-5,10],[-1,0],[-1,-4],[-4,5],[-2,5],[4,2],[1,4],[-1,8],[-2,1],[-8,0],[-3,-4],[-7,-2],[-7,-6],[-11,-2],[-1,-2],[-3,1],[0,-3],[-6,-3],[-6,4],[-3,-6],[-4,2],[-1,-3],[-2,3],[1,3],[-1,3],[-6,-1],[-3,2],[-4,-1],[-7,-6],[-10,-2],[-10,6],[-5,7]],[[5951,1538],[-9,-1],[-2,-3],[-2,-8]],[[5938,1526],[-3,-2],[1,-2],[6,-1],[4,-11],[-1,-4],[-3,-2],[1,-7],[-4,0],[1,-6],[-3,-1],[4,-1],[2,-4],[2,-1],[3,3],[4,-4],[-1,-3],[4,-5],[-3,-1],[2,-6],[9,-2],[-2,-7],[-4,-4],[4,-4],[3,1],[0,-4],[4,0],[0,6],[4,3],[2,-2],[5,2],[0,-6],[2,-2],[0,-10],[10,-5],[-2,-3],[-7,-1],[3,-9],[-6,-6],[3,-4],[-4,-4],[-4,0],[-7,-2],[-2,-2],[1,-2],[-9,-1],[0,-2],[-3,-2],[-1,-5],[-3,0],[1,-2],[-1,-2],[-2,0],[-1,4],[-6,3],[2,1],[-3,7],[-2,-1],[-1,1],[0,-2],[-2,-1],[1,-2],[-2,1],[0,-3],[-3,4],[-4,-6],[-7,0],[-5,-9],[3,-3],[-6,-1],[-1,-4],[2,-1],[2,1],[1,-2],[-2,-2],[3,-10],[6,0],[-2,-6],[-5,4],[-4,-5],[-2,4],[2,4],[-1,2],[-8,-5],[-3,-7],[-3,-1],[-2,-3],[0,6],[-4,3],[0,3],[6,0],[1,3],[-1,3],[-2,-1],[-2,2],[1,3],[-3,-2],[-4,1],[-1,-4],[-3,-2],[-3,2],[2,-6],[-4,-3],[-1,-3],[4,-4],[-4,0],[2,-4],[-3,-5],[-6,0],[-2,3],[-2,0],[-6,-5],[0,-3],[4,-2],[4,-1],[5,-4],[4,0],[1,-2],[-6,-3],[-7,1],[-3,2],[-1,5],[-1,-1],[-1,3],[-2,-1]],[[5857,1333],[-2,1],[1,-2],[-4,-5]],[[5852,1327],[-3,1],[3,-4]],[[5852,1324],[2,-1],[-1,-2]],[[5853,1321],[-4,0],[0,-3],[9,0]],[[5858,1318],[4,-4],[-1,-3]],[[5861,1311],[-1,2],[-3,0]],[[5857,1313],[2,-3]],[[5859,1310],[-4,-9]],[[5855,1301],[4,-3],[-2,-1],[-4,2],[-1,4],[-2,3],[-10,2]],[[5840,1308],[-6,-2],[-2,-9],[-4,-4]],[[5828,1293],[-4,-1],[-3,18]],[[5821,1310],[-8,8],[-4,10],[-2,0],[-2,-4],[-4,1],[-3,-4],[-2,1],[-2,-2],[-3,4]],[[5791,1324],[-5,-1],[-3,4],[-1,11],[-5,8]],[[5777,1346],[1,12],[-4,9]],[[5774,1367],[1,8],[2,2],[-1,16],[6,6],[3,8],[-4,1],[-4,3],[-2,-1],[1,4],[-4,5],[2,3],[4,1],[8,12],[1,6],[-3,2],[2,4],[-3,4],[3,3],[1,5]],[[5787,1459],[4,5],[7,-1]],[[5798,1463],[6,3],[5,-3],[1,4],[3,3],[1,3],[-1,1],[4,4],[3,9],[11,9],[0,3],[4,0],[3,3],[-1,1],[7,10],[-1,6],[0,4],[2,0],[-1,5],[5,3],[2,4],[-1,8]],[[5850,1543],[5,2],[0,2],[-2,2]],[[6211,2787],[-6,-2],[-2,-6]],[[6199,2781],[-2,-3],[-11,-2]],[[6161,2777],[-6,-2]],[[6155,2775],[-5,5],[-1,5],[-6,3]],[[6143,2788],[-2,6],[3,9],[5,0],[1,1]],[[6150,2804],[-1,10],[1,2],[2,2],[4,-3],[4,1],[1,9]],[[6161,2825],[6,6],[-1,8]],[[6166,2839],[-7,2],[-7,12],[7,10],[3,10],[-1,5],[4,0],[-1,5],[3,5],[-2,6],[-4,2],[-3,4],[1,17],[-4,9],[5,12],[-2,8],[-3,3]],[[6155,2949],[0,1],[2,8]],[[6157,2958],[6,9],[5,0],[2,4],[2,2],[11,1],[7,4],[-1,7],[-11,8],[1,11],[8,5],[1,-3],[-1,-4],[3,-3],[2,1],[5,6],[11,-2],[1,1],[-5,3],[-1,2],[1,3],[4,1],[3,5],[3,-5],[9,0],[1,-6],[3,-5],[-1,-6],[2,0],[4,4],[5,-1],[5,2],[4,-1],[5,7],[8,3],[6,7],[3,2],[2,0],[-1,5],[3,13],[-3,8],[-4,5],[0,9],[15,-8],[5,4],[7,1],[-1,6],[5,1],[3,7],[3,-2],[2,1],[16,-8],[8,3]],[[6328,3065],[3,-9],[10,-14]],[[6341,3042],[2,-7],[3,-14],[-1,-6]],[[6345,3015],[4,-7]],[[6349,3008],[2,-9],[0,-14],[2,-4]],[[6353,2981],[1,-39],[3,-8],[5,-25],[0,-13],[-2,-12]],[[6360,2884],[-3,-3],[3,-3],[8,-1],[5,-6],[-5,-5]],[[6366,2854],[-2,-3],[-1,-5]],[[6318,3107],[-2,15],[1,10],[-2,15],[0,3],[3,2]],[[6318,3152],[-1,3],[4,5],[-2,10],[1,14],[-2,12],[4,7],[-7,13],[-1,16],[-3,15],[1,8],[-6,12],[-8,29],[-2,2],[-11,-4]],[[6285,3294],[-5,6],[1,6]],[[6281,3306],[6,6],[1,3],[0,3],[-14,10],[-6,9],[-4,2],[0,3],[-4,6],[0,4],[-5,11],[-1,0],[0,3],[-5,0],[-2,2],[-2,18],[-2,5],[-3,-1],[0,1],[1,3],[5,-2],[7,2],[4,-1],[-1,-2],[6,-9],[3,0],[4,8],[6,5],[9,4],[2,7],[-2,6],[0,2],[8,1],[-4,3],[-2,7],[-4,-1],[-6,3],[-4,8],[1,3],[2,2],[0,8],[3,2],[-6,7],[1,2],[-2,2],[3,6],[-1,3],[1,1],[-1,8],[7,6],[-1,1],[3,2],[3,11],[-2,6],[-2,0],[2,3],[-2,-1],[-1,2],[0,5],[-3,2],[2,3],[0,5],[3,2],[1,-3],[4,4],[-3,4],[5,1],[-7,7],[-4,11],[3,5],[1,3],[-9,2],[-3,-7],[-2,2],[-2,0],[-2,-5],[-2,0],[-1,4],[-2,0],[1,2],[-2,0],[-3,-2],[-1,-5],[-9,-8],[-9,0],[-3,6],[-3,1],[-4,-6],[-3,11],[-5,5],[-3,1],[-2,5],[-5,2],[-3,3],[1,14],[-3,2],[-4,-1],[-7,4],[-3,6],[-6,-1],[-7,2]],[[6176,3595],[1,5]],[[6177,3600],[-7,9],[0,3],[1,4],[-5,7],[-4,1],[0,3],[-6,8],[-4,1],[-3,7],[1,4],[6,13],[6,1],[1,5],[3,0],[4,3]],[[6170,3669],[0,10],[3,6]],[[6173,3685],[1,10]],[[6174,3695],[2,2],[2,1]],[[6178,3698],[0,-6],[3,-3]],[[6181,3689],[3,-3],[3,1],[3,-4],[2,0],[2,-8],[4,-2],[5,-8],[4,4],[5,0],[2,3],[3,1],[5,4],[2,0],[12,12],[0,-4],[5,-6],[-1,-3],[1,-1],[-4,-9],[1,-4],[-3,-1],[0,-2],[2,-3],[9,1],[5,-3],[-1,-5],[2,-3],[-4,-8]],[[6248,3638],[3,-9]],[[6251,3629],[9,-4]],[[6260,3625],[5,6]],[[6265,3631],[0,3],[5,2]],[[6270,3636],[-1,5],[7,3],[2,4],[6,3],[7,15],[4,-3],[1,1],[1,-2],[3,0],[-1,-1],[2,-1],[-1,-2],[1,1],[3,-4],[-5,-16],[6,-4],[0,-3],[3,1],[3,-1],[1,-5],[6,-6],[1,-8],[7,-10],[3,0],[-2,8],[6,5],[1,3]],[[6334,3619],[8,1],[3,0]],[[6345,3620],[0,12],[3,4],[3,0]],[[6351,3636],[1,2],[5,1]],[[6357,3639],[4,9],[5,7]],[[6366,3655],[5,-3],[2,5],[4,0],[1,3],[5,2],[-1,8],[-2,3],[7,6],[12,5],[-5,5],[2,8],[-8,13],[3,0],[1,-3],[4,5],[3,-1],[-1,3],[3,0],[1,-6],[2,1],[6,-3],[1,-2],[4,0],[4,-6],[7,-1],[7,-7],[5,5],[3,8],[5,-3],[1,-6],[8,-5],[7,1],[-1,12],[7,10],[-1,11],[7,-1],[1,2],[-3,0],[0,2],[4,7],[0,4],[-2,3],[-3,1],[-1,6],[2,2],[5,-5],[6,10],[-5,3],[-4,-1],[-8,2],[-1,3],[2,4],[-1,4],[1,9],[-2,2],[-3,-4],[-2,0],[3,10],[-2,12],[1,5],[3,0],[5,-6],[0,-3]],[[6470,3794],[3,0],[3,7],[0,10],[-4,1],[-5,-4]],[[6467,3808],[-5,2],[0,3],[4,10],[-2,5],[-2,-1],[-7,-7],[-1,1],[0,7],[-1,2],[-2,0],[-9,-6],[-2,4],[-1,-1],[-1,18],[-1,3],[-6,3],[-3,-4],[-2,0],[-5,6],[-5,1],[1,13],[-1,3],[-2,0],[-2,-6],[0,-7],[-8,-6],[1,-4],[-3,-3],[-6,4],[-3,8],[0,5],[-4,6],[-1,6],[-2,0],[-4,-5],[-6,0],[0,4],[1,2],[10,4],[7,0],[-2,13],[-2,1],[-6,-3],[-5,1],[-17,10],[0,4],[3,5],[0,7],[7,4],[0,2],[-5,3],[-2,6],[-5,4],[-3,10],[-7,0],[-1,12],[-5,-6],[-2,0],[-1,4],[4,1],[-1,4],[-9,3],[1,4],[4,-2],[4,7],[8,-2],[1,8],[-4,3],[-11,-4],[-5,4],[2,7],[3,-3],[4,2],[7,8],[5,1]],[[6354,3996],[5,7]],[[6359,4003],[-3,2],[-9,-3],[-5,7]],[[6342,4009],[-7,-6],[0,11],[0,1]],[[6335,4015],[3,-2]],[[6338,4013],[3,1],[7,5]],[[6348,4019],[3,-4],[5,1],[1,2]],[[6442,4067],[11,0],[5,2],[0,14]],[[6458,4083],[3,2],[6,-1],[3,3],[6,12]],[[6489,4183],[7,4],[2,6]],[[6501,4199],[2,3],[1,5]],[[6506,4226],[3,-3]],[[6516,4234],[2,7],[8,2]],[[6526,4243],[2,4],[3,-5]],[[6531,4242],[-6,-2],[1,-7],[1,-2]],[[6527,4231],[1,3],[1,-1],[1,-7],[2,0],[2,-5],[-1,-3],[-1,4],[-2,-6],[4,-4],[-2,-7],[4,-12],[-1,-2],[7,-2],[1,6],[3,0],[-2,4],[2,1],[0,2],[7,-4],[2,5],[4,3],[2,-4],[4,-1],[2,-2],[0,-4],[1,-4],[-1,-2],[3,-3],[1,-6],[2,3],[-2,9],[4,6],[0,-9],[3,1],[5,-1],[3,-9],[2,-1],[1,-8],[-3,-1],[1,-7],[-2,-2],[0,1],[-5,2],[2,-4],[-2,-4],[11,-3],[1,-4],[-2,-2],[-1,-5],[3,-9],[3,-1],[1,2],[1,-2],[1,3],[4,-4],[1,-4],[3,4],[2,0],[2,-4]],[[6610,4127],[0,-6],[5,-2],[3,-5],[8,4]],[[6626,4118],[2,-1],[0,5]],[[6628,4122],[4,0],[6,-6]],[[6638,4116],[3,2],[2,-1],[5,3],[0,-5],[1,2],[3,-2],[4,1],[3,-3],[4,4],[9,1],[6,4],[5,-1],[5,3],[14,5],[17,0]],[[6719,4129],[8,5]],[[6727,4134],[0,-5]],[[6727,4129],[-3,-6],[2,-10],[8,-7]],[[6734,4106],[2,-6],[4,-2],[6,-2],[0,7]],[[6746,4103],[3,-1],[2,-3],[0,-7]],[[6751,4092],[4,-5],[0,-4],[-4,-6]],[[6751,4077],[-2,-8],[3,-7],[9,-9],[-4,-6],[6,-11],[-4,-6],[1,-8],[-3,-5],[3,-8]],[[6760,4009],[1,-17],[-4,0]],[[6757,3992],[-3,-6],[-2,3],[-2,-1],[-1,-11],[-4,-6],[1,-6],[-13,-24],[-2,-11],[-7,-3],[-6,-18],[-3,-4],[-3,1],[-4,-10],[-3,-4],[0,-3],[4,-4],[7,-5],[3,-8],[-2,-12],[-7,2],[-2,-5],[1,-3],[-2,-5],[2,-14],[-3,-15],[3,-14],[-7,-29],[0,-10],[1,-3],[-3,-13],[3,-5],[2,-18],[-1,-8],[3,-1],[3,-5],[0,-11],[3,-18],[6,-9],[-3,-6],[-4,0],[-1,-9],[2,-3],[-4,-12],[2,-4],[0,-12],[2,-5],[-3,-6],[-2,-7],[9,-21],[1,-23],[2,-5],[3,-2],[-1,-6],[-3,-6],[2,-3],[-1,-6],[-2,-2],[0,-5],[2,-4],[-3,-4],[6,-4],[-3,-13],[2,-6],[0,-2],[2,-4],[-5,-6],[3,-5],[4,-9]],[[6726,3476],[1,-12],[-3,-9]],[[6724,3455],[-10,-8],[-14,3],[-4,-3],[-3,2],[-2,-6]],[[6691,3443],[-1,0],[-17,9],[-6,-3]],[[6667,3449],[-1,-2],[3,-3],[-11,-7]],[[6658,3437],[-4,-16],[-19,-2]],[[6635,3419],[-8,-6],[-16,-23]],[[6611,3390],[-5,-10],[-8,-8],[-4,-16],[0,-4],[-4,-7],[0,-6],[-3,-2],[0,-5],[-4,-9],[-3,-2],[-2,-5],[-3,-2],[-2,-5],[1,-3],[-2,-4],[-1,0]],[[6571,3302],[-2,-10],[1,-9]],[[6570,3283],[2,-6],[2,-2],[-1,-3],[3,-2]],[[6576,3270],[0,-6],[4,-8],[5,-5],[1,-3],[9,-10]],[[6595,3238],[0,-4],[3,-1],[2,-5]],[[6600,3228],[-3,0],[-6,-8],[-3,-1]],[[6588,3219],[-1,-9],[-2,-3]],[[6585,3207],[-3,-2],[-4,1],[-7,-3]],[[6571,3203],[-2,-4],[1,-3],[-1,-4],[-2,0],[0,3],[-3,0],[-8,6],[-3,-1],[-1,-3],[-1,1],[-1,-4],[-3,0],[-2,-3],[-3,0],[-2,-2],[0,3],[-2,-1],[-1,1],[-5,-5],[-2,1],[0,-2],[-3,3],[-2,-3],[-1,1],[-6,0],[0,-2],[-3,2],[-2,-2],[-1,4],[-3,3],[-4,-3],[-5,2],[-2,-2],[-2,-1],[-2,1],[-2,-2],[-6,0],[0,2],[-1,0],[-1,-3],[3,-3],[5,-2],[-4,-4],[0,-8],[-2,0],[0,-2],[-2,-1],[0,-2],[-2,1],[0,-3],[-1,0],[1,-3]],[[6482,3159],[-2,-3],[-2,1]],[[6478,3157],[1,1],[-6,1],[-1,2],[0,2],[-1,1],[-1,-3],[2,-4],[-3,-4],[-9,3],[-5,-3],[-15,-1],[-3,-4],[-9,-4],[-2,-6],[1,-2],[-35,-14],[-4,1],[-3,-6],[-3,-2],[-3,1],[-5,3],[-8,-3],[-1,2],[-2,-1],[-5,6],[-6,1],[-4,-3],[-5,-13],[-3,-4],[-4,1],[-3,3],[1,2],[-2,1],[-4,0],[0,-4],[-1,-1],[-4,2],[-5,-1]],[[6885,3211],[-3,-9]],[[6882,3202],[-15,4],[-5,5],[-8,-3],[-4,6],[-8,8],[0,-7],[-2,-10],[-11,-6],[-1,6],[-5,-1],[-8,7],[2,5],[0,5],[-5,2],[-13,-3],[-11,-7],[-2,-8],[-6,-7],[-13,4],[-11,10],[-12,0],[-10,3],[-1,-7],[-9,-3],[-9,-11],[-3,-8],[2,-4],[-1,-8],[-5,-7],[0,-4],[-4,-3],[2,-6],[-6,-4],[5,-5],[0,-5],[4,-9],[-8,-6],[-8,-1],[-11,2],[-10,-13],[-2,0],[-14,12],[-6,3],[-6,9],[-7,3]],[[6637,3140],[-7,11],[-1,3]],[[6629,3154],[0,8],[-2,2],[-4,0],[-4,10],[4,5],[1,6],[4,3],[0,2],[-10,9]],[[6618,3199],[-4,-1],[-3,5],[-1,10]],[[6610,3213],[-9,6]],[[6601,3219],[-1,9]],[[6595,3238],[-4,3],[-1,3],[-5,4],[0,4],[-5,5],[-4,8],[0,5]],[[6570,3283],[-1,10],[2,9]],[[6611,3390],[15,22],[9,7]],[[6658,3437],[11,6],[-2,6]],[[6667,3449],[3,1],[2,2],[6,-2],[3,-1],[1,-2],[7,-4],[2,0]],[[6724,3455],[3,8],[-1,13]],[[6757,3992],[4,-1],[-1,18]],[[6751,4077],[4,8],[-1,3],[-3,4]],[[6751,4092],[0,8],[-2,3],[-3,0]],[[6746,4103],[1,-7],[-2,0],[-8,3],[-3,7]],[[6734,4106],[-3,1],[-5,7],[-1,9],[2,6]],[[6727,4134],[2,3]],[[6729,4137],[-1,10],[-5,12],[-3,3],[-3,15],[-6,9],[2,11]],[[6713,4197],[-2,15],[14,17]],[[6725,4229],[2,5],[1,11],[6,-1],[1,2],[-1,5],[4,1],[5,4],[-1,4],[0,7],[-1,3],[2,5],[-1,7],[3,8],[-5,11],[-7,3]],[[6733,4304],[-2,7],[4,3],[2,6]],[[6737,4320],[9,-17]],[[6757,4311],[8,0],[4,2]],[[6769,4313],[0,4],[5,3],[5,18]],[[7083,4226],[9,-5],[8,2],[2,5]],[[7043,4361],[-3,4],[9,11]],[[7044,4382],[3,2]],[[7047,4384],[14,-4],[5,3],[6,-1],[10,4],[0,-5],[3,-6],[2,-3],[2,0],[7,12],[10,8],[0,5]],[[7106,4397],[8,12],[0,3],[-3,4]],[[7111,4416],[0,3],[7,6],[2,3],[-9,11]],[[7111,4439],[11,7],[8,-2]],[[7130,4444],[2,-3],[5,-1]],[[7137,4440],[2,-4],[4,1],[9,-1],[1,-6],[5,-3],[0,-7],[2,-2],[10,1]],[[7170,4419],[5,-2],[6,-19]],[[7181,4398],[3,-1],[3,4],[6,-3],[3,-8],[-1,-7],[4,-5],[0,-7],[7,-2],[4,-4],[4,-1],[2,-10],[6,1],[14,-16],[11,11],[0,4],[-5,1],[-1,3],[8,19],[10,8],[19,3],[10,-3],[4,-5],[12,-6],[6,-6],[5,-10],[9,0],[3,-9],[4,-1],[3,3],[8,0],[5,-11],[1,-9],[2,-1],[6,-1],[4,4],[18,3],[8,6],[6,-1],[14,6],[3,-4],[7,-2]],[[7416,4341],[-3,-3],[-5,1],[-5,4]],[[7403,4343],[-4,-1],[-1,-4],[0,-11]],[[7398,4327],[-5,-5],[-2,4]],[[7391,4326],[-5,3],[-15,-3],[1,-7],[7,-2]],[[7379,4317],[-3,-8],[0,-12],[6,-3],[11,-15],[1,-5]],[[7394,4274],[-3,-5],[0,-4],[3,-2]],[[7394,4263],[7,1],[3,-8]],[[7404,4256],[7,2],[6,-3],[3,-5],[0,-4],[-5,-10]],[[7415,4236],[3,-7],[4,-3],[1,-8],[-4,-27],[9,-29],[-1,-12]],[[7427,4150],[6,-4],[1,-2],[0,-12]],[[7434,4132],[-5,-6],[-2,-7],[-5,-7]],[[7422,4112],[-2,-10],[-6,-9]],[[7414,4093],[-4,-9],[-10,-16]],[[7400,4068],[0,-7],[-5,0]],[[7395,4061],[-7,-10],[-4,-1],[-5,-4],[-9,-3]],[[7370,4043],[-8,1],[-6,-2]],[[7356,4042],[-6,1],[-8,-3],[-4,-4],[-12,-1],[-23,-11],[-3,-8],[4,-5],[1,-4],[-4,-1],[-2,-3],[-3,-5],[-2,-8],[-6,-9],[1,-5],[4,-1],[2,-14],[-3,-2],[-9,4],[-13,-3],[-4,-10],[2,-9],[-2,-6],[3,-11],[-3,-13],[-4,-1],[-5,5],[-2,0],[-6,-8],[-8,-6],[-4,1],[-6,7],[-4,-1],[-3,-5],[-4,-1],[-3,6],[-8,2],[3,9],[-6,6],[-2,8],[3,8],[-7,9],[-2,8],[-4,5],[-5,2],[-1,8],[-7,6],[-3,7],[0,11],[3,7],[-4,4],[-2,4],[-6,-1],[-14,10],[-6,6],[-10,-3],[2,-7],[-1,-6],[-3,-4],[2,-4],[-1,-6],[2,-4],[1,-8],[-8,-9],[8,-10],[-2,-6],[2,-3],[1,-7],[4,-8],[-1,-13]],[[7145,3929],[6,-10],[-1,-5]],[[7150,3914],[-4,-4],[-1,-3],[5,-14],[-2,-14]],[[7148,3879],[2,-15],[-1,-2],[-3,-1]],[[7146,3861],[-7,-10],[1,-5],[-1,-12],[2,-7],[-6,-10],[1,-6],[-1,-6],[7,-11],[-7,-1],[-3,-3],[-8,-20],[-8,-8],[1,-7],[-5,-9],[3,-8],[-2,-2]],[[7113,3736],[-12,-1],[3,-9]],[[7104,3726],[5,-5],[-3,-6],[-3,-13],[0,-9],[5,-7],[-10,-1],[-6,-6],[-1,-2],[2,-3],[-4,-6],[-8,3],[-10,0],[-2,-6],[-6,0],[-3,-4],[-2,2],[-5,-1],[-1,3],[-6,-3],[-4,-7],[0,-4],[5,-2],[5,-5],[4,-1],[4,-4],[0,-5],[-13,-4],[-2,-5],[0,-5],[-4,-2],[-4,3],[-4,-2],[-5,2],[-1,2],[-5,0],[-2,-2],[2,-3],[-2,-6],[-3,-2],[-3,-6],[-7,6],[-9,-1],[-7,3]],[[6991,3612],[2,-3]],[[6993,3609],[2,1],[1,-4],[-3,-8],[1,-6],[-3,-3],[0,-3],[3,-5],[6,-3],[4,5],[3,-10],[-6,-11],[-1,-6],[-6,-18],[3,-6],[0,-3],[8,-8],[4,0],[5,-6],[4,0],[-5,-11],[-4,-17],[-7,0],[-4,4],[-2,-4],[-3,0],[-3,-9],[-3,-5],[3,-12],[-9,-7],[2,-13],[5,-8],[6,-1],[3,-2],[-2,-13],[7,-20],[-7,-8],[-6,2],[-4,-1],[0,-3],[-1,0],[-1,-2],[-9,0],[1,-2],[-3,-2],[1,-3],[-4,0],[-3,-4],[3,-8],[-2,-4],[-2,0],[-2,-2],[-1,5],[-5,0],[-6,-7],[-4,0],[-2,-9],[-3,-3],[1,-4],[-2,-4],[2,-6],[-3,-3],[1,-6],[-1,-5],[-2,0],[-3,-5],[-3,0]],[[6932,3313],[-1,-5],[2,-6]],[[6933,3302],[-2,-3]],[[6931,3299],[0,-6],[-5,1]],[[6926,3294],[-2,-2],[-3,2],[0,-5]],[[6921,3289],[-2,-2],[-8,-6]],[[6911,3281],[-3,-7],[4,-21],[-16,-13]],[[6896,3240],[-6,-2],[0,-5]],[[6890,3233],[-2,-2],[-3,-20]],[[7471,4089],[1,3],[-1,3],[-7,3],[-4,9]],[[7460,4107],[-6,5]],[[7454,4112],[-1,5],[-5,2],[-9,-8],[-9,2]],[[7430,4113],[-5,-8],[-4,0]],[[7421,4105],[1,7]],[[7434,4132],[0,11],[0,3],[-7,4]],[[7415,4236],[5,13],[-3,5],[-4,3],[-3,1],[-6,-2]],[[7394,4263],[-2,1],[-1,4],[3,6]],[[7379,4317],[-8,3],[1,7],[11,2],[4,0],[4,-3]],[[7391,4326],[1,-4],[2,1],[4,4]],[[7398,4327],[0,12],[2,4],[3,0]],[[7416,4341],[-1,5],[-4,5],[-6,2],[-2,11]],[[7403,4364],[-5,14],[-3,0]],[[7395,4378],[-4,9],[-13,7],[-4,6],[-5,3],[-2,7]],[[7367,4410],[-3,4],[-1,5],[0,6]],[[7363,4425],[1,6],[-1,4],[4,3],[5,6],[2,16],[5,8],[1,6],[-4,8]],[[7376,4482],[-12,4],[-1,8]],[[7363,4494],[-3,6],[2,4],[-1,9],[6,8],[-1,4],[5,0],[4,4],[6,1]],[[7381,4530],[8,8],[1,4],[-1,14]],[[7389,4556],[-4,6],[-4,1],[1,8],[-7,14],[1,10]],[[7376,4595],[8,6],[-2,6],[-8,4]],[[7374,4611],[2,8],[-2,5]],[[7374,4624],[2,5],[8,5]],[[7384,4634],[4,-11]],[[7388,4623],[3,-1],[8,2]],[[7399,4624],[5,4]],[[7404,4628],[3,1],[4,-5],[4,-3]],[[7415,4621],[0,-5],[3,-3],[-2,-5],[0,-2],[7,-7]],[[7423,4599],[9,3]],[[7432,4602],[0,7],[4,4],[1,-4],[4,-3],[14,2],[5,-5],[10,-1],[2,-7],[4,-3],[0,-10],[-2,-4],[2,-3],[0,-7],[5,0],[11,-9],[0,-4],[5,-12],[8,12],[1,0],[3,-21],[7,0]],[[7516,4534],[16,-9],[2,0],[1,6]],[[7535,4531],[4,2],[-1,11],[12,-1],[2,14],[10,3]],[[7562,4560],[5,0],[3,-3]],[[7570,4557],[13,1],[2,5],[-1,7],[-1,2]],[[7583,4572],[4,11],[2,-9]],[[7589,4574],[3,1],[2,6],[2,-3],[0,-4],[-2,-4],[0,-4],[15,7],[3,4],[6,-3],[2,-6],[4,-3],[11,8],[4,5],[4,1]],[[7643,4579],[6,7],[3,-4]],[[7652,4582],[-4,-4],[-1,-5],[1,-3],[-3,-3],[-2,-6],[3,-4]],[[7646,4557],[4,0],[7,7]],[[7657,4564],[4,0],[9,5],[2,7],[7,7],[2,-1],[6,3],[5,-3],[2,0],[4,-3],[3,3],[9,4],[1,3],[14,10],[2,-3],[5,0],[7,5],[3,-4],[7,4]],[[7749,4601],[11,-2]],[[7760,4599],[-1,-2],[2,-2],[-3,-2],[-2,-4],[6,-16],[3,-4],[0,-6],[1,-4],[3,1],[1,-2],[4,-1],[3,2],[0,-6],[3,2],[2,-2],[6,1],[5,-5],[0,-4],[3,-1],[-1,-2],[3,-1],[-1,-7],[1,-2],[2,1],[2,-4],[1,3],[2,-1],[0,4],[-2,2],[1,0],[1,1],[-2,2],[5,6],[-2,3],[1,3],[-1,2],[3,3],[0,1],[5,1],[2,-4],[6,-1],[0,-2],[2,1],[-1,-2],[3,-3],[0,2],[3,-1],[3,-2],[2,2],[5,-9],[3,0],[2,-3],[1,2],[3,-1],[0,2],[2,-1],[1,2],[9,3],[-2,-5],[2,-3],[-2,-1],[2,-3],[-2,-1],[-1,-3],[7,-7],[8,2],[0,1],[5,-1],[4,-5],[2,2],[-1,2],[2,1],[2,2],[2,-2],[0,4],[2,-1],[1,2],[3,0],[6,6],[1,-3],[1,3],[4,-3],[2,3],[2,-5],[2,1],[0,-3]],[[7912,4527],[3,1],[1,-2],[-2,-1],[3,-5]],[[7917,4520],[3,2],[0,-5],[3,-1],[2,-3],[-1,-3],[4,0],[-1,-3],[2,-4],[0,-5],[-3,-5],[1,-5],[3,2],[3,-4],[3,5],[2,-2],[-2,-2],[2,-2],[4,1],[1,-8],[2,0],[0,-2],[2,-3],[4,0],[0,-3],[4,1],[4,-1],[4,2],[-2,-7],[5,-10],[0,-6],[-8,-15],[-11,-11],[-1,-4],[3,-10],[-2,-5],[-13,-13]],[[7934,4391],[-17,-29],[-7,-8],[-7,-4],[-20,-7]],[[7883,4343],[-7,-9],[5,0],[-1,-4],[3,-2],[-2,-8],[5,-5],[4,0],[2,4],[1,-4],[3,3],[1,-2],[1,-9],[-1,-2],[2,-3],[3,0],[-3,-2],[2,-2],[2,-24],[4,-2],[0,-4],[2,-13],[0,-6],[2,-6],[5,-2],[-1,-4],[2,-12],[7,-6],[-1,-3],[0,-6],[6,-3],[0,-7],[-1,-3]],[[7928,4197],[0,-6]],[[7928,4191],[4,-2],[5,-10],[-1,-13]],[[7936,4166],[5,-4],[-1,-4]],[[7940,4158],[1,-8],[6,-10]],[[7947,4140],[5,-4],[7,4],[7,-2],[6,4]],[[7972,4142],[5,8],[6,-5],[1,-5],[-2,-6],[2,-6],[-3,-4],[-2,-7],[7,-5],[1,-5],[3,-1],[1,-4],[4,-2],[1,-4],[2,0],[0,2],[7,12],[6,-6],[4,0],[4,3],[2,-4],[4,0],[-1,3]],[[8024,4106],[3,1],[1,-3],[8,3],[4,-4]],[[8040,4103],[5,1],[2,-5]],[[8047,4099],[-2,-6],[7,-9],[2,1],[1,-3]],[[8055,4082],[3,-2]],[[8058,4080],[-2,-5],[-1,-2]],[[8055,4073],[-17,-7],[-21,-18],[-10,1]],[[8007,4049],[-1,-4],[1,-4],[-2,-6]],[[8005,4035],[5,-2],[2,-4],[-3,-4],[-5,-3],[-10,-2],[-7,1],[-2,2],[-6,13],[-7,-7],[-4,3],[-4,-1],[-2,6],[-8,-1],[-1,-3],[1,-7],[-5,-15],[-5,-3],[-5,1],[-1,-4],[1,-3],[-1,-5],[-7,-5],[-3,-6],[-2,0],[-2,3],[-4,-4],[-3,1],[-2,-7],[-4,-1],[-3,-6],[-3,-15],[-6,-2],[-4,1],[-3,-3],[0,-3],[2,-5],[2,-8],[-6,-5],[0,-9],[-6,-5],[-2,-11],[-4,-2],[-4,1],[-4,-15],[-4,-7],[-6,4],[-3,12],[-12,-1],[-14,2],[-5,2],[-3,4],[-3,1],[-4,7],[5,8],[-2,5],[4,9],[-1,6],[5,7],[-3,3],[-10,0],[0,2],[8,9],[1,7],[2,4],[3,9],[9,4],[3,3],[-1,6],[-4,6],[-2,-6],[-17,-8],[-2,3],[-10,0],[-2,6],[-4,1],[-13,-3],[-4,6],[-15,-7],[-4,4],[-8,0],[-7,3],[-3,-5],[0,-18],[-1,-4],[-2,-1],[-3,3],[-3,13],[-4,6],[-6,3],[-18,1],[-6,3],[-3,5],[-2,-18]],[[7696,3990],[-4,-9],[-7,-3],[-6,0],[-8,4]],[[7671,3982],[-10,-3],[-3,-4],[-2,-13],[-3,-4],[-4,-1]],[[7649,3957],[-1,-7],[-3,-3],[-9,-1]],[[7636,3946],[-1,2]],[[7635,3948],[-12,0],[-8,-2]],[[7615,3946],[-8,-7]],[[7607,3939],[-4,0],[-2,-1],[-1,-3]],[[7600,3935],[1,-5],[2,-4],[-2,-2],[-8,0]],[[7593,3924],[-4,3],[-5,-9],[-10,-5],[3,5],[-3,9],[-3,-6],[0,1],[-6,-1],[-4,4],[-3,1],[-8,15],[-6,7],[2,6],[3,1],[0,4],[2,1],[1,4],[-2,14],[-3,2],[0,3],[-4,0],[-4,4],[-10,-3],[-5,4],[-4,1],[-2,7],[-3,2],[-16,1],[-3,4],[-9,-7],[-2,-3],[-5,1],[0,3],[1,5],[-1,3],[0,5],[-1,2],[1,8],[-7,1],[-2,9],[-8,3],[-1,7],[2,8],[-5,3],[-1,5],[-3,2],[-2,7],[2,7],[17,14],[-1,3]],[[9454,7003],[-4,0],[-5,-8],[-6,2],[-8,9],[-6,12],[-11,0],[-9,15],[-7,-1],[-5,3],[1,8],[-14,0],[-5,8],[-7,-4],[-7,7],[-8,-2],[-1,-2],[1,-9],[-2,-3],[-4,-1],[-1,3],[1,8],[-3,18],[-3,-4],[-5,1],[-3,-5],[-5,7],[-4,0],[-5,-7],[-4,3],[-7,-3],[-5,-8],[-5,2],[-7,-5],[-2,-11],[-3,0],[-8,-9],[-6,-19],[-7,-1],[-2,-2],[-5,0],[-8,-9],[-6,-1],[-6,2],[-2,11],[-8,2],[-3,-2],[-6,1],[-4,7],[-5,-3],[-2,0],[-3,5],[-9,5],[-6,-3],[-5,1],[-6,-4],[-13,-2],[-8,-6],[-7,-12],[-1,-9],[-6,-4],[-12,-12],[-1,1],[-1,4],[-2,1],[-8,-8],[-4,-2],[-8,7],[-5,7],[-3,10],[0,10],[-2,4],[-5,3],[-5,8],[-3,-4],[-3,1],[-2,6],[-4,4],[-1,12],[-3,4],[-6,-7],[-10,-6],[-8,0],[-8,-14],[-9,-8],[-4,-18],[-9,-12],[-5,-3],[-4,-6],[-1,-35],[-2,-2],[-4,0],[-12,-14],[-3,-12],[-3,-4],[-7,-4],[-6,13],[-9,2],[-9,-12],[-10,2],[-7,-9],[-1,-16],[-9,-14],[-3,6],[-3,-5],[-3,-1],[-3,6],[-7,1],[-7,7],[-1,4],[-7,0],[-22,-19],[-2,-5],[-1,-12],[-6,-7],[-4,-9],[-3,-2],[-2,-6],[-6,-2],[-4,2],[-6,-3],[0,-9],[5,-7]],[[8841,6800],[-2,-5],[-17,-5]],[[8822,6790],[-3,-4],[-5,0],[-5,4]],[[8809,6790],[-7,-1],[0,-2],[5,-10]],[[8807,6777],[-1,-5],[-14,4],[-4,-14]],[[8788,6762],[-10,0],[-7,-3],[-5,9]],[[8766,6768],[-6,-10],[-12,2],[-4,5]],[[8744,6765],[-2,5],[-8,2]],[[8734,6772],[-4,4],[-1,9]],[[8729,6785],[5,20],[-4,4],[0,5],[9,9]],[[8739,6823],[5,19],[9,-8],[5,-1],[3,3],[8,10],[5,12]],[[8774,6858],[3,10],[3,6]],[[8780,6874],[-5,6],[1,3],[16,11]],[[8792,6894],[2,4],[4,3],[-1,4],[5,9],[2,10],[5,9],[4,1],[6,6],[1,4]],[[8820,6944],[0,5],[6,4]],[[8826,6953],[12,3],[5,-1]],[[8843,6955],[9,3],[1,5]],[[8853,6963],[-2,14],[-6,1],[0,4],[-11,10],[-3,9],[-12,8],[-2,9],[-3,2],[-4,6],[-12,10],[-2,5],[-2,13],[-6,4],[-6,11],[-4,11],[-9,2],[-11,-6],[-7,1],[-14,12],[-6,2],[-9,11],[-9,6],[-3,6],[-2,16],[3,15],[8,19],[0,7],[3,11],[0,8],[0,2],[-7,1],[-5,4],[-12,4],[-1,8],[3,10],[0,5],[-3,7],[-1,5],[-6,3],[-2,3],[-7,2],[0,4],[-4,0],[-3,-4],[-6,2],[-3,3],[-5,-1],[-3,7],[-6,6],[-1,3],[-6,3],[-2,10],[1,4],[2,3],[0,2],[-17,3],[-4,3],[-4,9],[1,4],[-1,4],[-6,-3],[-11,8],[-5,-4],[-12,4],[-17,0],[-3,1],[3,9],[-5,11],[1,7],[-5,5],[5,11],[-1,10],[5,8],[9,1],[4,5],[5,3],[15,23],[-4,7],[-10,1],[-14,8],[-2,8],[2,11],[-10,8],[-8,2],[0,6],[4,7],[7,7],[-3,11],[0,5],[5,3],[10,0],[16,9],[4,4],[1,3],[10,-3],[5,6],[5,14],[4,4],[1,12],[14,6],[6,5],[1,7],[5,6],[-1,9],[2,4],[7,0],[3,-7],[3,-1],[0,-7],[2,0],[10,6],[11,-2],[5,5],[3,8]],[[8696,7580],[7,1],[4,2],[-1,8],[-4,8]],[[8702,7599],[1,11],[-1,13],[2,4],[-1,7],[8,12],[18,2],[-5,5],[2,3],[-2,7],[-6,4],[-6,11],[-7,5],[-3,6],[0,8],[4,13],[7,13],[5,3],[5,19]],[[8723,7745],[7,7],[-2,9]],[[8728,7761],[-11,3],[-5,5]],[[8712,7769],[-1,7]],[[8711,7776],[10,12]],[[8721,7788],[9,7],[5,1],[12,-4],[5,2],[3,10]],[[8755,7804],[-5,12],[0,4],[6,1],[10,-2]],[[8766,7819],[5,7],[0,7],[2,5],[7,5],[1,6],[-2,11]],[[8779,7860],[5,24]],[[8784,7884],[3,1],[4,-2]],[[8791,7883],[4,5],[6,5],[9,-1]],[[8810,7892],[13,2]],[[8823,7894],[14,8],[5,0],[9,-3]],[[8851,7899],[4,-10],[13,-4],[7,0],[3,2],[4,-9],[9,0],[11,-6],[20,2],[3,2],[4,6],[4,2],[10,-4],[12,-1],[9,4],[8,-5],[10,1],[6,-3],[9,-9],[10,0],[4,-9]],[[9011,7858],[3,-1],[14,-5],[5,3],[9,23],[8,2]],[[9050,7880],[2,4],[1,9],[-2,6],[3,6],[2,8],[-3,22],[1,11],[6,7],[-9,11],[-1,6],[3,8],[-3,13]],[[9050,7991],[-3,5],[-12,9]],[[9035,8005],[-12,5],[-3,-1],[-6,7],[-3,-1],[-7,17],[-10,7],[1,13],[4,7],[-4,13],[11,8],[5,2],[1,7],[-5,15],[-3,2],[-11,2],[-19,15],[-1,5],[2,11],[-8,13],[2,12],[4,-9],[12,-3],[11,19],[5,14],[9,4],[7,-3],[10,-7],[2,0],[6,-4],[3,-6],[6,-2],[2,1],[9,-6],[2,-3],[4,-2],[2,2],[3,-1],[4,4],[9,1],[5,4],[4,1],[7,-6],[4,6],[19,9],[7,-2],[1,-4],[7,-3],[3,6],[4,3],[2,-4],[3,0],[3,-17],[6,-6],[4,-1],[3,2],[7,-15],[6,-1],[4,-4],[-1,-5],[2,-1],[1,-2],[5,-6],[3,0],[12,-12],[7,-5],[9,-11],[1,-2],[2,1],[2,-1],[1,2],[-2,6],[1,2],[0,3],[5,10],[0,7],[2,4],[4,0],[-3,5],[-2,-2],[-3,2],[-1,4],[2,1],[-4,5],[0,4],[-2,4],[-1,11],[1,2],[-3,6],[3,6],[-2,4],[1,8],[6,10],[-11,10],[-1,9],[-12,2],[-2,2],[-4,13],[5,8],[2,6],[-2,5],[-6,6],[0,10],[-4,1],[-7,8],[-9,4],[-4,6],[-9,7],[-8,9]],[[9152,8297],[-6,15],[-1,30]],[[9145,8342],[-4,4]],[[9141,8346],[-1,5],[1,20]],[[9141,8371],[5,-3],[3,-6],[12,-10],[4,-9],[9,-9],[-5,-14],[2,-10],[5,-8],[9,-7],[7,1],[18,11],[2,7],[-6,13],[3,7],[8,6],[7,0],[9,3],[6,7],[6,-1],[4,-5],[2,-9],[5,-5],[3,-11],[3,-1],[-1,-6],[9,-2],[4,-7],[6,0],[15,-25],[6,-2],[4,14],[4,3],[3,-3],[10,-19],[7,-2],[5,-8],[1,-4],[0,-7],[-4,-7],[10,-4],[-1,-6],[1,-4],[13,-1],[2,-3],[8,-1],[-1,-5],[-4,-7],[0,-2],[9,-18],[9,0],[5,6],[7,4],[7,0],[6,-3],[6,0],[1,8],[-2,11],[9,14],[13,3],[5,-9],[4,-2],[3,1],[5,4],[0,4],[4,2],[0,3],[9,12],[8,-8],[14,-18],[4,-3],[4,-13],[-1,-14],[3,-4],[6,-4],[4,3],[11,-12],[0,4],[3,-2],[1,1],[5,-7],[3,4],[2,0],[3,2],[2,-4],[2,0],[1,-6],[4,4],[1,7],[2,-1],[2,-3],[9,5],[4,-3],[5,-2],[7,1],[1,-2],[-2,-4],[4,-3],[4,2],[1,4],[2,1],[6,-3],[6,2],[3,4],[15,-1],[4,5],[3,0],[3,5],[8,-12],[3,1],[2,5],[5,0],[-1,3],[1,2],[7,-2],[3,4],[4,1],[9,1],[2,2],[4,0],[-1,-3],[2,-3],[-1,-4],[2,-7],[5,-4],[-2,-5],[2,-2],[4,1],[0,-10],[5,0],[-1,-4],[1,-4],[6,-4],[-1,-1],[0,-9],[6,-2],[2,-2],[-2,-2],[0,-3],[7,6],[5,-3],[1,-4],[3,0],[4,-5],[4,-3],[3,3],[4,-1],[1,-8],[-2,-7],[3,-6],[-2,-8],[-8,-5],[-1,-4],[5,-7],[3,3],[2,-6],[4,2],[3,11],[2,0],[1,-5],[4,-2],[3,4],[0,3],[4,0],[3,-8],[7,-2],[5,4],[6,1],[4,-5],[0,-4],[3,-1],[4,0],[2,3],[6,2],[1,5],[-1,4],[4,3],[6,0],[3,-9],[-2,-3],[0,-3],[-2,-4],[2,-7],[3,-5],[5,5],[3,7],[-1,2],[1,1],[4,2],[1,-1],[0,-9],[-4,-2],[-1,-7],[5,1],[-4,-6],[2,-4],[-8,-1],[-1,-7],[3,-1],[4,4],[4,-2],[-1,-2],[2,-2],[-1,-8],[6,-3],[-5,-3],[-1,-5],[2,0],[2,-5],[14,2],[3,-7],[-4,-2],[1,-3],[2,-1],[11,1],[-1,-6],[2,-3],[3,0],[1,-2],[-2,-3],[5,-6],[0,5],[1,1],[7,1],[5,-12],[6,0],[-3,-8],[8,1],[3,7],[3,-3],[8,0],[1,-3],[-2,-5],[1,-1],[9,1],[5,-1],[0,7],[8,9],[17,-5],[11,1],[8,-6],[-3,-8],[-7,-6],[-2,-6],[-4,-2],[-2,-5],[3,-5],[9,-1],[6,-10],[6,-5],[8,-9],[-1,-11],[7,-3],[10,-7],[4,-12],[-1,-8],[1,-7],[2,-3],[7,-2],[2,-10],[5,-6],[2,-5],[-4,-13],[-17,-21],[-4,-2],[-6,8],[-5,-4],[1,-7],[2,-3],[6,-1],[4,-15],[-1,-35],[-1,-3],[-6,-1],[-6,-4],[-4,-8],[-5,-2],[-4,0],[0,-7],[-2,-2],[-3,-7],[-16,-25],[0,-3],[7,-11],[7,-7],[3,-9],[1,-14],[-6,-1],[-4,2],[-5,0],[-1,-6],[-5,-6],[-3,2],[-1,-4],[-7,-3],[-6,-12],[0,-8],[-2,-7],[-5,-7],[-4,1],[1,4],[-3,5],[-4,1],[-2,1],[1,7],[-11,-2],[-1,-6],[-4,-7],[1,-8],[-14,-10],[-1,-3],[1,-5],[-5,0],[-2,-4],[-1,-5],[-4,-3],[-1,-11],[-6,-29],[-5,-6],[-3,-10],[0,-7],[-4,-12],[-3,-2],[-2,-9],[-3,-2],[-7,2],[0,-5],[1,-4],[-3,-5],[-1,-16],[-3,-3],[-9,-4],[-4,0],[0,6],[-4,8],[-8,4],[5,16],[-3,3],[-1,11],[-2,1],[-4,-18],[-6,-15],[-4,-5],[-2,-14],[-4,0],[-5,-10],[-5,-5],[-1,-4],[0,-5],[-2,0],[-2,-3],[-3,-8],[-7,-7],[-5,-6],[-1,-5],[-1,1],[-1,-2],[-3,-11],[-2,-2],[-1,4],[-3,1],[-3,-4],[3,-13],[-4,1],[-2,-3],[5,-2],[3,1],[2,-7],[3,0],[-2,-2],[0,-5],[3,-5],[-2,-3],[3,-4],[2,3],[2,-4],[0,-6],[-1,1],[-5,-6],[2,-10],[-4,-1],[-2,2],[-6,2],[-1,-1],[0,-5],[-2,0],[-10,11],[-4,2],[-7,1],[-3,-6],[-3,3],[-6,-1],[-6,8],[-10,6],[-4,4],[-2,-7],[-9,-3],[-1,-8],[-7,5],[-3,-2],[-3,-4],[-12,1],[0,-6],[-7,-10],[-4,-14],[3,-6],[-3,-6],[0,-6],[-4,-8],[-3,-13],[1,-6],[-3,-6],[0,-10],[-5,-6],[-9,-20],[-1,-8],[3,-3],[0,-13],[4,-1],[3,-8],[1,-5],[-1,-5],[-6,-8],[-2,-7],[2,-12],[-9,-12],[-8,-20],[-3,-7],[-3,-11],[-8,-6],[-1,-3],[2,-2],[7,1],[11,-15],[26,5],[7,-7],[3,-1],[3,3],[9,7],[11,-13],[-1,-16],[5,-5],[2,-7],[-1,-9],[4,-8],[-4,-4],[0,-13],[-3,-1],[-4,3],[-6,-2],[1,-5],[-6,-6],[-4,-26],[-2,-3],[-3,-7],[-5,-4],[-5,0],[-4,5],[-1,7],[-4,2],[-3,-5],[-3,0],[-5,-10],[-7,2],[-1,-6],[-6,1],[-8,11],[-8,-1],[0,7],[1,6],[-5,3],[-2,4],[-9,9],[-5,-1],[1,-4],[-5,-8],[-16,-1],[-5,-3],[-6,-11],[-6,1],[-4,-2],[-5,5],[-3,6],[-6,3]],[[9484,6945],[-4,5],[-3,5]],[[9477,6955],[-1,14],[-4,10],[-4,3],[-5,1]],[[9463,6983],[-9,20]],[[4140,5839],[1,-7],[3,-5]],[[4144,5827],[0,-5],[4,-3],[-3,-3],[-1,-4],[5,-7],[5,-3],[2,-6],[5,-3]],[[4161,5793],[3,-6],[0,-11]],[[4164,5776],[-4,-3],[2,-5],[-2,-5]],[[4160,5763],[0,-3],[-6,-3]],[[4154,5757],[1,-2],[-1,-4],[-6,-5],[-2,-10],[1,-3],[-8,0],[0,-3],[-2,0],[-8,-9],[-6,1],[-1,-2],[-6,5],[0,-7],[-5,1],[-3,-4],[-8,-19],[-5,-1],[-4,4],[-5,1],[-1,2],[-3,0],[-3,-6],[-12,-14],[-8,-1]],[[4059,5681],[-10,-9],[-2,0],[-1,3]],[[4046,5675],[-10,2],[-4,5],[-8,3],[-1,2],[-4,0],[-8,15],[-3,3]],[[4008,5705],[-8,-2],[-3,-3],[-2,-7]],[[3995,5693],[8,-5],[1,-5]],[[4004,5683],[-2,-7],[8,-7],[2,-8]],[[4012,5661],[4,-7]],[[4016,5654],[-1,-3],[-2,-2]],[[4013,5649],[-5,0]],[[4008,5649],[-8,8],[-4,0],[-6,-5],[-13,1]],[[3977,5653],[-2,1],[-2,4],[1,3],[-2,4]],[[3972,5665],[-5,3],[3,3],[0,5],[3,0],[2,7]],[[3975,5683],[0,5],[-4,5]],[[3971,5693],[1,4]],[[3972,5697],[-4,4],[-2,0],[-1,-4],[-3,-2]],[[3962,5695],[-3,1],[-1,7],[3,1],[0,2],[2,3],[-2,1],[-2,7],[1,4],[-9,1],[-2,4],[-2,-3],[-4,1],[-1,3],[-4,1],[-1,0],[-1,-5],[-7,-1],[-2,-7],[-2,2],[-1,7],[-2,1],[-5,-6],[-6,1],[0,6],[-6,0],[5,5],[4,1],[-3,4],[3,1],[3,5],[-10,0],[1,4],[-5,7],[3,1],[1,3],[5,0],[-1,4],[-3,1],[0,4],[4,7],[-1,3],[5,1],[-3,7],[4,-2],[-1,11],[-2,-1],[-1,6],[-2,2],[3,3],[0,7],[-1,1],[7,7],[4,0],[7,-4],[5,0],[2,2],[0,8],[-3,2],[1,3],[2,-1],[-3,2],[1,2],[4,2],[0,2],[2,0],[-1,4],[2,1],[-2,6],[2,1],[3,3],[-1,3],[3,0],[-1,4],[3,4],[-2,2],[2,9],[-2,3],[2,1],[-2,3],[-2,-1],[0,6],[2,-1],[3,8],[2,4],[2,0],[0,7],[-2,0],[0,2],[3,3],[4,-2],[1,2],[-2,5],[-2,0],[-1,5],[6,1],[-1,-2],[3,-3],[3,4],[3,-4],[1,4],[2,0],[4,-4],[1,4],[-2,1],[1,5],[4,1],[0,3],[1,-2],[6,2],[0,-3],[1,1],[0,2],[-2,3],[1,5],[2,-5],[5,-1],[2,0],[0,2],[5,1],[-6,8],[0,4],[-2,0],[-2,5],[0,2],[3,-1],[3,3],[-9,12],[4,4],[0,3],[-4,-1],[-4,2],[3,-3],[-3,0],[-4,6],[2,2],[-2,4],[-2,-3],[-3,2],[-4,6],[-4,2],[-2,3],[2,12],[8,3],[4,-2],[1,3],[9,2],[2,5],[-15,5],[0,2],[2,0],[-1,3],[-4,1],[-2,10],[-2,0],[1,-7],[-2,0],[-1,3],[-3,0],[2,4],[-4,3],[1,6]],[[3964,6046],[-1,4],[5,2]],[[3968,6052],[1,-2],[-1,-2],[3,1]],[[3971,6049],[4,-1],[1,4]],[[3976,6052],[-3,5],[-2,-2]],[[3971,6055],[-3,1],[-1,7]],[[3967,6063],[-4,0],[-2,-5]],[[3961,6058],[-3,1],[-1,2],[7,7]],[[3964,6068],[0,6],[3,-2],[1,4],[3,4],[0,4],[4,3],[-1,4],[4,5],[0,10],[4,2],[0,4],[-2,2],[5,8],[-1,4],[-7,4],[0,3],[5,11],[-2,2],[1,4],[-2,6],[-4,7],[0,2],[4,-4],[1,1],[0,5],[-1,3],[3,2],[-4,2],[0,2],[3,2],[1,7],[-5,2],[2,2],[0,5],[7,1],[0,5],[2,1],[-3,3],[-1,5],[4,-5],[1,6],[-2,1],[5,3],[-2,5],[-2,-1],[1,-5]],[[3989,6213],[-5,5]],[[3984,6218],[3,1]],[[3987,6219],[0,7]],[[3987,6226],[7,3],[0,5]],[[3994,6234],[4,4],[3,7],[18,10],[0,4]],[[4019,6259],[-13,2],[-1,5]],[[4005,6266],[10,16],[7,4]],[[4022,6286],[0,5],[-3,4],[2,7],[3,1],[5,-3],[2,2],[-2,4],[-6,4]],[[4023,6310],[-4,13],[6,3]],[[4025,6326],[-1,7],[8,1],[2,9],[5,-6],[9,4],[6,-7]],[[4054,6334],[14,22],[9,2]],[[4077,6358],[7,-6],[3,0]],[[4087,6352],[3,3],[-2,7]],[[4088,6362],[1,11],[-1,6],[-6,8],[-7,6],[1,3],[6,5],[1,5],[-7,5],[-2,7],[1,3],[7,5],[-3,5],[-5,6],[-2,4],[4,4],[10,-5],[3,0],[4,15],[-2,3],[-10,0],[-2,-6],[-4,-1],[-1,1],[3,6],[0,11]],[[4077,6469],[-8,0],[-2,2],[6,9],[14,2],[4,8],[7,6]],[[4098,6496],[0,2],[-8,6]],[[4090,6504],[-2,4]],[[4088,6508],[1,5],[-8,-5]],[[4081,6508],[-1,-12]],[[4080,6496],[-3,3],[0,8]],[[4077,6507],[10,15],[9,2],[11,-1],[12,2],[1,-2]],[[4120,6523],[1,-9],[3,-4],[3,0],[7,6],[-1,9]],[[4133,6525],[3,4],[6,-1],[-1,-11],[3,-5]],[[4144,6512],[2,-2],[6,8],[8,2]],[[4160,6520],[-5,10],[5,10],[5,-1]],[[4165,6539],[1,-3],[-1,-3],[-6,-1],[0,-4],[8,-2]],[[4167,6526],[3,2],[3,4]],[[4173,6532],[0,3],[-12,12]],[[4161,6547],[-3,8],[-4,-1],[0,-6]],[[4154,6548],[-2,-2],[-4,3],[0,4],[8,6],[10,-5],[14,2],[1,2],[0,8],[1,3],[5,-6],[1,0],[0,7],[-2,9],[2,22],[3,7],[3,2],[8,-2],[4,-3],[10,-21],[9,-4],[7,-9]],[[4232,6571],[9,3],[5,5]],[[4246,6579],[8,2],[2,3],[3,10],[0,13]],[[4259,6607],[-2,10],[3,14]],[[4260,6631],[2,17],[-3,5]],[[4259,6653],[-6,-1],[-1,8],[-4,5],[-1,5],[0,4],[8,13],[11,14],[1,9],[-2,7],[-5,11],[0,4],[9,7],[9,10],[3,13],[3,0],[4,-3],[4,1],[-2,4],[-8,4],[1,4],[8,1],[7,-2],[6,4],[0,4],[-7,4],[-2,2],[1,2],[11,5],[7,-2],[5,6],[7,-1],[2,2],[0,3],[-3,5],[-4,2],[-7,2],[-5,4],[-2,6],[-7,7],[-3,8],[2,7],[9,7],[9,7],[9,3],[-1,4],[-6,2],[-1,3],[5,5],[-1,6],[5,8],[1,-3],[6,6],[4,1],[1,5],[6,10],[0,2],[1,1],[0,4],[-2,2],[4,2],[-1,8],[-2,1],[1,4],[-1,0],[0,3],[-2,2],[1,1],[1,2],[-4,4],[-1,5],[2,3],[-2,3],[2,2],[-4,4],[-1,5],[-1,-2],[-2,1],[2,1],[-1,3],[-2,1],[0,2],[-2,1],[1,2],[-3,-2],[-3,5],[2,3],[-3,1],[1,3],[1,-2],[-1,4],[2,-1],[0,6],[3,5],[-2,4],[1,2],[2,0],[0,7],[-1,-1],[-1,7],[2,0],[2,3],[1,9],[1,1],[-3,4],[3,4],[0,10],[3,3],[4,0],[8,12],[1,4],[4,2],[2,5],[4,0],[0,4],[7,-4],[2,-3],[3,-1],[4,2],[7,0],[7,8],[2,6],[5,4],[5,0],[4,4],[5,-3],[1,3],[4,0],[2,1],[1,5],[7,5],[1,5],[3,3],[-3,6],[2,2],[0,6],[3,2],[0,3],[2,0],[0,6],[-2,6],[-8,14],[1,6],[2,0],[11,-5],[9,-12],[7,-3],[2,-6],[3,7],[7,7],[3,0],[5,-6],[5,-1],[2,4],[2,1],[3,5],[3,2],[3,-1],[3,-6],[2,0]],[[4499,7146],[2,21],[15,-3]],[[4516,7164],[1,3]],[[4599,7154],[9,3],[2,-3],[1,-12]],[[4633,7078],[5,-29],[1,-19],[2,-2],[7,-2]],[[4686,7009],[8,-10],[3,4],[11,6]],[[4732,6959],[8,-8],[7,-8],[14,-12],[5,0],[5,3],[4,6],[4,9],[7,2],[8,-1],[8,-8],[8,2]],[[4810,6944],[8,9],[16,1]],[[4834,6954],[6,5]],[[4840,6959],[11,-1],[10,-9]],[[4865,6952],[4,0],[3,-4],[1,-7]],[[4893,6893],[4,-9],[3,-1]],[[5003,6695],[10,-16],[-2,-5]],[[4971,6614],[-2,-3],[0,-6]],[[4901,6377],[0,-5],[3,-6]],[[4904,6366],[1,-6],[0,-3]],[[5061,6156],[1,-7],[-13,-1],[-12,-9],[-6,0],[-7,5]],[[5002,6121],[-6,-2],[3,-4],[3,-11]],[[5007,6096],[2,0],[4,-4],[2,-4],[0,-6]],[[5028,5919],[2,-4],[0,-3],[-4,-3],[-9,-1]],[[5000,5896],[4,-5],[-3,-4]],[[4994,5846],[1,-6]],[[4995,5840],[-3,-1],[-8,-9],[-3,3],[-5,-3],[-8,0],[-7,3]],[[4961,5833],[-15,-7],[-5,-6],[-8,-17]],[[4933,5803],[-13,-8],[-7,-13],[-9,1],[-8,-6],[0,-6],[4,-3],[0,-9],[-4,-3],[-2,-7],[-9,-9],[-3,-8],[-1,-6],[1,-7],[-4,-6],[-1,-11],[-10,-8],[-4,0],[-4,-6],[0,-4],[7,-7],[-1,-6],[-4,-10],[-13,-12],[-8,2],[-3,-1],[-5,-12],[-2,-30],[2,-5],[6,-7],[-4,-2],[-2,-5],[-6,-26],[-8,-14],[-5,-4],[-3,-11],[-9,-3],[0,-4],[-3,-21],[-7,-4],[-4,2],[-3,-4],[-1,-8],[-6,-7],[1,-7],[-1,-3],[-8,-5],[-3,0],[-1,8],[-5,5],[3,9],[-2,2],[-13,-8],[-1,-8],[4,-3],[-8,-6],[-14,2],[-4,-5],[-6,-2],[-4,2],[-3,-9],[-5,5],[-9,1],[-8,-3],[-7,-1],[-16,-10],[-3,-22],[-3,-5],[-5,-4],[-7,-9],[-2,-12],[-14,-9],[-7,-12],[-6,-2],[-6,-4],[-1,-4],[0,-9],[-3,-1],[-1,-5],[-11,-19],[-7,-25],[-7,-16],[-3,1],[-1,9],[-8,5],[-10,-8],[-5,-1],[-4,-10],[-3,2],[0,6],[-6,5],[-9,-3],[-4,-3],[-5,0],[-2,-3],[-3,1],[-1,4],[-2,1],[-5,-3],[-10,-1],[3,7],[0,5],[-14,25],[-2,9],[2,6],[11,14],[0,5],[-8,13],[6,8],[0,4],[-6,5],[8,6],[-5,8],[6,4],[2,7],[-2,3],[-5,3],[-5,12],[-9,3],[-5,21],[-9,9],[-9,16],[-4,3],[-2,4],[-12,13],[0,4],[2,8],[-8,12],[2,18],[-13,18],[-7,1],[-6,4],[-8,2],[-14,-9],[-7,6],[-3,7],[-3,1],[-3,3],[-7,-3],[-3,3],[0,3],[-3,1],[-4,1],[-6,-6],[-2,1],[-1,-2],[-2,1],[-2,-3],[-7,8],[-4,-1],[-4,1],[-3,-2],[-2,4],[-2,-3],[-2,3],[-5,0],[-1,3],[-4,2],[-7,-1],[-3,6],[-2,-1],[-1,2],[-3,-2],[-3,2],[-4,8],[2,4],[-2,2],[-7,-2],[-4,3],[-2,14],[-3,9],[-6,3],[-3,6],[2,10],[7,4],[-3,10],[4,7],[-3,8],[0,13],[-7,15],[4,4],[-2,4],[1,6],[-3,4],[1,2],[5,1],[0,7],[1,2],[-1,6],[4,5],[0,6],[3,2],[-1,3],[-6,3],[1,5],[2,2],[1,3],[-5,7],[6,4],[-5,7],[-1,8],[-5,5],[-1,7],[-7,7],[-4,5],[1,11],[-5,4],[-3,13],[1,7],[-3,8],[-1,16],[-3,0],[-5,-3],[0,3],[6,6],[-5,18],[-9,9],[-2,7],[-9,9],[7,9],[8,6],[2,4],[1,9]],[[4233,5963],[-5,15]],[[4228,5978],[-4,-1],[-2,-7],[-3,-3],[-8,1],[0,-5],[-6,-12],[-1,-5],[-6,-3],[-1,-5],[-2,-7],[-7,-8],[1,-7],[2,-3],[2,-5],[-1,-6],[2,-4],[-1,-4],[6,-4],[1,-5],[-3,-13],[6,-9],[1,-7],[-14,-5],[-4,-8],[-6,1],[-2,3],[-3,-2],[-9,0],[-5,2],[-5,0],[-2,2],[-3,-4],[-10,6],[-1,-7],[2,-2],[-2,-3]],[[6127,6567],[-8,-10],[0,-5],[2,-9]],[[6121,6543],[-1,-8],[-2,1],[-2,-1],[-2,-5],[-1,0],[-1,-2],[-2,1],[-2,-5],[0,-3],[2,-4],[0,-8],[4,-4],[-5,-16],[-5,-1],[-2,2],[0,3],[4,0],[3,2],[-4,8],[-2,-1],[-2,-5],[-3,-2],[-9,8],[-6,-1],[-3,6],[-14,11],[2,6],[-2,3],[-2,-4],[-5,-2],[-1,-2],[5,-7],[-1,-4],[-4,-2],[-1,8],[-2,0],[-2,-4],[-1,-6],[-8,-7],[-2,-6],[-9,2],[-1,5],[1,4],[-2,1],[-2,-4],[-1,-10]],[[6028,6490],[-7,-15],[-1,1],[0,7]],[[6020,6483],[-9,13],[-5,2],[4,4],[-1,2],[-4,-1]],[[6005,6503],[-10,2],[1,3],[8,9]],[[6004,6517],[1,4],[0,5]],[[6005,6526],[-7,6]],[[6004,6550],[-1,-4],[-1,0],[2,7],[3,2]],[[6007,6555],[4,-2],[2,7]],[[6057,6625],[-3,12],[-11,10]],[[6043,6647],[-19,4]],[[6027,6853],[-3,6],[-4,2]],[[6014,6861],[-9,7]],[[6002,6874],[-2,4],[0,3]],[[6000,6881],[4,3],[2,-1]],[[6201,7225],[0,4],[-3,6],[4,15]],[[6202,7250],[-2,13],[3,5],[4,2]],[[6249,7255],[5,1],[4,5]],[[6285,7315],[6,18],[11,8],[5,7]],[[6317,7366],[6,4],[1,8]],[[6307,7437],[-6,7],[-12,1]],[[6230,7400],[-6,1],[-10,8]],[[6069,7522],[-2,2],[-1,-1],[0,-2]],[[6024,7553],[-4,-3]],[[6020,7550],[1,7],[5,7],[5,2]],[[6031,7566],[1,10],[4,7],[1,8]],[[6037,7591],[13,25]],[[6050,7616],[15,19],[3,5],[2,15],[-2,9],[0,7],[4,10]],[[6072,7681],[6,10],[1,5],[0,3]],[[6079,7699],[-6,8],[-19,7]],[[6054,7714],[-6,5],[-12,31],[-5,6],[0,3],[4,9],[8,8],[6,8],[3,11],[2,18],[4,12],[8,12],[12,8],[8,15],[7,-4],[7,-9],[7,-1],[4,-5],[8,-4],[2,-4],[10,-4],[3,-11],[4,-2],[3,1],[6,-2],[6,-9],[3,0],[1,-2],[3,0],[2,-2],[2,3],[4,0],[4,-2],[1,-3],[5,3],[4,-3],[3,-1],[21,-52],[15,-4],[4,0],[2,-1],[6,-10],[3,-3],[8,4],[4,4],[3,11],[-1,11],[2,4],[5,5],[9,4],[8,-1],[2,-6],[3,-1],[11,5],[7,8],[8,1],[19,88],[7,-8],[3,-7],[5,-1],[2,-4],[7,0],[4,4],[5,0],[3,3],[10,-6],[4,1],[0,-2],[3,-4],[2,2],[5,0],[2,3],[3,-3],[1,-4],[2,0],[1,-2],[2,0],[-1,-2],[2,2],[1,-1],[1,2],[6,3],[3,-1],[1,-2],[2,2],[3,0],[1,2],[3,-4],[-1,-2],[4,-3],[2,2],[1,-1],[0,2],[2,-3],[0,3],[8,3],[-2,2],[2,4],[2,-1],[3,2],[0,-1],[3,3],[2,0],[2,6],[3,0],[0,5],[4,1],[3,-2],[1,2],[1,3],[5,-1],[1,3],[3,-5],[6,-4],[2,1],[-1,1],[3,6],[2,0],[0,-2],[5,-2],[2,1],[0,3],[4,-1],[1,5],[11,-7],[2,2],[3,-1]],[[6506,7863],[1,-1]],[[6507,7862],[-5,-1],[-3,-4],[-3,-14],[0,-8],[-1,-2],[-2,2],[-2,-6],[-2,0],[1,-4],[1,1],[1,-4],[-3,-1],[-1,-3],[5,-5],[1,-9],[5,-4],[3,0],[1,1],[2,-3],[-1,-7],[2,0],[0,-13],[1,-3],[-1,-2],[-4,-1],[-1,-8],[-4,-2],[0,-3],[2,-3],[1,1],[0,-4],[-2,-14],[-13,-12],[-2,0],[0,-3],[3,-4],[-1,-2],[1,-1],[1,-6],[6,-4],[-1,-2]],[[6492,7705],[2,-1],[-4,-6]],[[6490,7698],[-7,2],[-4,-2],[-3,-6],[0,-3],[-2,-4],[9,-10],[-1,-7],[-3,0],[0,-4],[5,-4],[8,-3],[1,-5],[0,-7],[1,0],[-1,-2],[2,-1],[-6,-5],[1,-3],[-2,-7],[-4,-4],[0,2],[-5,-1],[3,-8],[2,-1],[-1,-5],[5,-9],[-3,-5],[0,-10],[-1,-3],[2,-3],[3,1],[-1,-4],[2,-5],[-4,-2]],[[6486,7570],[-4,-10],[1,-3],[3,-1]],[[6486,7556],[0,-2],[2,1],[1,-6],[2,0],[2,-3],[0,-2],[3,-2],[4,-11],[1,1],[7,-4],[0,-5],[-1,-1],[0,-2],[2,-4],[-2,0],[2,-11],[4,-3],[1,2],[6,0],[0,-2],[3,-1],[-2,-1],[0,-2],[2,-3],[2,1],[3,-9],[1,0],[0,-4],[-3,-3],[-2,0],[1,-2],[-3,-15],[6,-11],[-4,-1],[2,-2],[-1,0],[4,-12],[0,-5],[-1,-4],[2,-6],[-4,-5],[3,-1],[-1,-5],[4,-2],[1,-6],[-2,-4],[0,1],[-2,-2],[-2,4],[-7,-2],[-2,-5],[-6,-6],[4,-6],[-3,-3],[-1,-5],[7,-6],[-2,-2],[0,-2],[-3,1],[-1,-4],[1,0],[-2,-2],[1,-2],[-4,-6],[8,-2],[2,-5],[1,3],[2,0],[2,-4],[3,0],[1,-3],[-4,-8],[4,0],[-2,-5],[3,-2],[-2,-4],[-3,0],[-1,-5],[-4,-5],[1,-4],[0,-6],[3,-7],[1,1],[2,-1],[-1,-3],[4,-5],[0,-3],[-2,1],[-1,-5],[5,-4],[-3,-2],[2,-2],[-1,-2],[1,-2],[-1,-1],[2,-1],[-2,-2],[6,-5],[-2,-4],[2,-2],[0,-5],[2,0],[-1,1],[3,2],[-1,-4],[1,0],[7,-9],[1,-4],[-3,-8],[3,-1],[4,-7],[2,0],[4,-8],[-2,0],[0,-3],[2,-2],[1,1],[0,-4],[4,-3],[-1,-3],[2,-5],[-3,-1],[1,-4],[-1,-1],[2,-1],[-4,-3],[0,-5],[-4,-2],[2,-4],[-1,-2],[3,3],[5,-2],[1,-4],[2,0],[0,-6],[4,3],[0,-5],[5,-1],[-2,-7],[6,-1],[2,-3],[1,1],[3,-3],[4,-2],[2,-4],[-1,-2],[3,-3],[9,3],[3,4],[9,2],[2,4],[4,-2],[1,3],[2,-2],[6,4],[4,0],[4,-6],[8,-1],[5,-3],[1,-7],[2,-1],[4,1],[3,-2],[4,2],[2,-1],[2,3],[4,-4],[5,-2],[2,-3],[8,1],[3,-2],[4,-9],[12,-10],[3,-6],[4,-10],[-2,-9],[10,-6],[3,-9],[4,-5],[7,-20],[6,-6],[11,-6],[16,8],[4,6],[3,0],[7,5],[8,0],[9,20],[9,6],[7,11],[3,8],[11,12],[4,12],[1,7],[15,4],[4,-2],[5,-6],[5,4],[5,-1],[-1,11],[2,-1],[2,4],[2,2],[0,8],[4,1],[-1,3],[1,-1],[1,3],[-2,2],[2,3],[4,-2],[1,3],[-1,2],[2,1],[0,2],[1,2],[4,-2],[-1,4],[2,1],[4,-4],[4,2],[2,-1],[2,9],[3,-1],[1,3],[5,2],[3,7],[4,-1],[6,4],[3,-1],[-1,-4],[5,3],[2,-2],[7,9],[0,4],[4,2],[1,10],[2,1],[3,-6],[2,2],[2,0],[0,3],[2,3],[4,-1],[0,12],[4,1],[0,2],[2,2],[3,-1],[1,-4],[4,-1],[2,-4],[2,1],[0,-10],[4,-1],[1,-5],[5,5],[3,-2],[2,1],[1,3],[-2,2],[1,4],[-1,2],[5,4],[-1,2],[3,3],[1,-2],[4,-1],[3,-3],[8,6],[2,-5],[-1,-8],[4,-2],[4,-6],[7,3],[3,-2],[3,4],[4,-4],[5,-1],[-1,2],[2,1],[-1,3],[1,2],[1,-6]],[[7048,7207],[4,-5]],[[7052,7202],[0,-2],[2,-1]],[[7054,7199],[1,-3],[5,-1],[-1,-4],[9,-1],[3,-3],[-3,-3],[-1,-6],[4,-2],[3,1],[-2,-5],[2,-6],[-1,-2],[-2,0],[-6,5],[-3,-7],[-8,2],[-11,10],[-3,8],[-4,0],[-5,2],[-6,1],[-3,-4],[-4,-2],[-5,-10],[7,-9],[0,-6],[2,-4],[-1,-3],[2,-4],[3,1],[2,-2],[1,-2],[-2,-3],[2,-4],[-4,-8],[-10,-4],[-2,-11],[2,-6],[12,1],[0,-6],[5,-2],[-2,-4],[7,-7],[0,-13],[4,-5],[5,-10],[-1,-3],[2,-17],[-2,-10],[6,-12],[-1,-4],[8,-6],[1,-11],[-2,-2],[-2,-8],[1,-6],[3,-1],[4,2],[3,-3],[0,-11],[3,-2],[1,-4]],[[7070,6960],[7,-5],[5,-12],[-1,-2],[-3,-23]],[[7078,6918],[1,-4],[2,-1]],[[7081,6913],[2,-6],[0,-8],[-2,-3]],[[7081,6896],[-9,-5]],[[7072,6891],[0,-3],[4,-2],[0,-3],[2,-2],[-3,-14],[3,-8]],[[7078,6859],[-1,-6],[-3,-3],[-1,-5],[-3,-8],[-10,0]],[[7060,6837],[-9,-3],[-7,-16],[1,-3],[-2,-2],[0,-3]],[[7043,6810],[-10,-11],[-1,-6],[1,-6]],[[7033,6787],[-3,-2],[-3,-16],[0,-12],[3,-12],[-2,-15],[2,-4],[-1,-5],[0,-4],[-4,-6],[-3,-8],[-6,-7],[-4,-2]],[[7012,6694],[-8,0]],[[7004,6694],[-4,-4],[-7,-19],[-8,-14]],[[6985,6657],[-14,-4],[-13,5],[-5,0],[-1,3],[-2,1],[-2,4],[-4,2],[0,11],[-5,-7],[1,-9],[-2,-4],[-10,-8],[-6,1],[-3,-3],[-2,1],[-3,-2],[-2,1],[-1,5],[-2,1],[-9,-9],[-4,-2],[-6,0],[-3,2],[-10,-5],[-7,0],[-7,-5],[-4,-8],[-3,0],[-8,6],[-3,-1],[-5,3],[-16,-11],[-2,2],[-9,3]],[[6813,6630],[-3,-1],[-3,-4]],[[6807,6625],[-3,0],[-3,-5],[-4,2]],[[6797,6622],[-1,-5],[-3,0],[-1,2],[-2,1]],[[6790,6620],[-1,-3]],[[6789,6617],[-5,-3],[-3,4]],[[6781,6618],[-2,-1]],[[6779,6617],[-5,2],[-3,-4]],[[6771,6615],[-3,1]],[[6768,6616],[-2,-5],[-2,-1],[-1,2]],[[6763,6612],[-3,-4],[-2,6],[-4,-4]],[[6754,6610],[-1,6],[-5,2],[0,6],[-4,2],[2,2],[-1,3],[-6,1],[-5,5],[-2,-1],[-5,8],[0,5],[-3,5],[0,4],[-3,5],[-2,-1],[-1,3],[-5,4],[-3,10],[-3,4],[0,4],[-7,11],[-3,12],[-8,10],[-6,13],[1,6],[2,7],[0,6],[2,5],[-1,6],[-2,1],[0,6],[-1,1],[1,6],[0,5],[-1,2],[5,8],[0,3],[1,0],[5,15],[-2,19],[-3,9],[-5,5],[-1,14],[-4,-7],[2,-8],[-6,1],[-5,-4],[-3,2],[-6,-3],[-3,-5],[-11,-7],[-3,-4],[-8,3],[-2,4],[-5,1],[-9,12],[-4,1],[-4,3],[-3,10],[-1,7],[-7,0],[-1,4],[1,3],[-2,2],[-1,-1],[-2,4],[-3,3],[-3,-1],[0,6],[-2,2],[1,3],[-3,4],[-1,1],[-2,-2],[-1,1],[-3,6],[-3,0],[1,3],[3,1],[0,3],[2,-1],[-1,5],[-3,-1],[-1,5],[4,-1],[2,1],[-3,6],[3,-1],[1,5],[-2,2],[-1,5],[-3,3],[3,-1],[2,1],[-3,2],[0,8],[-3,2],[0,5],[2,0],[-1,4],[-6,3],[1,4]],[[6574,6961],[-1,7],[-2,0],[-1,11],[-1,1],[-1,4],[-5,3]],[[6563,6987],[-4,-5],[1,-5]],[[6560,6977],[-4,0],[0,-5],[-4,-3],[1,-6],[5,-5],[-2,-2],[1,-2],[-2,0],[-1,-2],[2,-5],[-3,-2],[1,-4],[-4,-1],[1,-5],[-3,-3],[1,-4],[-3,-1],[-7,-2],[-4,2],[-3,-3],[-7,-2],[-7,5],[1,2],[-3,2],[1,2],[-4,1],[-3,-3],[0,-3],[-3,-1],[-4,-7],[-4,-3],[-5,1],[-2,5],[-2,-1],[-3,2],[-5,-6],[-3,-1],[-3,2],[0,4],[-5,-2],[0,1],[-1,-1],[-2,2],[-4,-6],[-6,1],[-1,-3],[-9,-2],[0,-2],[-5,0],[-2,2],[-1,-3],[-1,1],[-6,-3],[-4,1],[-1,-2],[-5,1],[-10,-1],[-2,1],[-1,-6],[5,-2],[10,-14],[-1,-4],[-2,-4],[-6,-3],[-10,2],[-8,-3],[-3,-8],[0,-3],[3,-3],[-2,-8],[-1,-1],[-10,-1],[-15,6],[-6,-6],[-4,-2],[-5,-8],[-6,2],[-3,-13],[-4,-3],[-4,0],[-3,-9],[1,-7],[-9,-25],[-6,0],[-5,-5],[-1,-5],[-5,-6],[-9,-3],[-4,-4],[-4,2],[-11,-8],[-1,-4],[1,-5],[-5,-7],[-1,-4],[1,-9],[0,-17],[-3,-8],[4,-12],[1,-5],[-5,-9],[-8,0],[-24,-9]],[[6242,6667],[-11,-10],[-4,-1],[-8,2]],[[6219,6658],[-6,-5],[-11,-6],[-5,-10],[0,-8],[-16,-4],[-12,-11],[-5,-11],[-2,0],[-3,1],[-8,-7],[1,-9],[-3,-1],[0,-8],[-5,-5],[-2,1],[1,-8],[-9,0],[-6,-2],[-1,2]],[[7972,4142],[-5,-4],[-3,-1],[-6,3],[-4,-4],[-7,4]],[[7947,4140],[-5,8],[-2,10]],[[7936,4166],[1,12],[-4,10],[-5,3]],[[7928,4191],[0,3],[0,3]],[[7883,4343],[17,5],[11,7],[11,15],[12,21]],[[7917,4520],[-2,4],[1,4],[-4,-1]],[[7760,4599],[-1,1],[-10,1]],[[7657,4564],[-6,-7],[-5,0]],[[7652,4582],[-4,4],[-5,-7]],[[7589,4574],[-2,8],[0,4]],[[7587,4586],[-4,2],[-2,3],[2,9],[-3,5],[-1,6]],[[7579,4611],[-3,2],[6,11]],[[7582,4624],[-2,9],[1,3],[3,3],[3,-2],[2,1],[5,12],[4,15],[-2,6],[-3,3],[0,10]],[[7593,4684],[2,7],[-7,-1]],[[7588,4690],[-1,6]],[[7587,4696],[-3,2],[-10,-4]],[[7574,4694],[-2,6]],[[7572,4700],[-4,2],[-8,-5]],[[7560,4697],[-2,-22],[-9,-4],[-2,-6]],[[7547,4665],[-4,-8],[-3,-1],[-4,3]],[[7536,4659],[-5,0],[-1,2]],[[7530,4661],[-3,1],[2,3],[-2,7]],[[7527,4672],[2,15],[-3,5]],[[7526,4692],[-3,-1],[-4,5],[4,11]],[[7523,4707],[-2,23],[-4,8]],[[7517,4738],[-3,2],[-1,5],[-3,7],[3,11],[3,3],[0,3],[-5,3],[1,5],[6,9]],[[7518,4786],[0,8],[4,3]],[[7522,4797],[6,-3],[7,13],[2,-1]],[[7537,4806],[3,-6],[2,-2],[3,1],[8,7]],[[7553,4806],[5,-1],[-2,11]],[[7556,4816],[0,2],[8,-1]],[[7564,4817],[3,5],[5,-1],[14,8],[7,-1],[3,3],[10,0]],[[7606,4831],[2,-8]],[[7608,4823],[2,-3],[1,3],[3,1],[3,4],[4,-3],[5,3],[4,0],[1,-1],[8,1],[2,-4],[6,5],[9,-6],[6,-9],[4,2],[19,-3],[5,1],[3,4],[2,-2],[4,1],[6,-4],[4,5],[0,-3],[2,-2],[4,-2],[8,2],[3,4],[5,-4],[4,1],[4,3],[4,-4],[7,5],[5,-3],[5,1],[2,-2],[1,-6],[6,0],[-2,10],[-7,4],[-2,6],[1,1],[8,2],[1,3],[-1,1],[-7,1],[-1,4],[2,4],[0,9],[6,13],[-4,10],[-3,2],[-1,25],[-3,4],[4,14],[-9,4],[-2,4],[-3,2],[-1,4],[-3,1],[-10,10],[-15,13],[-8,3],[0,6],[3,5],[0,5],[-4,6],[-2,10],[-4,7],[-2,9],[-3,3],[-2,6],[-1,0],[-1,-7],[-4,-2],[-7,2],[-5,-4]],[[7677,5008],[-2,3],[0,4],[4,10],[6,8]],[[7685,5033],[-1,3],[2,4],[-1,13],[2,7],[7,-8],[4,4],[-2,6]],[[7696,5062],[1,4],[13,-2]],[[7710,5064],[5,7],[2,-4],[3,2],[2,0],[7,-7],[6,-3],[9,4],[8,1],[1,3],[-3,2],[-9,-4],[-7,4],[0,9],[-2,5],[2,3],[0,5],[-2,2],[-4,0],[-3,7],[-3,3],[-3,6],[-1,7],[1,7],[-1,3],[4,18],[-1,1],[3,4],[-2,7],[1,7],[4,1],[0,3],[5,4],[-2,4],[3,0],[3,11],[0,6],[3,6],[-1,3],[-2,0],[3,3],[-2,4],[1,4],[-1,2],[1,4],[-1,3],[2,2],[0,6]],[[7739,5229],[1,2],[-1,3]],[[7739,5234],[1,1],[4,1],[3,-1]],[[7747,5235],[6,6],[8,0],[0,2],[-2,1]],[[7759,5244],[2,1],[9,-2]],[[7770,5243],[-1,5],[2,3],[5,0],[5,3],[7,0],[4,2],[5,-2],[-1,-9],[0,-2],[-4,0],[6,-3],[2,-7],[2,0],[3,3],[1,-2],[-2,-2],[1,-1],[2,0],[3,3],[2,-5],[5,3],[2,-3],[4,-1],[4,-6],[9,2],[3,5],[3,-4],[1,7],[5,1],[-1,6],[4,2],[8,-5],[2,-6],[4,1],[1,-3],[2,-3],[-3,-5],[4,-1],[0,-4],[9,0],[14,8],[3,0],[5,-5],[1,-6],[-3,-5],[5,-2],[-2,-3],[-3,-2],[4,-4],[0,-4],[4,0],[2,4],[5,0],[2,4],[3,2],[3,-1],[1,-4],[3,2],[2,-6],[3,-1],[3,7],[10,1],[0,5],[-4,2],[1,2]],[[7940,5209],[4,-3],[7,-1],[16,0]],[[7967,5205],[4,3],[2,3]],[[7973,5211],[-3,3],[-1,3],[4,10]],[[7973,5227],[-1,3],[-4,5],[-10,2],[-5,6],[-3,0],[1,11],[-3,-2],[-8,1],[-6,-1],[-1,7],[-4,7],[-3,16],[-4,4],[-1,7],[-7,11],[2,13],[-6,7],[3,10],[8,4]],[[7921,5338],[-1,7],[-3,11],[-4,1]],[[7913,5357],[1,7],[-6,7]],[[7908,5371],[-2,4]],[[7906,5375],[0,3],[-9,6]],[[7897,5384],[4,1]],[[7901,5385],[2,18],[3,9],[8,-3]],[[7914,5409],[3,3],[7,-2],[2,3],[7,-7],[1,-5],[6,-6],[7,8],[3,0],[9,-6],[1,-3],[1,-2],[1,1],[4,-5],[2,0],[1,-4],[3,1],[1,-2],[4,3],[3,-5],[2,3],[3,-7],[3,1],[1,-5],[5,-4],[7,1]],[[8001,5370],[5,-6],[15,2]],[[8021,5366],[7,-6],[0,-3]],[[8028,5357],[-6,-1],[1,-3],[-2,-5],[3,1],[1,-3],[1,-9],[3,1],[-1,-6],[-3,-5],[-4,-2],[0,-11],[-2,-4],[-4,-2],[0,-3],[3,0],[2,-5],[-3,0],[-1,-2],[0,-5],[-4,0],[7,-11],[-3,-3],[4,0],[-1,-4],[-4,-5],[-2,2],[1,-4],[-2,-1],[-2,-6],[2,-1],[0,-6],[6,1],[0,-3],[1,0],[2,1],[-1,-4],[7,-1],[4,3],[3,-2],[1,-2],[3,0],[-1,-4],[-12,-10],[-2,-7],[2,0],[3,4],[3,-2],[0,-2],[7,0],[-2,-10],[-3,-4],[-3,0],[-1,-4],[8,-1],[2,-6],[-2,-2],[0,-4],[3,-5],[-3,0],[1,-3],[-2,-4],[4,0],[4,-6],[0,-7],[1,-3],[2,-1],[3,6],[2,-1],[4,-20],[-2,-7],[4,-1],[5,-6],[6,2],[5,-2],[7,8],[1,4],[3,3],[1,4],[-2,5],[6,8],[0,4],[1,4],[3,3],[1,4],[5,3],[-4,11],[5,4],[-1,4],[1,5],[9,4],[4,12],[8,3],[4,-7],[12,2],[4,3],[4,-3],[2,1],[2,2],[-4,15],[6,7],[15,-3],[6,6],[7,-1],[7,6],[3,1],[7,-1],[14,-11],[11,-1],[6,-6],[18,7],[7,-2],[7,-8],[1,-13],[6,-5],[1,-4],[-1,-3],[-3,-1],[-1,-3],[1,-6],[-1,-3],[3,-7],[-3,-3],[0,-6],[-3,-1],[1,-3],[5,5],[19,3],[17,8],[4,9],[0,9],[2,10],[4,10],[-2,12],[1,3],[10,12],[7,4],[2,1],[6,-2],[6,4],[11,1],[0,-6],[4,-3],[3,-7],[4,2],[3,-2],[1,-4],[-2,-4],[4,-2],[1,-3],[0,-6],[-2,-6],[-5,-4],[1,-4],[5,-4],[12,-15],[9,-1],[-1,-6],[12,-5],[4,-7],[1,-7]],[[8407,5174],[9,-10],[0,-11]],[[8416,5153],[-2,-7],[-5,-4],[5,-6],[2,-15],[-1,-19],[2,-3],[-3,-8],[-3,0],[2,-8],[3,-3],[3,-7],[-5,-7]],[[8414,5066],[1,-5],[5,-2],[3,-4]],[[8423,5055],[6,2],[11,-1],[16,-7],[-1,-11],[0,-3],[-2,-4]],[[8453,5031],[-1,-15],[10,-4]],[[8462,5012],[4,-8],[8,2],[3,-4],[6,0],[12,-7]],[[8495,4995],[-1,-2]],[[8494,4993],[-7,-2],[-7,2]],[[8480,4993],[-11,-2],[-6,-10],[-1,-7],[-2,-4]],[[8460,4970],[0,-6],[-2,-12],[2,-1],[5,-13]],[[8465,4938],[-1,-20],[1,-3],[4,-3],[2,-4],[1,-15],[-3,-2],[-11,0],[-2,-3],[-2,-16],[6,-7],[-2,-6],[1,-8],[-9,-8],[-4,-2],[-1,-5],[1,-8],[4,-7],[-4,-4],[-1,-3],[3,-13],[-1,-7],[6,-5],[-2,-8],[0,-7],[8,-11],[6,-14]],[[8465,4749],[3,-14],[2,-2],[7,1]],[[8477,4734],[5,-9],[9,-2],[16,11],[-1,5],[0,5],[6,3],[18,1],[5,-2],[3,-5],[9,-1],[7,-3],[1,8],[6,5],[-1,6],[0,2],[25,0],[6,6],[1,6],[-5,5],[3,3],[-7,7],[5,3],[3,4],[16,-1],[2,-9],[6,0],[1,-4],[5,-1],[1,2],[6,1],[2,6],[10,3],[2,4]],[[8642,4793],[13,1],[13,-12]],[[8668,4782],[2,-8],[-3,-12],[4,-11],[-5,-6],[6,-5],[-1,-3],[-4,-1],[-1,-5],[-3,-1],[0,-6],[-8,-9],[1,-5],[3,-3],[9,-1],[6,3],[4,-1],[4,5]],[[8682,4713],[4,1],[15,0]],[[8701,4714],[5,-1],[3,1]],[[8709,4714],[4,-5],[1,-5],[7,-7]],[[8721,4697],[1,-4],[3,-1]],[[8725,4692],[13,-13],[4,-9],[0,-3],[-6,-1]],[[8736,4666],[1,-7],[-3,-4],[4,-6],[-3,-9],[-4,0],[-3,-13],[-11,-9],[-7,-11],[-8,1],[-3,-2],[0,-3],[3,-11],[-1,-5],[2,-6],[-6,-9],[-4,-1],[0,-9],[-3,-12],[-6,-4],[-7,8],[-3,0],[2,-8],[-7,-8],[3,-4],[1,-7],[-8,-13],[-1,-8],[-9,-6]],[[8655,4500],[3,-10],[-1,-3],[-11,-4]],[[8646,4483],[-8,3],[-13,-7],[-2,6],[-5,2],[-5,-5],[0,-6],[-2,-2],[2,6],[-5,8],[1,4],[-1,5]],[[8608,4497],[-8,4],[-3,-2]],[[8597,4499],[-6,7],[-5,2],[-9,-2]],[[8577,4506],[-1,-3],[-12,1],[-4,-6],[-1,1],[-2,7],[-4,0],[-4,-4],[-6,0],[-1,-6],[-4,-2],[0,-3],[-6,-1],[0,-4],[-4,-1],[-1,-2],[-3,-1]],[[8524,4482],[-4,5],[-3,-1]],[[8517,4486],[-1,-5],[-6,-1],[1,-6],[-3,0],[-6,-3],[8,-22],[-1,-12],[-8,5],[-3,-1]],[[8498,4441],[0,-4],[-2,-1],[-4,4]],[[8492,4440],[-3,-3],[-9,7],[-4,-1],[-2,-3],[0,-5],[8,-4],[6,-6],[-2,-4],[-6,-1],[4,-3],[2,-5],[-1,-2],[3,-2],[-2,-9],[-2,-1],[-6,0],[-5,7],[-7,2],[-3,-11],[-3,-2],[-8,0],[-2,-2],[-8,-2],[-3,4],[-5,-5],[-2,-5],[-3,0],[-3,-2],[0,-2],[6,-4],[-2,-9],[-5,-3],[-1,-3],[5,-9],[2,-2],[-1,-6],[-11,-6],[-2,-7],[1,-7],[-8,-16],[1,-6],[-3,-9],[1,-3],[-4,1],[-4,-1],[-2,-8],[-7,-7],[3,-6]],[[8395,4269],[-1,-3],[-3,-1]],[[8391,4265],[-6,3]],[[8385,4268],[-6,11],[-4,4],[-4,0]],[[8371,4283],[-3,-5],[-2,1],[-3,-2]],[[8363,4277],[-3,2],[-1,-2],[-5,-15],[5,-7]],[[8359,4255],[1,-6],[8,-1]],[[8368,4248],[0,-5],[4,-2],[1,-3],[-2,-4],[-4,-1],[-6,-7],[-4,-12],[-4,-5],[0,-3],[-3,-1],[-1,-3],[0,-3],[5,0],[8,-5],[1,-11],[-1,-4],[3,-3],[0,-7],[2,-4],[-6,-9],[-3,-11],[-5,-6],[-4,-8],[4,-6],[4,0],[1,-4],[-1,-9],[2,-11]],[[8359,4101],[-1,-13],[6,-5]],[[8364,4083],[3,-6],[3,-1],[98,42],[0,-20],[8,-14],[-2,-16],[2,-5],[-2,-1],[-7,-1],[4,-7],[0,-4],[-5,-8],[4,-18],[-4,-5],[-1,-6]],[[8465,4013],[-9,-8],[-2,-1],[-1,2]],[[8453,4006],[2,6],[-1,3],[-8,-6],[-7,-3]],[[8439,4006],[-8,3],[-2,4]],[[8429,4013],[-9,3],[2,5]],[[8422,4021],[-1,11],[-3,6],[-5,-2],[-5,-3],[-4,-7],[-2,-5]],[[8402,4021],[2,-3],[-5,-5]],[[8399,4013],[-5,-13],[-7,-5]],[[8387,3995],[-7,-8]],[[8380,3987],[-3,-8],[2,-4]],[[8379,3975],[-6,-12],[-5,-4],[-10,-1],[-6,-6],[2,-8]],[[8354,3944],[-1,-3],[-18,-2]],[[8335,3939],[-8,2],[-5,0],[-6,-3],[-4,-6]],[[8312,3932],[-11,-3],[-11,11]],[[8290,3940],[-9,0],[-1,3],[2,5],[-1,10],[6,5],[8,2],[1,3],[-12,6],[-12,0],[-9,4],[-3,9],[-2,3],[-20,-9],[-6,1],[-1,4],[4,4],[6,10],[-1,4],[1,4],[2,0],[0,2],[-1,12],[-3,1],[-7,-7],[-8,-4],[0,8],[-3,8],[-15,17],[-3,-1],[-7,8],[-5,-4],[-5,1],[-1,3],[2,9]],[[8187,4061],[-4,10],[-20,4]],[[8163,4075],[-9,13],[-10,7],[0,3],[-6,1],[-4,-6]],[[8134,4093],[-7,3],[3,7]],[[8130,4103],[5,3]],[[8135,4106],[1,5],[-5,-3]],[[8131,4108],[-3,1],[-1,2],[-3,-1],[0,2],[2,2],[-4,0]],[[8122,4114],[-2,4],[-1,-5]],[[8119,4113],[-6,-4],[-3,-7],[-7,-5],[3,-4],[0,-5]],[[8106,4088],[-4,1]],[[8102,4089],[0,-6]],[[8102,4083],[-7,-3],[-3,-4]],[[8092,4076],[-2,1],[-1,-3],[-5,1],[-2,-4],[-2,-1],[-5,6],[-3,-3],[-3,0],[-5,3],[-1,3]],[[8063,4079],[-8,3]],[[8047,4099],[-1,4],[-6,0]],[[8040,4103],[-3,3],[-7,-2],[-3,0],[1,3],[-4,-1]],[[3946,816],[-15,-16]],[[3931,800],[-7,6],[-8,0],[-7,-2],[-3,8],[-5,1]],[[3901,813],[0,2],[2,13],[7,22],[0,4],[-3,6],[4,1],[6,-7],[11,4],[4,-5],[0,4],[5,14],[0,9],[5,4],[6,-2],[13,7],[6,10],[5,3],[2,4],[-4,4],[-7,-1],[-4,2],[-6,24],[-7,3],[-4,0],[-1,5],[-3,1],[-7,12],[-7,0],[-14,-6],[-3,1],[-6,6],[-6,-3],[-5,4],[-7,-6],[-13,5],[-3,3],[-2,12],[-2,1],[1,3],[5,1],[6,-1],[2,-5],[1,0],[9,7],[11,-1],[4,3],[13,3],[7,9],[-17,6],[-8,21],[1,8],[8,9],[12,-1],[2,3],[4,3],[1,8],[8,3],[4,0],[11,-8],[9,-2],[4,1],[1,13],[-2,9],[-1,2],[-6,1],[-6,10],[-2,5],[-5,1],[-6,5],[-7,17],[-2,9],[0,14],[-2,3],[-5,1],[-5,6],[-1,3],[3,4],[0,7],[-8,11],[1,4],[7,10],[11,3],[4,10],[1,8],[-6,1],[-3,3],[-1,2],[2,6],[-6,14],[-2,11],[-10,-2],[-4,7],[-7,3],[-2,5],[9,16],[9,8],[3,11],[14,20],[-2,12],[7,4],[6,8],[10,0],[2,3],[-2,13],[1,8],[-3,8],[4,8],[-2,5],[5,16],[0,3],[-6,8],[-1,4],[2,9],[4,2],[-1,7],[3,13],[11,-2],[3,-4],[11,-3],[13,1],[2,-3],[4,4],[7,4],[-2,11],[1,6],[-1,5],[2,4],[6,3],[8,-4]],[[4019,1457],[3,3],[3,6],[6,-1]],[[4031,1465],[6,6],[2,-2],[0,-7]],[[4039,1462],[4,-5],[5,-19]],[[4048,1438],[-1,-4],[-3,-5]],[[4044,1429],[-5,-2],[-1,-2],[7,-9],[4,-6],[5,1]],[[4054,1411],[0,-7],[2,0],[7,11]],[[4063,1415],[13,1],[1,-2],[-2,-6],[3,-2],[5,1],[-6,-14],[10,0],[1,2]],[[4088,1395],[3,0],[3,-6]],[[4094,1389],[6,7],[5,1]],[[4105,1397],[3,-2],[0,-5],[-4,0]],[[4104,1390],[-3,-12],[-8,-5],[2,-11],[-2,-6],[2,0],[0,-3],[6,4],[3,-8],[-6,-2],[-1,-6],[7,-1],[3,5],[3,-3],[4,1],[0,8],[2,0],[-1,-3],[1,-1],[6,7],[-1,6],[1,4],[9,1],[1,4],[4,-1]],[[4136,1368],[1,4],[4,1],[4,-4]],[[4145,1369],[-3,-9],[2,0],[1,-2],[0,-5],[3,-4],[0,-4],[5,-6],[1,0],[2,-5],[4,-1],[0,-2],[1,-3],[-3,-4],[4,-5],[2,-10],[4,-1],[8,7],[11,-2],[14,-27]],[[4201,1286],[12,-9],[7,-2],[12,1]],[[4232,1276],[3,6]],[[4235,1282],[-9,31],[2,7],[6,0]],[[4234,1320],[2,4],[8,-2]],[[4244,1322],[5,1],[3,5]],[[4252,1328],[11,-7]],[[4263,1321],[10,-3],[2,-1],[1,-5]],[[4276,1312],[6,0],[5,-2]],[[4287,1310],[2,-5],[-2,-6],[2,-4],[11,-1],[5,4],[4,1],[4,4],[7,3],[2,-17],[2,-3],[0,-5],[6,-3],[7,-10],[2,-6],[3,-6],[7,-5],[3,1],[7,8],[4,1],[6,-2],[6,-7],[0,-2],[-4,-5],[0,-12],[1,-5],[-2,-6],[1,-2],[7,1]],[[4378,1221],[-1,-10]],[[4377,1211],[6,-1],[5,2],[5,-6],[7,2],[9,-3],[7,1],[8,-4],[3,2]],[[4427,1204],[2,-6],[-10,-19],[-1,-4]],[[4418,1175],[-3,-1],[-3,-6],[-7,-3],[-3,-4],[-6,-19],[-4,-8],[-5,-7],[2,-5],[-5,-4],[-1,-8],[5,-10],[6,-3],[-1,-8],[-7,-1],[-4,-12]],[[4382,1076],[-9,-11],[-10,-7],[-8,-2],[-5,2]],[[4350,1058],[-3,-5],[1,-21]],[[4348,1032],[4,-5],[-5,-10]],[[4347,1017],[0,-4],[-14,-6]],[[4333,1007],[3,13],[-1,2],[-2,-1],[-7,-11],[-11,-25],[-8,-7],[-8,1],[-4,-2],[1,-5],[-2,-5],[2,-5],[-1,-3],[2,-22],[-1,-8],[-4,-10],[-6,-5],[-4,-13],[-1,-7],[-5,1],[-4,-2],[-4,2],[-1,7],[-8,5],[-5,-5],[-2,0],[-3,-4],[-6,1],[-5,3],[-10,-1],[-7,-11],[-6,-5],[-5,-1],[-8,2],[-5,-3],[-6,1],[-8,-6],[-2,-4],[-11,2],[-1,-4],[-3,-1],[-4,2],[-8,8],[-6,2],[-2,-2],[-3,4],[-6,-1],[-5,6],[-7,1],[-4,-2],[-2,-7],[-3,1],[-5,-4],[-4,0],[0,-10],[-12,0],[-3,-4],[-4,-1],[0,-3],[-11,-4],[-2,-7],[-3,0],[-13,-6],[-11,3],[-11,-2],[-4,3],[-2,-6],[-8,0],[-8,-7],[-10,-4],[-9,-16],[-1,-6],[-6,-2],[-5,1],[-7,-7],[-6,7],[-7,-1],[-7,3],[-5,4],[-3,-1],[-3,3]],[[6880,1798],[-1,-7],[2,-8],[10,1],[7,-2],[5,-12],[4,1],[3,-6],[4,-3],[2,-8],[4,-5],[-1,-8],[3,-4],[6,-16]],[[6928,1721],[-5,-3],[-4,-10],[-2,1]],[[6917,1709],[0,6]],[[6917,1715],[-2,1],[-3,-2],[-3,-12]],[[6909,1702],[-4,-1],[-1,-10],[-4,-4],[-4,5],[-3,0],[-3,3],[-2,-2],[-5,2],[-2,-5],[-6,0],[1,-7],[-7,2],[-3,-5],[-4,3],[-6,-4],[-1,-2],[4,-6],[-5,0],[2,-8],[-6,-14],[-8,-2],[1,-6],[-5,-3],[-8,-2],[1,-12],[-6,3],[-3,-4],[0,-2],[3,-1],[-2,-10],[-3,-6],[-4,-2],[-5,-6]],[[6811,1596],[-2,-5],[-10,4]],[[6799,1595],[1,8],[-2,7],[-5,-2],[-5,2],[0,3],[-4,0],[-3,-5],[-2,0],[-3,-4],[-7,1],[-1,-3],[-6,2],[-12,10],[-2,-7],[-3,0],[-3,7],[-1,7]],[[6741,1621],[-3,2],[-5,-5]],[[6733,1618],[-7,1],[-2,3],[-7,-1],[-2,-2]],[[6715,1619],[-4,1],[-10,-7]],[[6701,1613],[2,-6],[-5,-6],[3,-4],[-5,-6],[-2,-8],[-4,-2],[-5,-6],[-4,6],[-2,1],[-3,-7],[-2,-1],[-1,-7],[-7,-10],[-7,2],[-3,-2],[-4,3],[-3,-5],[-2,0],[-3,-3],[-10,1],[-3,-7],[-8,-1],[-3,-10],[-6,-3],[-2,-3]],[[6612,1529],[6,-16],[-3,0]],[[6615,1513],[-3,6]],[[6612,1519],[-8,6],[-9,-9]],[[6595,1516],[-5,5],[-8,-2],[0,5],[2,3]],[[6584,1527],[-2,8],[-3,0]],[[6579,1535],[-3,-6],[-4,2],[-8,-1],[-1,4],[-2,0]],[[6561,1534],[-2,5]],[[6559,1539],[5,1],[3,-2],[4,0],[5,5],[-1,6],[5,5],[0,7],[3,9],[2,2],[-3,0],[-7,14],[0,2],[3,2],[1,13],[-7,1],[0,4],[10,0],[5,5],[8,4],[1,6],[3,2],[-1,3],[5,2],[7,10],[-1,5],[-3,2],[-4,11],[0,2],[4,2],[-1,10],[-4,0],[-5,5],[-4,-4],[-3,2],[0,5],[4,14],[-3,5],[0,7],[-3,3],[-2,6],[-5,3],[-2,5],[-7,-2],[-1,6],[-9,4],[-5,6],[2,12],[4,0],[2,5],[4,0],[0,4],[3,0],[3,5],[2,7],[6,0],[3,-5]],[[6585,1765],[2,-1],[3,2],[3,4]],[[6593,1770],[6,0],[4,8],[3,-1],[1,-6],[2,-2],[10,4],[3,9],[3,-2],[2,1],[2,11],[5,1],[1,14],[8,8],[2,10],[2,1],[3,4],[3,-1],[2,-5],[5,-1],[3,4],[1,7],[4,10],[3,2],[8,0],[1,3],[3,2],[1,3],[2,-1],[2,3],[2,0],[4,4],[2,-1],[5,-9],[3,-2],[0,-3],[1,-2],[5,8],[5,-2],[3,4],[19,-4],[3,3],[-2,9],[1,7],[10,7],[2,5],[6,7],[5,-1],[2,4],[7,-20],[4,-8],[-2,-5],[32,0],[4,3],[1,-2],[-1,-5],[-5,-6],[0,-6]],[[6804,1841],[4,-3],[1,-2],[3,-1]],[[6812,1835],[-6,-3]],[[6806,1832],[5,-7]],[[6811,1825],[8,2],[4,6],[2,-1],[4,7],[1,0],[-1,8],[4,2],[1,9],[3,4],[-1,2],[9,4],[-1,3],[3,9],[5,0]],[[6852,1880],[8,8]],[[6860,1888],[11,0]],[[6871,1888],[5,-5],[4,4],[3,1],[11,-13],[6,-4]],[[6900,1871],[-1,-1],[-1,-5],[-6,-7],[-4,-9],[-5,1],[-1,-1],[0,-6],[5,-6],[0,-8],[1,-3],[-6,-3],[2,-8],[-2,-3],[-7,-4]],[[6875,1808],[0,-8],[5,-2]],[[7593,4840],[-6,9],[-5,-1],[-1,3]],[[7581,4851],[-8,4],[-19,-11],[-12,5]],[[7542,4849],[-1,2],[-4,1],[-2,-2],[0,-3],[-3,1],[0,5],[-3,3],[-1,12],[4,6],[-2,9],[-5,10],[-4,3],[-3,4],[-13,3],[-12,-8],[-10,6],[-4,-4],[-4,3],[-3,-4],[-5,5],[-14,3],[-3,12],[-3,0],[-5,-5],[-2,9],[-6,4],[-1,8],[0,3],[-4,11],[-7,3]],[[7422,4949],[-4,-1],[-4,-5]],[[7414,4943],[-10,3],[1,-9],[-1,-1],[-8,8],[-7,1],[-3,6],[-6,-1],[-9,7],[-5,-1],[0,-6],[-3,-9],[-6,-1],[-1,-3],[0,-11],[-1,-4],[-5,-3],[0,-7],[3,-8],[-3,-5]],[[7350,4899],[-1,-7]],[[7349,4892],[-8,0],[-3,-4],[-4,-1],[-4,0],[-3,4]],[[7327,4891],[-4,-3],[-3,5]],[[7320,4893],[-3,12],[-7,6]],[[7310,4911],[-5,1],[-4,14],[-9,7],[0,9],[-8,19],[3,3]],[[7287,4964],[1,7],[-8,9]],[[7280,4980],[-4,1],[-1,4],[1,5],[-3,3],[-3,7],[2,7],[7,0],[5,11],[-16,15],[5,10],[-3,6],[4,4],[-5,6],[-3,12],[-5,5],[0,4],[-4,5],[1,5],[10,3]],[[7268,5093],[2,5],[-5,19]],[[7265,5117],[2,19],[-7,0],[-6,9],[1,8]],[[7255,5153],[-3,3],[1,7]],[[7253,5163],[2,2],[1,0],[2,5],[1,7],[-2,3],[2,1],[1,6],[-1,5],[4,9],[-1,1],[1,4]],[[7263,5206],[-1,5],[8,2]],[[7270,5213],[3,-4],[2,2],[2,-1],[3,11],[5,-2],[2,-4],[-1,-3],[5,0]],[[7291,5212],[1,3],[2,0],[1,1]],[[7295,5216],[-1,9],[4,5]],[[7298,5230],[-2,5],[2,0],[1,6]],[[7299,5241],[3,0]],[[7302,5241],[5,4]],[[7307,5245],[3,0]],[[7310,5245],[-1,9]],[[7309,5254],[13,-1]],[[7322,5253],[2,-6],[-2,-4],[4,-3],[1,-4],[2,1],[4,-3],[2,0],[1,3],[-2,8],[8,5],[-1,6],[3,5],[-2,5],[3,6],[3,-3],[0,-4],[4,-9],[3,-1],[4,-14],[4,-2],[-1,-6],[5,1],[1,-6],[1,0],[2,1],[-1,3],[0,2],[2,1],[-1,3],[3,6],[0,6],[9,15],[3,-2],[-1,-6],[6,0],[4,7]],[[7395,5264],[-1,8],[1,3]],[[7395,5275],[4,0],[5,-8]],[[7404,5267],[2,1],[2,8]],[[7408,5276],[-2,8],[4,7],[6,2],[4,4],[13,2],[0,5],[5,6],[-4,9],[0,8],[3,4],[-4,6],[-3,3],[-5,-1],[-7,4],[-2,4],[-8,6],[-1,10],[-4,7],[-7,1],[-2,5],[-6,3],[-5,-3],[-3,5],[-2,-1],[-4,-6],[-1,8],[-7,1],[-3,7],[3,5],[6,-1],[8,3],[3,7],[9,-2],[5,6],[6,5],[1,5],[8,4],[1,6],[7,-3],[-1,12],[3,5],[0,9],[3,8],[5,-2],[-1,-5],[4,-6],[3,0],[2,-4],[2,3],[18,2],[3,2],[1,5],[1,30],[5,7],[0,6],[9,4],[4,7],[-4,13],[3,8],[-1,5],[-6,10],[-3,1],[-7,11],[-8,3],[2,7],[7,5],[-2,7]],[[7462,5578],[2,8],[6,2]],[[7470,5588],[1,4],[6,7],[6,-2],[6,11],[7,-3],[5,8],[7,-2],[1,3],[3,1],[1,3],[8,-1],[-1,12],[3,1],[3,9],[6,7],[4,-1],[2,3]],[[7538,5648],[-1,7],[5,10]],[[7542,5665],[0,9],[1,3],[4,1],[2,-4]],[[7549,5674],[4,-1],[2,4],[4,-1],[7,5],[10,-1],[1,5],[-2,3],[0,3],[6,18],[-1,11],[2,5],[10,2],[2,-1],[1,-7],[2,-1],[1,2],[1,5],[6,1],[6,-7],[5,-12],[2,0],[1,4],[-2,12],[4,6],[2,11],[5,2],[11,-4]],[[7639,5738],[9,9],[3,7]],[[7651,5754],[-3,10],[-2,31],[1,5],[6,5],[5,8],[0,4],[-4,7],[3,7],[7,7],[4,15],[-2,8],[-1,19],[6,-1],[3,1],[8,-4],[13,2],[2,2],[4,8],[3,1],[1,9],[5,-2],[7,5],[4,-2],[3,-9],[8,-2],[4,-8],[9,2],[3,18],[-2,5],[-6,1],[0,10],[0,3],[4,2],[3,9],[2,3],[7,-7]],[[7756,5926],[6,-4],[1,-6],[2,-1]],[[7765,5915],[6,1],[3,-2],[8,7],[3,-4],[3,0],[5,-6]],[[7793,5911],[4,1]],[[7797,5912],[4,3],[6,-4]],[[7807,5911],[4,0],[5,4]],[[7816,5915],[9,3],[10,-11],[7,-1],[3,2]],[[7845,5908],[3,-4],[1,-11]],[[7849,5893],[-3,-4],[-7,-4],[-2,-3],[2,-24],[-1,-8],[-6,-13],[1,-3],[4,-4],[1,-11],[4,0],[1,-3],[0,-10],[12,-13],[4,-14],[6,-12],[3,0],[2,4],[5,-5],[5,2],[9,-10],[-3,-9],[3,-4],[5,0],[4,-4],[1,-6],[-2,-5],[5,-5],[0,-5],[8,-4],[-1,-9],[4,-6],[0,-11],[3,-4],[3,-13],[4,-4],[2,-6],[7,-4],[0,-4],[3,-4],[1,1],[3,-3],[6,1],[5,-2],[1,-2],[-1,-2],[0,-2],[1,0],[2,-2],[-1,-4],[2,2],[1,0],[1,-6],[4,1],[1,-2],[2,0],[1,-5],[3,1],[-1,-3],[2,-2],[-1,-1],[3,0],[-1,-2],[3,0],[-1,-2],[2,-4],[3,1],[2,-3],[1,0],[3,-6],[-3,-3],[3,-2],[-1,-1],[2,-4],[6,-3],[-3,-4],[4,-5],[1,-5],[9,-3],[-2,-3],[1,-2],[1,1],[0,-2],[6,-5],[5,6],[6,-2],[0,-3],[2,0],[0,-4],[5,-4],[2,-8],[4,-4],[-1,-2],[2,0],[-1,-2],[1,-7],[-1,-4],[2,-2],[-2,-2],[4,-4],[-4,-4],[1,-4],[0,-2],[3,0]],[[8034,5512],[0,-2],[3,-6]],[[8037,5504],[3,-2]],[[8040,5502],[0,-4],[-3,-3],[-3,3]],[[8034,5498],[-3,-4],[1,-2],[-1,-2],[1,-6],[2,2],[0,-4],[3,0],[2,-6],[-1,-1],[4,-3],[-1,-3],[-2,-2],[-1,1],[-2,-5],[2,1],[-1,-5],[1,-2],[-1,-1],[0,-3],[1,2],[3,-2],[-1,-3],[2,-2],[-1,-1],[2,-2],[-3,-5],[-3,2],[-11,1],[-1,-2],[1,-1],[-1,-1],[1,-2],[-1,0],[1,-1],[-1,-4],[-2,-2],[-3,2],[-2,-3]],[[8018,5429],[1,-1],[-2,-2],[-3,1]],[[8014,5427],[-2,-3],[-2,1],[-1,-4],[-1,3]],[[8008,5424],[-3,-3],[-1,-3],[2,-1]],[[8006,5417],[-2,-3],[2,-3],[-1,-3]],[[8005,5408],[-2,2],[0,-2],[3,-2]],[[8006,5406],[2,-5],[1,3]],[[8009,5404],[7,1],[-1,-4],[5,-2],[-3,-1],[2,-6],[-4,-5],[3,-3]],[[8018,5384],[0,-4],[3,1]],[[8021,5381],[0,-2]],[[8021,5379],[2,1],[1,-4],[4,-3]],[[8028,5373],[-3,-9]],[[8025,5364],[-4,2]],[[8021,5366],[-5,1],[-11,-3],[-4,6]],[[7914,5409],[-3,2],[-6,0],[-4,-26]],[[7897,5384],[9,-5],[0,-4]],[[7908,5371],[6,-6],[-1,-8]],[[7913,5357],[4,-2],[4,-17]],[[7973,5227],[-4,-11],[4,-5]],[[7973,5211],[-3,-5],[-3,-1]],[[7967,5205],[-19,0],[-8,4]],[[7770,5243],[-10,2],[-1,-1]],[[7747,5235],[-5,1],[-3,-2]],[[7739,5234],[1,-2],[-1,-3]],[[7710,5064],[-14,2],[0,-4]],[[7685,5033],[-8,-13],[-2,-8],[2,-4]],[[7608,4823],[-4,12],[-4,4],[-7,1]],[[4104,1390],[4,1],[-1,5],[-2,1]],[[4094,1389],[-4,6],[-2,0]],[[4063,1415],[-3,-7],[-4,-5],[-2,0],[-1,2],[1,6]],[[4044,1429],[4,9]],[[4039,1462],[0,8],[-3,0],[-5,-5]],[[4019,1457],[-5,3],[3,2],[2,3],[-4,13],[5,9],[5,-1],[2,3],[4,0],[2,4],[-1,5],[10,8],[4,1],[2,8],[-7,6],[5,9],[0,3],[-3,3],[0,4],[9,14],[0,8]],[[4052,1562],[7,-6],[2,-8],[-1,-4],[3,-1],[4,-9]],[[4067,1534],[7,2],[5,-1]],[[4079,1535],[6,9]],[[4085,1544],[9,6],[1,5]],[[4095,1555],[3,3],[0,7],[3,5]],[[4101,1570],[5,12]],[[4106,1582],[6,3],[3,-3],[3,2],[4,-1]],[[4122,1583],[2,4],[3,2],[2,-4],[2,-15]],[[4131,1570],[3,-14],[7,-2]],[[4141,1554],[15,-1],[6,4],[5,0],[11,-9],[8,-10],[5,-2],[4,0],[5,4],[5,8],[16,5],[-6,3],[-2,-2],[-2,4],[-2,0],[-2,7],[5,4],[-1,4],[-6,1],[-4,-4]],[[4201,1570],[-4,0],[2,11]],[[4199,1581],[-5,2],[0,8],[-2,2],[-1,7],[-2,4],[3,6],[10,2],[9,6],[4,10],[7,3],[6,18],[3,3],[4,10],[7,9],[4,-1],[2,1],[0,-2],[2,0],[5,2],[1,3],[5,-2],[4,7],[9,7],[9,1],[3,-1],[4,1],[2,3],[5,-2],[1,2],[6,2],[13,1],[5,4],[-13,18],[-2,4],[-3,1],[0,6],[-10,1],[3,11],[6,6],[1,7],[6,2],[4,4],[1,14],[2,4],[0,5],[3,1],[-3,6],[-9,0],[-1,2],[14,12],[4,2],[4,7],[0,5],[-2,4],[-8,-4],[-12,15],[-2,1],[-2,-2],[-10,10],[2,9],[-4,15],[0,3],[3,4],[-2,6],[2,6],[-1,6],[5,9],[0,3]],[[4298,1900],[-4,18],[-7,4]],[[4287,1922],[-4,-1],[-3,-4],[-4,1],[-3,8],[-11,12],[-7,2],[-5,10],[-1,10],[-1,2],[-11,2],[-9,5],[-5,5],[-2,5],[-11,0],[-1,10],[-5,2],[-7,15]],[[4197,2006],[8,-1]],[[4205,2005],[4,3],[8,-6],[6,-1],[8,2],[1,4]],[[4232,2007],[5,-1],[3,6]],[[4240,2012],[0,20],[2,3],[6,1],[-5,23],[3,4],[1,7],[5,3]],[[4252,2073],[1,2],[-7,13]],[[4246,2088],[-10,0],[-5,-5],[-5,5],[-7,1],[-1,8],[-8,3]],[[4210,2100],[-3,3],[-1,5]],[[4206,2108],[7,7],[-9,9],[-4,10]],[[4200,2134],[-7,2],[-2,5],[1,3],[6,4]],[[4198,2148],[2,12],[0,7],[-4,6]],[[4196,2173],[0,10],[-4,6]],[[4192,2189],[4,8],[5,0],[3,-3]],[[4204,2194],[5,1],[4,10],[6,3],[6,0]],[[4225,2208],[5,-5],[10,0]],[[4240,2203],[4,6],[0,6]],[[4244,2215],[4,0],[11,-5]],[[4259,2210],[7,-6],[8,1],[5,-6],[7,-2],[3,-4],[2,-5],[6,-5],[0,-2],[-5,-4],[7,-7],[18,1],[9,-7],[7,3],[11,-9],[4,1],[8,-6],[4,2],[8,-1],[4,1]],[[4372,2155],[10,-3],[2,-4],[4,-11]],[[4388,2137],[5,-5],[-4,-5],[0,-6],[11,-11],[2,-8],[14,-2],[7,4],[3,0],[-1,-10],[3,-5],[5,-2],[0,-15],[2,-6],[4,-5],[4,-3],[4,0],[2,-2],[1,-7],[-3,-6],[4,-1],[1,3],[2,-1],[7,-11],[3,-12],[5,-3],[3,-6],[0,-7],[-5,-4],[3,-10],[1,4],[5,1],[10,-3],[0,3],[2,0],[3,4]],[[4491,2000],[5,-1],[-2,6]],[[4494,2005],[0,6],[2,7]],[[4496,2018],[3,6],[2,1]],[[4501,2025],[5,-5],[2,0],[5,6],[10,3],[4,5],[6,16],[5,20]],[[4538,2070],[5,45],[36,53]],[[4579,2168],[18,-10],[33,-12],[21,-16],[9,1],[11,4],[24,-6],[18,-8],[6,-11],[3,-2],[9,1],[11,7]],[[4742,2116],[13,0],[17,-9]],[[4772,2107],[0,-11],[3,-1],[5,-6],[2,-10],[5,-2],[9,-17],[1,-5],[8,-7],[3,1],[3,-2],[4,2],[4,0],[6,-4],[4,0],[3,2],[2,8],[2,1],[12,-12],[4,0],[6,4],[14,-2]],[[4872,2046],[7,-11],[7,-4]],[[4886,2031],[0,-3]],[[4886,2028],[1,-2],[1,-3]],[[4888,2023],[-1,-3],[0,-5]],[[4887,2015],[-2,-12],[-3,-3]],[[4882,2000],[-5,1],[-2,-4],[-2,2],[-4,-9],[-2,4],[-2,0],[-1,-5],[-4,-1],[-2,-7],[2,-4],[-4,-3],[3,-5],[-3,-2],[3,-8],[-2,0],[0,-3],[6,-10],[0,-6],[1,-4],[-5,-15],[1,-10],[-2,-13],[5,-17],[5,-7],[-2,-24],[-3,4],[-12,3],[-4,-3],[-6,-6],[-6,-2],[-4,-6],[-5,2],[-7,-2],[-4,-11],[-2,-2],[-5,-1],[-6,1],[-4,-3],[-8,3],[-7,-6],[-3,-7],[2,-13],[-5,-22],[3,-5],[9,-19],[7,-10],[4,-3],[1,-3],[-2,-2],[-20,-5]],[[4779,1732],[0,-16],[3,-6]],[[4782,1710],[5,4],[5,-1],[6,-11],[2,-13]],[[4800,1689],[3,-3],[9,-4]],[[4812,1682],[1,-3],[-1,-4],[-4,-3],[-1,-5],[2,-9]],[[4809,1658],[-1,-5],[1,-5],[-4,-5],[0,-5]],[[4805,1638],[3,-5],[0,-8]],[[4808,1625],[-3,-9],[3,-4]],[[4808,1612],[0,-10],[-1,-6],[-5,-2],[-2,-3],[3,-6],[-1,-4],[1,-9],[2,-2],[3,-16],[2,-3],[-3,-8],[3,-2],[0,-13],[4,-1]],[[4814,1527],[2,-5],[-2,-3],[-2,-1]],[[4812,1518],[-8,0],[-6,-4],[-6,0],[-7,-7],[-2,-12],[1,-4],[10,2],[2,-3],[-4,-6],[-1,-4],[5,-13],[-6,-10],[-8,-3],[-6,9],[-5,2],[-5,-3],[0,-3],[-1,-1]],[[4765,1458],[-7,1],[-1,-2],[3,-8]],[[4760,1449],[6,-4],[6,-8],[1,-5],[-5,-10]],[[4768,1422],[-12,-8],[1,-7]],[[4757,1407],[-5,-8],[1,-17],[-1,-6],[4,-9],[8,-8]],[[4764,1359],[0,-8]],[[4764,1351],[6,-3],[1,-2],[-6,-11]],[[4765,1335],[-3,0],[-6,4],[-2,-3],[4,-2],[2,-8],[3,-2],[0,-6],[9,1],[8,10]],[[4780,1329],[3,-3],[1,-6],[-5,-7]],[[4779,1313],[-12,-4],[-8,-9],[-3,-9]],[[4756,1291],[-7,-6],[-5,-1]],[[4744,1284],[-4,2],[-2,-3],[-6,4],[-9,-12],[-7,-3],[-5,2]],[[4711,1274],[-11,-9],[-9,4]],[[4691,1269],[-2,-3]],[[4689,1266],[-6,2],[-4,3],[-5,2],[-2,2],[0,6]],[[4672,1281],[-5,5],[-1,7],[-3,0]],[[4663,1293],[-5,10],[-3,2],[-2,-1],[-2,-2]],[[4651,1302],[3,-5],[-1,-8],[-4,-5],[-3,0],[-4,-5],[-3,1],[-4,-10],[-4,-4],[0,-4],[-2,0],[-2,-3],[0,-10],[-2,0],[0,-5],[-4,-7],[0,-6],[2,-1],[2,-4],[-3,-6]],[[4622,1220],[1,-14],[5,-13]],[[4628,1193],[2,2]],[[4630,1195],[4,-5],[1,1],[1,-3]],[[4636,1188],[-1,-4],[-2,1],[-1,-4]],[[4632,1181],[-4,1],[-2,-4]],[[4626,1178],[-3,-1]],[[4623,1177],[-1,-4],[-4,-5],[-9,1]],[[4609,1169],[-2,-2],[-1,1],[-2,-2],[-3,1],[-8,-6],[-6,2],[-4,-5],[-5,1],[-2,-3],[-4,1],[-3,2],[-3,0],[-2,-4],[-12,3],[-1,-6],[-4,-4],[-2,9],[-9,4],[-11,16],[-1,5]],[[4524,1182],[1,10],[-16,8],[-5,5],[-8,1],[-4,-2]],[[4492,1204],[-2,-4],[-5,0],[-4,-7],[-1,0]],[[4480,1193],[-12,17]],[[4468,1210],[-4,2],[-10,-7]],[[4454,1205],[-6,5]],[[4448,1210],[-3,0],[-3,5],[-4,-2]],[[4438,1213],[1,2],[-2,4]],[[4437,1219],[1,5]],[[4438,1224],[-1,1],[-4,-2]],[[4433,1223],[-3,-5]],[[4430,1218],[-3,-14]],[[4377,1211],[-1,4],[2,6]],[[4287,1310],[-11,2]],[[4276,1312],[-2,6],[-11,3]],[[4252,1328],[-2,-1],[0,-4],[-6,-1]],[[4244,1322],[-7,2],[-3,-4]],[[4234,1320],[-7,-1],[-1,-3],[0,-7],[9,-27]],[[4232,1276],[-10,-1],[-7,1],[-14,10]],[[4145,1369],[-5,5],[-4,-3],[0,-3]],[[5125,1149],[-3,-1],[-1,-3],[-12,-4]],[[5109,1141],[-3,-5],[-3,-1]],[[5103,1135],[-11,-9],[-6,0]],[[5086,1126],[9,5]],[[5095,1131],[3,5]],[[5098,1136],[0,8],[-2,12]],[[5096,1156],[0,12],[-3,1]],[[5093,1169],[-4,-1],[-1,3]],[[5088,1171],[1,3],[4,6]],[[5093,1180],[0,3],[-5,4],[2,3],[3,3],[0,16],[-1,2],[-5,3],[-4,5],[0,5]],[[5083,1224],[-5,16],[2,3]],[[5080,1243],[0,7],[3,0],[1,3],[3,0],[2,2],[-1,6],[-4,7],[0,6],[15,15],[2,-3]],[[5101,1286],[8,3],[1,6],[-6,6]],[[5104,1301],[-3,20]],[[5101,1321],[-7,9],[0,12],[2,5],[-1,7],[5,4],[-5,7],[2,10],[3,4],[0,10],[-7,9],[-2,1],[-6,-5],[-3,8],[-1,5],[-3,2],[-1,9],[7,8],[1,3],[-6,5],[1,6],[-4,5],[-4,-2],[-6,-9],[-3,3],[-4,-2],[-2,2],[-3,-3],[-10,-2],[-2,-5],[-5,5],[-2,0],[-1,7],[-4,6],[3,3],[-3,4],[2,2],[-1,3],[3,0],[3,4],[3,-2],[2,3],[-1,2],[4,2],[1,4],[-4,3],[3,2],[1,5],[2,3],[-1,3],[3,5],[4,-3],[13,0],[6,-5],[8,-2],[0,2],[3,0],[2,2],[3,-2],[2,3],[2,0],[6,19],[-1,7],[-3,3],[0,7],[2,3],[2,-1],[4,2],[1,2],[0,7],[3,6],[9,0],[4,-10],[10,-7],[9,1],[9,-4],[8,7],[3,15],[5,2],[3,9],[9,3]],[[5176,1557],[2,6]],[[5178,1563],[-3,9],[0,3],[-18,14],[-3,7],[-4,3],[-2,0],[-1,-2],[-3,-15],[-5,-1],[4,17],[1,10]],[[5144,1608],[-1,6],[-8,7]],[[5135,1621],[-11,2],[-5,7],[-5,-1],[-4,4],[0,5],[-11,4],[-9,8],[-4,-1],[-2,3],[-4,1]],[[5080,1653],[-2,6],[-5,6],[0,4],[2,8],[3,2],[7,1]],[[5085,1680],[5,7],[6,0],[7,5]],[[5103,1692],[3,-2],[13,0]],[[5119,1690],[0,6],[-3,7]],[[5116,1703],[-5,4],[0,6]],[[5111,1713],[-6,3],[-1,6],[1,11]],[[5105,1733],[10,7],[7,9],[2,7],[21,7],[5,4],[5,9]],[[5155,1776],[3,1],[4,5],[6,-1]],[[5168,1781],[3,3],[0,3],[3,1],[5,1],[6,-2]],[[5185,1787],[4,5],[2,-8]],[[5191,1784],[1,2],[3,0],[1,-3],[2,-2],[3,3],[3,-2],[2,4],[5,2],[-1,9],[7,3],[1,3],[5,0],[2,-4],[9,5],[7,-2],[4,4],[1,3],[2,0],[1,3],[6,-6],[1,-7],[3,-3],[11,0],[3,5],[-1,4],[2,1],[-2,1],[2,5],[8,1],[2,-2],[-1,-2],[1,0],[4,6],[4,-3],[1,-9],[6,-6],[-1,-6],[3,-1],[0,-2],[-3,-1],[1,-3],[-1,-1],[4,0],[0,-3],[4,-6],[2,-14],[19,-7],[-1,-4],[4,0],[1,-5],[2,-2],[5,3],[1,-2],[0,2],[2,1],[2,-1],[0,-3],[3,0],[0,-1],[2,1],[1,-4],[4,-2],[0,-4],[3,1],[1,-2],[5,0],[1,-3],[-2,-9],[2,-3],[3,-2],[-2,-1],[1,-5],[4,-3],[-5,-3],[-1,-7],[2,-6],[-7,-13],[5,-9],[0,-4],[-4,-1],[0,-2],[-4,1],[2,-6],[-2,-1],[2,-3],[1,-15],[-5,0],[-2,2],[-4,0],[-3,-8]],[[5344,1630],[1,-4],[3,-2]],[[5348,1624],[-1,-1],[-2,-14],[3,-4],[-1,-3],[6,-4],[2,-12],[2,-3],[-1,-3],[-2,-9],[4,-5],[0,-3],[5,-3],[2,-3],[-2,-2],[1,-4],[0,-2],[6,-4],[3,-18],[2,-2],[3,0],[0,-3],[1,-19],[-4,-5],[-1,-8],[-4,-5],[7,1],[6,-3],[19,2],[5,-2],[8,1],[2,5],[6,-4],[11,3],[10,-1],[7,-4],[4,0],[6,-6],[5,1],[5,4],[2,-3],[5,0]],[[5478,1479],[4,-5],[12,7]],[[5494,1481],[2,-2],[2,0],[3,7],[6,0],[5,4]],[[5512,1490],[-3,-9]],[[5509,1481],[0,-10],[-4,-19]],[[5505,1452],[-5,-5],[-2,-14],[1,-10],[6,-10],[0,-8],[3,-3],[0,-4],[-5,-4],[4,-10],[-3,-6],[0,-6],[1,-4],[0,-5],[2,-6],[-4,-7],[2,-1],[-2,-3],[1,-2],[-2,-2],[6,-1],[0,-2],[3,-1],[0,-2],[3,0],[0,3],[1,0],[-2,-20]],[[5513,1319],[4,-13],[5,-7]],[[5522,1299],[10,0]],[[5532,1299],[1,-5],[-10,1]],[[5523,1295],[-4,-8],[-7,-2],[-4,-5],[-6,2],[-2,-2],[-2,-4],[0,-10],[-2,-8],[10,-5],[0,-3],[-7,-1],[-2,-4],[-4,4],[-3,0],[-2,7],[-2,1],[-1,2],[-1,-4],[-5,3],[0,-7],[-2,1],[-4,-1],[-2,-7],[-5,4],[2,1],[-2,4],[-3,-1],[0,3],[-6,3],[-3,-3],[-3,-14],[-6,-4],[-5,3],[-3,-3],[-5,0],[-3,-5],[-3,-1],[-2,2],[1,8],[-4,4],[0,4],[-4,8],[-6,1],[-4,5],[-4,-1],[-3,-3],[-4,2],[-5,-3],[-11,10],[-5,9],[-2,6],[-2,2],[2,7],[-1,8],[-4,5],[2,8],[-4,4],[-3,0],[-9,-4],[-13,11],[-10,0],[-6,-4],[-4,-2],[-4,-9],[-2,-1],[-6,2],[-10,0],[-5,4],[-3,-11],[4,-1],[1,-2],[1,-13],[5,0]],[[5302,1287],[2,-4],[-1,-6]],[[5303,1277],[-5,-6]],[[5298,1271],[-1,-11],[3,-14]],[[5300,1246],[4,-7]],[[5304,1239],[-5,-6],[-17,-11]],[[5282,1222],[-6,-8],[-5,-3]],[[5271,1211],[-2,-5],[-9,-2]],[[5260,1204],[-7,-5]],[[5253,1199],[-7,-3],[-10,-11]],[[5236,1185],[-19,-13],[-21,-18]],[[5196,1154],[-6,-3],[-3,-3]],[[5187,1148],[1,-3],[-1,-3],[-7,-4],[-3,-4],[-8,-3],[-8,-10],[4,7],[0,6],[3,4],[-3,5]],[[5165,1143],[-2,5],[0,3],[4,3]],[[5167,1154],[-6,12]],[[5161,1166],[-3,2],[-5,-1]],[[5153,1167],[-17,-15],[-7,6],[-4,-9]],[[4960,1626],[-7,0],[-9,-3]],[[4944,1623],[-15,10],[-4,6],[-3,2],[-7,-2],[-3,-3],[-4,3],[-3,-6],[-3,0],[-8,10],[-3,8],[-7,1],[-1,15],[-3,0],[-5,-6],[-3,0],[-3,10],[7,9],[0,3],[-2,2],[-7,-1],[-4,-9],[-3,-1],[-2,2]],[[4858,1676],[0,11],[-7,3]],[[4851,1690],[-6,7]],[[4845,1697],[-4,1],[-6,-4]],[[4835,1694],[-5,5],[-6,-4]],[[4824,1695],[-7,0]],[[4817,1695],[-7,-11]],[[4810,1684],[-5,1],[-5,4]],[[4782,1710],[-3,8],[0,14]],[[4882,2000],[2,3],[3,12]],[[4888,2023],[0,3],[-2,2]],[[4886,2031],[-6,3],[-5,5],[-3,7]],[[4772,2107],[-14,8],[-5,2],[-11,-1]],[[4579,2168],[4,5],[12,12],[1,6],[-5,9],[-14,7],[-4,6]],[[4573,2213],[3,6],[14,18],[2,11],[5,3],[3,13],[6,1],[2,7]],[[4608,2272],[2,2],[-1,2]],[[4609,2276],[1,2],[-2,5],[-8,8],[3,3],[0,9],[-5,-3],[-1,4],[-3,-1],[-4,-6],[-3,1],[-1,4],[-9,0],[0,-7],[-2,2],[-7,-5],[-5,2],[0,6],[3,3],[-1,3],[-1,3],[-4,0]],[[4560,2309],[-1,7],[-1,18],[2,4],[17,5]],[[4577,2343],[2,4],[-2,6],[5,7],[7,1],[11,9],[4,5],[9,5],[8,-7],[6,0],[4,3],[1,-7],[3,-2],[5,1]],[[4640,2368],[7,4],[7,-4],[10,10]],[[4664,2378],[1,6],[4,8],[12,-1]],[[4681,2391],[4,7],[9,3],[5,1]],[[4699,2402],[2,-8],[4,1],[6,-3],[3,-9],[5,0],[3,-7],[6,1],[2,-1],[2,-5],[1,-11],[3,-4],[2,-1],[2,2],[2,6],[1,5]],[[4743,2368],[2,0],[29,-24]],[[4774,2344],[3,-10],[2,-4],[8,2],[3,23]],[[4790,2355],[6,17]],[[4796,2372],[11,-12]],[[4807,2360],[8,-3],[7,0],[24,11]],[[4846,2368],[5,-1],[4,-4],[3,-8],[4,-14],[1,-20],[2,-18],[3,-10],[4,-5],[8,-3],[18,3]],[[4898,2288],[16,0],[7,-2],[11,-20],[2,-23],[24,-23],[4,-8],[7,-6],[11,-16],[9,-4],[16,-2],[23,3],[14,-26],[0,-13],[11,-13],[-3,-12],[14,2],[13,13],[20,-5]],[[5097,2133],[2,-10],[4,-5]],[[5103,2118],[2,-8],[-1,-3],[-6,-2],[0,-14],[4,-9],[-3,-8],[2,-5],[-1,-5],[5,-3],[4,-5],[1,-8],[-2,-6],[7,-2],[1,-3],[5,1],[5,-14],[1,-9],[3,-3],[0,-3],[-6,-2],[-3,-4],[-1,-5],[-5,3],[-6,0],[-13,-2],[-4,-3],[-1,-9],[-3,-1],[-4,-12],[-5,-4],[-1,-9],[-5,-6],[-2,-6],[-7,-4],[0,-5],[-7,-10],[1,-2],[7,0],[-2,-4],[1,-3],[14,-3],[-1,-5],[-3,-2],[-2,-10],[-7,-4],[-3,-7]],[[5062,1890],[-4,0],[-1,-4],[-3,-1],[-2,-8],[1,-2]],[[5053,1875],[-3,0],[-4,-5],[10,-4],[9,-11],[5,-1],[6,-3],[4,0],[2,-5],[0,-7],[12,0],[8,-6],[9,1],[8,-11],[10,-3],[2,-4],[-1,-9],[-1,-2],[-4,-2],[5,-4],[5,1],[4,-3],[6,-1],[5,3],[8,-1],[2,-10],[-1,-9]],[[5159,1779],[-4,-3]],[[5105,1733],[-1,-14],[2,-3],[5,-3]],[[5116,1703],[4,-8],[-1,-5]],[[5119,1690],[-16,2]],[[5085,1680],[-9,-2],[-4,-11],[5,-9],[-4,2],[-5,-1],[-6,1]],[[5062,1660],[-5,6],[-5,1],[-4,5],[-8,4],[-12,-9],[-1,4],[-4,1],[-1,2],[-6,6],[-7,-1],[-2,5],[-2,-2],[-3,1],[-1,-4],[-8,-1]],[[4993,1678],[-7,-7],[-5,0],[-7,3]],[[4974,1674],[-3,-4],[-1,-4]],[[4970,1666],[-5,-4],[1,-7]],[[4966,1655],[4,-11],[-1,-8]],[[4969,1636],[2,-5]],[[4971,1631],[-2,-8],[-2,-3],[-3,0],[-4,6]],[[7245,1816],[-3,-12]],[[7242,1804],[-1,-2],[0,-8]],[[7241,1794],[5,-5]],[[7246,1789],[-9,-20],[-6,0],[-3,-6]],[[7228,1763],[-7,-8],[-4,6]],[[7217,1761],[-8,3],[-6,-5],[-6,3],[-7,-1],[-3,-4],[-8,-1],[-6,-13],[-2,1],[0,3],[-7,6],[-2,5],[-5,0],[0,-5]],[[7157,1753],[-8,-2],[-1,-5]],[[7148,1746],[1,-2],[-1,-3],[0,-5],[-9,-12]],[[7139,1724],[-4,-9],[-2,-1]],[[7133,1714],[-5,1],[-6,-5],[-2,-4],[-3,1]],[[7117,1707],[-4,-1],[0,7]],[[7113,1713],[-3,5],[-5,0],[-4,-2],[-5,6],[-3,0],[-5,7],[-4,0],[-11,13],[0,4],[2,4],[-4,4],[-5,1],[-7,-2],[-7,8],[-4,1],[-1,-4],[1,-6],[-6,-4],[5,-5],[0,-2],[-2,-2],[2,-4],[1,-5],[-7,-4],[0,-4],[-7,4],[-8,0],[-5,-6],[-3,-1],[-8,9],[-6,-1],[-2,2],[-1,4],[-8,0],[-2,-4],[-3,0],[-1,2],[-15,1],[-13,6],[-2,-7]],[[6957,1731],[1,-6],[2,-5]],[[6960,1720],[-3,-5]],[[6957,1715],[1,-7],[-2,-1],[-1,2]],[[6955,1709],[0,3],[-2,1],[-3,-1],[-3,-5],[-5,5],[-11,1],[-4,-1]],[[6927,1712],[-5,3],[1,4],[5,2]],[[6880,1798],[-5,3],[0,7]],[[6900,1871],[-6,3],[-12,14],[-5,-5],[-6,5]],[[6860,1888],[-2,-3]],[[6858,1885],[-2,1],[-6,16]],[[6850,1902],[4,8],[-1,4]],[[6853,1914],[-2,-1],[-12,5],[-8,-5],[-8,2],[-2,-3],[-4,-1],[1,-2],[-1,-1],[-2,6],[-5,4],[0,4],[-3,5],[-4,-3],[-2,2],[-4,-2]],[[6797,1924],[-5,4],[3,5]],[[6795,1933],[-5,5],[0,3],[0,3],[1,-1],[1,2],[-2,8],[6,-2],[5,5],[-3,5],[0,16],[-1,7],[-10,5]],[[6787,1989],[-2,15],[2,8],[5,2]],[[6792,2014],[2,5],[14,3],[6,-2],[1,2],[-1,6],[3,3],[7,-2],[7,5],[0,-4],[3,-1],[1,-8],[2,0],[3,3],[3,-1],[3,2],[4,0],[5,11],[12,3],[3,10],[-4,1],[-1,4],[2,12],[6,12],[0,3],[-3,2],[-1,8],[3,12],[3,3],[9,2],[11,5],[2,3],[3,0],[9,9],[10,2],[2,3],[0,5],[3,7],[12,2],[4,-2],[4,4],[3,0],[2,-8],[0,-3],[5,-3],[1,-8],[6,-7],[6,-4],[6,3],[0,4],[4,4]],[[6977,2124],[0,7],[2,3],[4,20]],[[6983,2154],[-1,3],[2,4],[-9,3],[-1,6],[-5,0],[-2,2],[0,8],[2,4],[2,0],[0,3],[-2,6],[-4,-1],[-3,9],[7,5],[-5,4],[5,4],[3,4],[-4,14],[3,2],[3,4],[-1,7],[3,3],[-5,4],[-5,-2],[-4,7],[-2,0],[-2,3],[-4,-2],[-3,-4],[-4,3],[-7,-3],[-4,7],[-5,3],[0,3],[5,2],[0,7],[2,2],[-1,7]],[[6937,2285],[9,6],[0,4],[-1,6]],[[6945,2301],[-6,2]],[[6939,2303],[1,6],[-8,3]],[[6932,2312],[1,8],[-3,9],[2,7],[-2,5],[-5,7],[2,8],[-2,10],[2,5],[-5,5]],[[6922,2376],[4,5]],[[6926,2381],[0,7],[-12,6]],[[6914,2394],[4,6],[-2,4],[3,8],[2,2]],[[6921,2414],[-2,4],[1,3],[3,4]],[[6923,2425],[2,-1],[4,2],[4,-2],[7,1],[0,3],[4,3],[0,4],[2,1],[1,3],[5,0],[-2,8],[-5,4],[-5,9],[3,2],[-2,4],[4,3]],[[6945,2469],[-4,3],[-2,9],[2,14],[6,4]],[[6947,2499],[1,6],[3,-1]],[[6951,2504],[3,4],[5,0]],[[6959,2508],[9,19]],[[6968,2527],[1,0],[5,-7]],[[6974,2520],[14,2],[-1,4],[3,1],[-1,5],[8,9],[4,-4],[4,3],[4,0],[4,-5],[-1,-3],[3,-4],[4,2],[4,4],[2,2],[3,-1],[1,-5]],[[7029,2530],[4,1],[10,0],[1,-1]],[[7044,2530],[1,-7]],[[7045,2523],[1,3],[8,4],[2,4],[11,2],[7,-1]],[[7074,2535],[8,4],[2,6],[3,3]],[[7087,2548],[1,-1],[3,1],[4,-1]],[[7095,2547],[6,2],[9,-10]],[[7110,2539],[3,0],[2,-4],[4,0],[9,-7],[-1,-5],[3,-4],[-2,-7],[7,-4],[4,-16],[6,-7],[1,-6],[10,-2],[4,-3]],[[7160,2474],[-2,-6],[2,-8],[-1,-5]],[[7159,2455],[-4,-3],[-1,-8],[-5,2],[-4,-3]],[[7145,2443],[-6,3],[-6,-5]],[[7133,2441],[-4,-1],[-8,-10]],[[7121,2430],[-2,0],[-2,-6]],[[7117,2424],[2,0],[3,-3],[4,1],[3,-3],[0,-3],[4,0]],[[7133,2416],[5,-4],[4,-10],[-6,-3]],[[7136,2399],[-2,-4],[-6,0],[0,-9],[-3,-3],[-5,0],[-3,-2],[0,-7],[2,0],[3,-8],[0,-3],[6,-3],[6,1],[6,-10],[12,-3],[0,-3],[4,-5],[1,-17],[1,-2],[0,-4],[1,-5],[-2,-18],[4,-2],[3,4],[2,-2],[0,-5],[4,-2],[2,1],[3,6],[10,-2],[6,5],[6,-1],[3,-5],[0,-3],[4,-2],[0,-7],[2,-3],[1,-7],[-1,-4],[4,-2],[2,-7],[4,0],[2,-4],[0,-8],[1,-3],[5,-2],[4,2],[1,7],[2,2]],[[7231,2250],[7,-21],[4,3],[-5,11]],[[7237,2243],[2,21],[4,2],[2,4],[4,-1],[1,4],[-3,6],[-4,1],[-2,3],[-5,0],[2,5],[-2,2],[1,10],[4,2],[2,-1],[4,1],[0,7],[6,4],[2,12],[6,6],[0,4],[3,3],[6,0]],[[7270,2338],[-2,7],[1,5],[7,5]],[[7276,2355],[-3,5]],[[7273,2360],[-1,13],[6,2]],[[7278,2375],[5,7],[4,1],[5,6],[-2,2],[0,5],[4,4],[1,3],[-3,11],[7,-3],[3,2],[13,-5],[8,-9],[3,1],[2,-2],[1,14],[-1,4],[1,8],[3,2],[4,-1],[6,7],[4,-1],[5,3],[8,0],[3,-4],[-1,-4],[3,-3],[6,3],[1,-2],[3,1],[4,-3],[2,-7],[3,-2],[3,5],[3,-1],[4,2],[4,8],[11,-4]],[[7408,2423],[13,5],[2,8],[7,3],[9,-4]],[[7439,2435],[1,-8],[4,-3],[3,1],[2,-3],[0,-16],[-3,-4],[3,-2],[1,-3]],[[7450,2397],[2,0],[2,6]],[[7454,2403],[4,4],[3,1],[2,-2],[2,1],[1,7],[9,8],[5,0],[-1,4],[2,2],[5,0],[0,21],[5,2],[3,3],[-2,3],[3,7],[-1,3],[-7,2],[4,4],[-2,4],[4,2],[-3,6],[2,2],[-1,4],[1,3],[5,-5],[6,1],[3,-2],[4,0],[2,1],[4,-3],[3,2],[5,-2],[3,2],[1,-4],[8,6],[1,4],[2,0],[4,4],[4,-8],[5,-4],[1,-6],[2,-2],[16,-6],[10,10],[3,0],[5,-11],[9,-2],[11,3],[2,4],[6,4],[3,9],[5,7],[2,-2],[5,-3],[2,-7],[7,-4],[3,3],[3,9],[3,-2],[6,-2]],[[7656,2488],[-6,-7]],[[7650,2481],[-1,-4],[2,-5],[-4,-7],[5,-5],[0,-5],[-2,-13],[-2,-6],[1,-6],[-2,-12],[-3,-3],[2,-6],[-4,-6],[0,-5],[-2,-5],[-11,-11],[2,-4],[-5,-7],[-3,-12],[-3,-2],[0,-5],[-3,-3],[-2,-13]],[[7615,2336],[-12,5],[-9,-5],[-3,-7]],[[7591,2329],[-3,-2]],[[7588,2327],[-3,-10],[-4,-3],[-5,-22]],[[7576,2292],[-5,-6],[-4,-2],[-3,-17],[-6,-3],[-4,-10],[-3,1],[-2,-1],[-1,-7],[-4,-3],[-2,-13],[-5,-3],[0,-3],[-3,-3],[-2,-6],[-6,-4]],[[7526,2212],[2,-6],[-8,-5],[-1,-3],[1,-4],[2,-1]],[[7522,2193],[0,-10],[5,-6],[1,-6]],[[7528,2171],[-3,-1],[-2,-5],[-2,1],[-4,-2],[-6,2],[-4,-2],[0,-4],[4,-5],[-2,-4],[1,-6],[-6,-3],[-6,1],[-3,-2],[2,-6],[0,-9],[1,-3],[-4,-9],[-1,-6],[-7,-4],[-4,3],[-1,-2],[-6,2],[-8,-3],[2,-6],[4,-3],[2,-15],[-5,-5],[0,-3],[-6,-12],[-3,0],[-7,-5],[-1,-6],[-4,-3],[0,-4],[-6,-5],[-1,-2],[2,-5],[-3,-8],[-4,-2],[-6,-13],[-5,-1],[-1,-6],[2,-4],[-8,-10],[-2,-5]],[[7417,1981],[-7,-3]],[[7410,1978],[-6,-6],[-1,-5],[5,-5]],[[7408,1962],[-2,-6],[3,-6],[0,-8],[-5,-1],[-1,-8]],[[7403,1933],[-4,-1],[2,-5]],[[7401,1927],[-6,-24],[-8,-2]],[[7387,1901],[-6,3],[-4,-4],[-3,0],[-2,4],[-5,3],[-6,0],[-4,5],[-3,-1],[-3,2],[-9,-3],[-2,-8],[-4,2],[-2,-2],[-12,0],[2,14],[5,7],[2,6],[-12,1],[-5,4],[-8,3],[-1,-1],[0,-3],[2,-5],[-1,-5],[2,-3],[-3,-5],[-3,2],[-2,-3],[-3,1],[-3,-2],[-2,3],[-5,-1],[-2,6],[-5,2],[-2,-1],[-7,7],[-3,-1],[-4,-11],[-2,1],[-2,6],[-4,-2]],[[7256,1922],[-4,-5],[-5,1]],[[7247,1918],[-5,-2]],[[7242,1916],[-5,2],[-5,-4],[-2,-6]],[[7230,1908],[3,1],[1,4],[2,0],[1,-7],[2,1],[6,-3],[1,-8],[-4,-2],[1,-7],[-1,-5],[1,-6],[2,-4],[4,-2],[0,-2],[2,-1],[1,1],[4,-4],[-1,-5],[3,-4],[-2,-5],[0,-6],[-5,-16],[-1,-9],[-5,-3]],[[5238,2119],[0,5],[-4,-1]],[[5234,2123],[2,-11],[-2,-1],[-14,11],[-6,12],[-4,-3],[-3,-11],[-7,2],[-4,-1],[-1,-3],[2,-7],[13,-11],[-2,-7],[2,-8],[7,-4],[3,-4]],[[5220,2077],[-8,-9]],[[5212,2068],[1,-4],[5,-3]],[[5218,2061],[2,-3],[0,-3]],[[5220,2055],[-23,-4],[-7,0],[-9,6],[-19,7],[-6,0],[-2,2],[0,6]],[[5154,2072],[-4,7],[-1,5],[4,3],[10,2],[1,4],[-1,8],[1,9],[2,1],[6,-2],[2,5],[-3,7],[-13,9],[-4,11],[7,2],[1,2],[-8,5]],[[5154,2150],[-3,9],[-2,2],[-11,-1],[-5,-6],[-7,-5],[-15,1]],[[5111,2150],[-10,-8],[-4,-9]],[[4898,2288],[-19,-3],[-5,2],[-5,4],[-3,7],[-3,16],[-1,28],[-4,14],[-4,8],[-8,4]],[[4807,2360],[-12,12],[-3,7],[-1,10],[3,15],[7,16],[0,8],[-2,10]],[[4799,2438],[-9,9],[-14,3]],[[4776,2450],[-11,11],[-19,34],[-1,7]],[[4745,2502],[2,16]],[[4747,2518],[5,-2],[6,0],[41,19],[13,7],[15,18],[5,3],[10,-1]],[[4842,2562],[8,-7],[5,-1]],[[4855,2554],[22,17],[8,4],[8,1],[7,-2],[6,-8],[3,-2],[3,0],[3,5],[3,-2],[2,2],[1,-1],[1,2],[4,1],[2,-3],[2,2],[11,-6],[0,-3],[6,1],[2,3],[3,-3],[2,0],[3,3],[2,-2],[1,4],[3,0],[2,4],[0,10],[5,1],[-1,12],[4,-1],[2,4],[6,1],[2,-2],[4,0],[2,-3],[7,-2],[4,7],[11,0],[4,3],[10,4],[3,-4],[8,4],[6,7],[13,-8],[4,-7],[7,-2],[2,4],[4,-3],[4,0],[1,-2],[-2,-3],[8,-3],[3,4],[7,5],[8,-1],[5,3],[2,4],[7,1],[5,4],[2,-2],[3,1],[5,-1]],[[5130,2606],[10,-14],[3,0],[11,7],[4,10]],[[5158,2609],[5,1],[1,5]],[[5164,2615],[6,-2],[6,7]],[[5176,2620],[6,1],[1,3],[6,5],[0,5],[3,3],[6,10],[4,1],[3,7],[10,1],[3,7],[4,3],[0,3],[5,2],[7,10],[7,4],[-1,5],[7,4],[3,5]],[[5250,2699],[5,1],[9,7],[7,7]],[[5271,2714],[2,1],[3,-3]],[[5276,2712],[4,5]],[[5280,2717],[14,1],[4,-4],[-2,-6]],[[5296,2708],[6,-5],[11,6],[0,4]],[[5313,2713],[5,-1],[5,-8]],[[5323,2704],[7,-3]],[[5330,2701],[-6,-5],[-2,-4]],[[5322,2692],[0,-4],[3,-3],[7,0],[5,-6],[9,-5],[1,-3],[-7,-3]],[[5340,2668],[0,-9],[3,-2]],[[5343,2657],[4,0],[6,-8],[2,-2],[-1,-11]],[[5354,2636],[8,-1],[-3,-7],[0,-11],[-4,-19]],[[5355,2598],[-8,-18],[1,-16],[-3,-8],[1,-3],[-4,-8],[1,-9],[-5,-8],[-6,0],[-1,-3],[0,-8],[-4,-10],[4,-8],[0,-2],[8,-8],[0,-3],[3,0],[-2,-11],[-1,-6],[3,-6],[-2,-8],[2,-2],[1,-12],[1,-3],[1,-6],[7,-9],[7,4],[2,-3],[7,8],[0,-9],[5,0],[8,-7],[0,-8],[9,-14],[4,-3],[2,-10],[0,-9],[-2,-6],[2,-3],[4,2],[3,-3],[-1,-7],[3,0]],[[5405,2355],[0,-6],[-7,-17]],[[5398,2332],[-2,-1],[-3,1],[-2,-4],[-5,-3],[-1,-5],[-6,-2],[-11,-7],[-3,-5],[-8,-3],[-1,4],[-5,3],[-7,1]],[[5344,2311],[-9,-6],[2,-9]],[[5337,2296],[7,-5],[-7,-5]],[[5337,2286],[-2,-6],[-4,1]],[[5331,2281],[-4,-2],[-2,-9],[-5,-1],[1,-4],[-4,-8],[2,-21],[-5,-7],[3,-5],[1,-5],[-3,-3],[-3,-1],[2,-6],[-8,-18],[0,-3],[3,-1],[2,-5]],[[5311,2182],[-17,-19],[6,-9],[-7,-10],[-4,7]],[[5289,2151],[-5,3],[-2,3],[-3,-1],[-5,3],[-4,0],[-1,6]],[[5269,2165],[-2,1],[-4,-8]],[[5263,2158],[-2,-15],[1,-14]],[[5262,2129],[-1,-5],[-3,-5]],[[5258,2119],[-11,1],[-7,-2],[-2,1]],[[4943,3539],[-5,0],[-7,-1]],[[4891,3482],[-3,-1],[0,-4]],[[4895,3468],[-9,-7],[0,-2],[9,-7],[5,-2]],[[4876,3356],[2,-15],[-3,-5]],[[4846,3288],[0,-9],[-2,0],[-1,3]],[[4843,3282],[-5,-3]],[[4838,3279],[-2,2],[1,7]],[[4837,3288],[-4,-2],[-2,2],[3,4]],[[4834,3292],[-4,1],[1,9],[-3,0],[-2,-3],[-1,2],[-3,-1],[-6,5],[-3,-6],[-3,0],[-1,3],[2,2],[0,5],[-2,4],[-6,-3]],[[4803,3310],[-6,0],[-2,-5]],[[4795,3305],[-3,3],[-3,-6],[-2,-1],[1,2],[-3,1],[0,4],[-4,6],[5,-2],[1,3],[2,-2],[3,6],[-1,5],[-3,0],[1,6],[-2,-3],[-6,5],[-2,-1],[-1,5],[-3,0],[4,5],[-7,2],[-1,2],[2,1],[-1,7],[-2,0],[-2,2],[0,-4],[-3,2],[2,9],[-3,-2],[0,3],[-5,1],[2,2],[-2,8],[-6,-3],[-2,2],[-2,-3],[2,-3],[-3,-2],[-3,2],[1,3],[-3,2],[-3,6],[0,3],[5,-3],[0,2],[4,4],[-4,1],[2,7],[4,5],[-1,2],[-11,3],[-1,-9],[-3,-3],[0,2],[-3,-1],[-2,3],[-3,-2],[0,3],[-4,-1],[0,4],[-2,0],[1,5],[-2,4],[1,5],[-2,6],[-3,3],[-2,-1],[-3,3],[-4,-2],[0,-4],[-8,-2],[2,-3],[-4,0],[-1,6],[1,7],[1,-2],[2,1],[0,6],[3,-3],[-1,-2],[4,1],[2,6],[-2,8],[-3,2],[-4,-2],[0,3],[-3,2],[1,2],[-3,0],[2,3],[-3,0],[0,3],[2,-1],[0,3],[-5,4],[0,-2],[-3,1],[4,3],[-8,0],[-1,3],[-6,4],[-1,-2],[-2,3],[0,-2],[-6,5],[-1,-1],[-5,3],[0,-2],[-3,1],[0,-2],[-2,2],[-2,0],[0,1],[-2,0],[0,4],[-5,-1],[-1,3],[-5,0],[-1,-2],[-9,4],[-10,-5],[-2,-5],[-2,1],[0,-2],[-5,-3],[-1,-4],[-2,5],[-3,2],[-1,-3],[0,2],[-3,0],[-2,3],[-5,0],[-2,2],[-3,-3],[-2,6],[-3,-2],[1,-3],[-3,0],[0,-4],[-3,0],[-2,-3],[-1,7],[-4,3],[-4,-1],[-1,3],[0,-3],[-5,-4],[0,-5],[-5,0],[-9,6],[-1,-1],[0,3],[-4,5],[-3,0],[-2,3],[-5,1],[-2,1],[0,3],[-2,-1],[-1,2],[-8,-8],[2,-1],[0,-6],[3,-2],[-1,-2],[2,-1],[0,-2]],[[4527,3466],[-8,-3]],[[4519,3463],[-2,6],[-4,4],[1,1],[-3,0],[-3,4],[0,1],[1,2],[0,2],[-3,0],[-1,5],[-4,-1],[0,-1],[-5,1],[3,2],[-2,3],[0,1],[-3,1],[1,8],[-3,2],[-2,-1],[-3,1],[0,6],[-3,-1],[1,3],[-5,-1],[-3,-2],[-2,2],[-4,-3],[-4,1],[1,3],[-3,1],[1,2],[-4,1],[-3,-1],[-3,3],[-3,-2],[-5,7],[-2,0],[1,-2],[-2,1],[-2,3],[2,0],[0,2],[-1,0],[0,2],[-2,-2],[-4,0],[0,6],[-4,2],[3,2],[1,5],[-5,1],[1,5]],[[4434,3548],[-5,6],[1,2],[8,3]],[[4438,3559],[-1,4]],[[4437,3563],[1,4],[-3,-1]],[[4435,3566],[-1,3]],[[4434,3569],[-4,4],[-9,-8]],[[4421,3565],[0,-4]],[[4421,3561],[-4,0],[-7,6]],[[4410,3567],[-5,3],[-5,8],[-4,1],[-1,7]],[[4395,3586],[-4,3],[2,11]],[[4393,3600],[7,11],[-2,7],[2,2],[-3,3],[3,6],[1,5],[-2,6],[5,6],[-1,8],[-5,3],[1,4],[7,-1],[3,4],[0,3],[5,1],[-1,4],[-4,5],[2,4],[4,-1],[1,2],[-1,3],[2,1],[-2,6],[7,6],[-2,4],[1,2],[-3,4],[-1,6],[-13,10],[-4,-2],[-3,1],[-1,2],[-3,0],[-3,6],[5,-2],[3,2],[-1,6],[5,5],[2,9],[13,3],[9,-4]],[[4426,3750],[6,6],[2,8],[3,2],[9,1],[5,-5],[2,-3]],[[4453,3759],[6,-1],[9,4]],[[4468,3762],[2,-2],[1,6],[4,0]],[[4475,3766],[3,4],[12,-11]],[[4490,3759],[6,3],[1,-3],[4,0],[3,4],[1,3],[4,1],[0,2],[4,1],[0,2],[8,1],[4,6],[3,1],[3,4],[3,1],[2,8],[7,1],[0,2],[2,0],[1,8],[2,1],[1,3],[3,-1],[4,4],[-2,5]],[[4554,3816],[5,2],[-1,3],[1,8]],[[4559,3829],[1,2],[-1,4],[3,4],[3,2],[0,-3],[4,3],[2,2],[-3,2],[4,3],[0,2],[-2,0],[2,3],[-1,2],[6,3],[-2,3],[1,5],[3,1],[-1,3],[1,2],[-2,1],[0,3],[3,2]],[[4580,3878],[-3,3],[3,1],[1,-3]],[[4581,3879],[3,1],[-2,5],[3,2],[-3,3],[2,0],[0,2],[6,-2],[6,5],[-1,5],[3,2],[-7,2]],[[4591,3904],[0,2],[7,4]],[[4598,3910],[-1,4],[-2,0],[-1,2],[5,1],[-3,1],[4,3],[-2,3],[3,3],[2,-1],[-2,6],[2,2],[-2,1],[3,0],[3,2],[-4,2],[-1,3],[6,2],[0,3],[3,1],[-2,2]],[[4609,3950],[4,1],[-1,3]],[[4612,3954],[-5,-1],[-3,1],[0,3],[2,2],[0,2],[2,1],[-5,3],[1,5],[-2,-1],[-4,2],[0,2],[3,1],[0,2],[-3,0],[0,3],[-4,-3],[-2,2],[7,5],[-1,2],[1,2],[-3,2],[0,3],[6,-2],[2,5],[0,2],[-8,1],[-1,2],[4,2],[-1,3],[2,3],[-2,2],[4,-1],[0,4],[6,1],[2,2],[-6,8],[4,0],[3,6],[-3,9],[4,1],[3,3],[-4,2],[0,5],[-3,2],[4,11],[-4,-2],[-3,2],[2,3],[3,-2],[3,1],[-3,3],[-1,5],[6,-2],[7,2],[0,2]],[[4622,4075],[-6,3],[3,7]],[[4619,4085],[6,-1],[-2,5]],[[4623,4089],[-5,2]],[[4618,4091],[4,3],[2,-1],[5,2],[-3,3],[0,2],[6,0],[-1,3],[-6,1],[7,3],[-4,5],[2,2],[0,3],[5,1],[-6,5],[13,1],[-2,6]],[[4640,4130],[5,0],[-5,6],[1,3],[9,-12]],[[5052,4116],[0,5],[1,-2]],[[5053,4119],[3,0],[3,-3]],[[5068,4118],[-3,-6],[2,-2],[1,2]],[[5075,4105],[0,-3],[1,-3],[7,2],[0,4]],[[5095,4108],[1,2],[-2,3]],[[5248,4239],[-3,1],[-4,6],[-1,5],[2,2]],[[5257,4259],[0,9],[2,4],[0,7],[1,7],[4,0],[9,-6],[5,-6],[0,-2]],[[5277,4270],[0,-3],[5,-10]],[[5285,4230],[13,-19],[-11,-15]],[[5349,4086],[4,-8],[0,-13]],[[5353,4065],[15,-21],[15,-5]],[[5391,4022],[13,-4],[1,-5],[4,0],[2,-3],[-4,-12]],[[5407,3998],[4,-11],[-7,-5],[-5,-5],[-2,-8],[-5,-4],[6,-10],[-5,-5],[0,-2],[5,-8],[4,-11],[2,-14],[4,-3],[1,-3],[-4,-3],[-6,-2],[-7,1],[-5,-4],[-4,2],[-1,-2],[-4,0],[-4,-5],[-3,0],[2,-2],[-3,0],[1,-3],[-2,0],[-4,-6],[-2,0],[0,-2],[-4,0],[1,-2],[-3,-3],[1,-3],[-2,0],[0,-6],[-7,0],[-1,-3],[-7,-6],[-2,1],[-1,2],[0,-5],[-2,-4],[-7,3],[-3,-1],[-1,-3],[1,-1],[-3,-2],[-8,-1],[-3,2],[2,-3],[-1,-3],[2,-7],[-4,-6],[-1,-4],[4,-4],[-1,-10],[-4,-2],[1,-2],[-6,-7],[-3,3],[-2,-1],[-1,2],[-3,-3],[2,-1],[1,-5],[6,-5],[-1,-6],[1,-8],[3,-1],[3,4],[1,-3],[1,-5],[3,-2],[0,-2],[3,-3],[-4,-1],[-1,2],[-2,-4],[-2,3],[-2,-4]],[[5307,3763],[-3,0],[0,-6],[4,0]],[[5308,3757],[-2,-4]],[[5306,3753],[3,0],[2,-2]],[[5311,3751],[2,2],[3,1],[-1,-3]],[[5315,3751],[4,-1],[-2,-1],[2,-2],[-2,-2],[2,0],[0,-3],[1,0],[1,-2],[-1,-3],[3,-2]],[[5323,3735],[-3,-1],[2,-3]],[[5322,3731],[-3,0]],[[5319,3731],[-1,-9],[1,-12],[3,-3]],[[5322,3707],[2,0],[-1,-3],[1,-3],[-5,-6],[4,-2],[-9,0],[-1,-2],[1,-4],[-1,-4],[3,-1],[0,-4],[2,-2],[-4,0],[2,-3],[-1,-2],[-2,0],[-1,-1],[2,-5],[-2,-2]],[[5312,3663],[1,-5],[-4,-3]],[[5309,3655],[0,-5],[-10,0]],[[5299,3650],[1,-6],[-3,-2],[-1,-5],[-2,2],[0,-3],[-3,-1],[-1,-3],[-7,-1],[-3,-4],[2,2]],[[5282,3629],[0,-5],[2,2]],[[5284,3626],[0,-2],[4,-4],[-1,-1],[2,-2]],[[5289,3617],[-1,-2]],[[5288,3615],[-4,2],[-5,-2],[-2,-7],[-2,-2],[-5,0],[-10,-7]],[[5260,3599],[-2,3],[-5,-4]],[[5253,3598],[-4,-7],[-5,-1],[1,-10],[-6,-3],[-4,-10],[-9,1],[-3,2],[-2,3],[-3,-2],[-1,-3],[-4,-4],[-7,2],[-1,-1],[-1,1],[-2,0],[-1,-4],[-4,-5],[1,-3],[-3,-4],[-2,0],[-2,-3],[2,-4],[-1,-2],[-2,-1],[-4,1],[-3,-3],[-4,-27],[-5,-1],[-1,-4],[-7,-2],[3,-1]],[[5169,3503],[0,-3],[-2,-6],[-2,-2]],[[5165,3492],[-1,-7],[3,-1]],[[5167,3484],[0,-3],[-3,-12],[-11,-6]],[[5135,3442],[-6,-4],[-14,10]],[[5094,3451],[-3,0],[-5,4],[-1,3]],[[5073,3465],[-7,6],[1,4],[-1,4]],[[4956,3534],[0,2],[-2,1],[-8,-5],[-5,-1],[-1,2]],[[6662,998],[-5,5],[-8,2],[-6,6],[-7,4],[-2,3]],[[6634,1018],[-11,3],[-3,6],[1,9],[4,0],[7,3],[11,9]],[[6643,1048],[17,4],[4,4],[3,7],[-4,7],[2,7],[-1,3],[-6,5],[0,3],[4,3],[3,0],[2,5],[2,-1],[6,9],[-2,5],[0,7],[-2,1],[-5,8],[-5,5],[-1,6],[-4,4],[0,9],[-8,12],[-2,10],[-8,2],[-10,-7],[-4,-1],[-1,4],[-6,-5],[-9,6],[-2,5],[3,3],[-1,6],[3,2],[3,-1],[6,2],[1,8],[-2,6],[-2,3],[1,4],[-2,3],[-2,2],[-11,3],[-1,7],[-6,8],[3,9],[4,1],[4,5],[0,5],[1,2],[6,6],[4,-1],[0,10],[5,4],[3,-2],[2,4],[-5,6],[-2,10],[2,6],[-15,8],[-2,6],[3,5],[-4,15],[-3,4],[-3,9],[-2,1],[-1,-2],[-2,3],[2,4],[-3,0],[2,6],[-2,4],[2,0],[-1,2],[-1,0],[-1,4],[2,2],[4,-1],[2,3],[0,2],[2,4],[-2,2],[0,3],[-3,-2],[-5,3],[-1,-1],[-4,8],[-4,3],[0,6],[1,2],[-3,6],[3,4],[-4,6],[1,1],[2,9],[7,11],[-1,3],[2,2],[-4,8],[-4,-1],[-5,4],[4,5],[0,3],[-5,11],[2,1],[-1,17],[2,5],[4,1],[0,4],[4,4],[0,5]],[[6588,1508],[15,17],[9,-6]],[[6615,1513],[4,0],[-2,1],[-1,6],[-2,2],[0,2],[-2,5]],[[6701,1613],[6,3],[2,3],[6,0]],[[6733,1618],[4,5],[4,-2]],[[6799,1595],[10,-5],[2,6]],[[6909,1702],[2,11],[3,2],[3,0]],[[6917,1709],[1,-2],[3,8],[2,0],[4,-3]],[[6955,1709],[3,-2],[-1,8]],[[6960,1720],[-3,11]],[[7113,1713],[1,-7],[3,1]],[[7133,1714],[3,3]],[[7136,1717],[3,-2],[4,2]],[[7143,1717],[5,6],[3,-3],[3,-8]],[[7154,1712],[-2,-4],[-4,-1],[0,-5],[-4,-8],[-1,-8],[-3,-1],[-3,3],[-3,0],[0,-12],[3,-3],[1,-8],[2,-1],[1,-3],[3,-3],[-2,-11],[-5,-6],[1,-5],[4,-3],[-5,-9],[-2,-8],[-3,0],[-2,2],[-4,-3],[-3,-1],[-2,-3],[-4,-1],[0,-6],[3,-3],[2,-9],[-4,-2],[-3,-4],[-6,-15],[-8,-1],[-2,5],[-4,-1],[-3,-7],[-5,-2],[-6,-8],[-1,-2],[1,-7],[-5,-13],[-4,-1],[-2,-10],[-3,1],[-7,-3],[-5,4],[-3,-1],[-1,-4],[-2,-3],[-7,-4],[-1,-4],[3,-5],[-7,-4],[1,-6],[-2,-4],[3,-4],[0,-3],[-4,-4],[0,-4],[-2,-2],[0,-5],[-3,-1]],[[7030,1468],[2,-7],[5,2]],[[7037,1463],[2,-1],[-1,-7],[1,-6],[2,-1],[5,-1],[-1,7],[1,3],[3,-1],[2,-4],[4,3],[1,-3],[4,-2],[4,0],[2,-2],[2,-6],[0,-7],[-3,-2],[2,-4],[-1,-6],[2,-7],[3,-3],[-1,-1],[0,-3],[-3,-3],[0,-4],[-3,-4],[-9,3],[-2,3],[-8,1],[-1,5],[-2,-1],[-1,-3],[1,-2],[-2,-6],[0,-9],[-4,-5],[0,-4],[-4,0],[-1,-5],[-5,-4],[1,-4],[-5,-8],[2,-4],[2,0],[0,-5],[3,-2],[1,-4],[5,-2],[4,-6],[1,-8],[-7,-8],[1,-3],[2,-1],[0,-5],[1,-3],[-5,0],[-1,-4],[1,-5],[3,-5],[5,2],[2,-4],[0,-1],[3,0],[-1,-6],[1,-3],[7,1],[7,-4],[-5,-7],[-2,0],[-2,-11],[-13,-14],[-2,-7],[-4,-1],[0,-3],[-7,-3],[-3,-4],[7,-4],[2,-3],[-3,-3],[4,-5],[8,1],[5,-10],[-3,-14],[0,-3],[3,-4],[5,-2],[2,-3],[3,2],[1,4],[3,1],[1,6],[4,0],[4,5],[3,-1],[-2,-3],[0,-10],[-3,0],[-1,-2],[2,-5],[-2,-3],[4,-6],[-4,-3],[-1,-6],[-5,0],[-1,-5],[-3,-1],[0,-5],[4,2],[11,-1],[5,-4],[12,7],[4,-2],[4,-6],[-3,-4],[-3,2],[-3,-4],[0,-9],[6,-5],[2,-5],[-2,-4],[-5,2],[2,-14],[-6,-2],[-1,4],[-5,2]],[[7076,1106],[-4,-3],[2,-4]],[[7074,1099],[3,-1],[5,-4],[0,-4]],[[7082,1090],[2,-1],[-1,-4],[1,-4],[-2,-3],[3,-10]],[[7085,1068],[1,-1],[4,2],[6,0]],[[7096,1069],[4,-4],[4,2],[8,-1]],[[7112,1066],[1,10],[2,2]],[[7115,1078],[7,-5]],[[7122,1073],[2,4],[6,5],[0,9],[8,10],[2,9],[2,-1],[7,1],[6,8]],[[7155,1118],[7,-4],[-1,-4]],[[7161,1110],[2,-3],[-2,-6]],[[7161,1101],[2,-10],[2,-2],[-1,7],[2,1],[4,5],[3,13],[5,6],[3,10],[4,-4],[5,-2],[11,0],[4,3],[5,-3],[9,2],[5,6],[2,7],[4,3],[2,9],[4,0],[1,3],[3,2],[15,17],[1,3],[3,2],[1,3],[-2,4],[1,4],[3,1],[5,-1],[0,5],[2,3],[9,1],[5,5],[1,3],[3,5],[7,5],[2,3],[-2,3],[2,2],[-4,7]],[[7292,1232],[7,1]],[[7299,1233],[3,-7]],[[7302,1226],[-5,-1],[0,-9],[-9,-6],[-1,-4],[-1,-1],[0,-5],[-3,-1],[1,-6],[-4,-5],[5,-3],[2,-4],[5,-3],[1,-2],[-5,-1],[-15,-7],[0,-7],[3,-3],[-7,-9],[-7,-6],[-1,-4],[0,-7],[1,-3],[-2,-2],[1,-3],[-1,-4],[4,-9],[-13,-14]],[[7251,1097],[1,-7],[4,-5],[3,1],[3,5]],[[7262,1091],[6,1],[3,-4],[-2,-5],[3,-6],[-1,-5]],[[7271,1072],[-26,-14],[-8,-3],[-2,-4],[-8,-6],[-5,1],[-4,-1],[-14,-13],[-5,-10],[-6,-2],[-7,6],[-3,0],[-15,-12],[-2,-1],[-3,2],[-8,-5],[0,-9],[6,-9],[0,-6],[-18,-18],[-12,-9],[-8,-4],[0,9],[-3,2],[-10,-5],[-15,6],[-9,-3],[-2,-4],[-3,-1],[-5,-18],[-8,-5],[-7,10],[-2,11],[-4,3],[1,9],[-4,4],[1,1],[0,2],[9,8],[9,11],[-1,3],[1,5],[5,6],[-3,5],[2,5],[-2,2],[2,2],[0,5],[-6,0],[-8,-5],[-2,3],[-6,-2],[-9,5],[0,1],[1,2],[-1,4],[-5,1],[-8,-8],[-10,-3],[-2,-4],[-5,0],[-4,-3],[-3,2],[0,4],[3,4],[0,3],[-5,-4],[-12,-5],[-9,10],[-5,1],[0,6],[2,5],[-1,2],[-9,7],[-9,-6],[-6,5],[-3,-2],[-3,-3],[-7,0],[-2,2],[-3,-4],[-11,-3],[-3,-5],[-4,0],[-7,5],[-6,0],[1,10],[-4,2],[-4,-1],[-5,-5],[-6,2],[-2,-1],[-2,2],[-1,6],[-2,-1],[-3,2],[-2,-2],[0,-4],[-13,-3],[-3,-12],[-13,-11],[-9,-6],[-5,-6],[-5,-2],[-6,-8],[-5,0],[-3,-6],[-7,0],[-6,-5],[-8,-3],[-3,-2],[-1,-4],[-5,0],[-4,-4],[-5,-3],[-11,4],[-7,-5],[-10,-1],[-2,1],[-6,-2],[-3,3],[2,4],[-2,8],[-5,4],[-5,-2],[-2,-3],[0,-5],[-4,-6],[-9,-3],[-6,-4],[-6,0],[-1,-2],[-9,-4],[-1,-4],[-3,-1],[-2,1],[-2,12],[-5,-1],[-6,9],[-3,-1],[0,9],[1,7],[-2,6],[-2,-3],[-3,-1]],[[4548,84],[-5,8]],[[4543,92],[5,31],[-4,8]],[[4544,131],[3,6],[-4,4],[4,6]],[[4547,147],[-11,7],[2,7],[-4,3],[4,5],[2,7],[-1,9],[-3,11],[5,6],[11,4],[5,0],[1,2],[-3,8],[13,5],[4,9],[8,3],[-2,6],[-9,12],[-11,4],[-4,9],[-8,3],[2,6],[9,10],[-3,4],[2,9],[7,3],[2,7],[2,2],[0,5],[3,4],[-1,4],[-5,1],[1,7],[-2,4],[-8,8],[-3,8],[-5,3],[-5,0],[3,11],[-3,5],[1,2],[7,-1],[0,7],[2,4],[-1,3],[2,3],[-4,2],[-1,7],[-2,3],[0,7],[4,7],[5,5],[-1,4],[2,13],[6,2],[-14,10]],[[4548,446],[0,10],[4,11]],[[4552,467],[3,3],[0,6],[3,8],[2,3],[5,0],[5,5],[0,7],[4,5],[4,14],[10,-2]],[[4588,516],[9,3],[4,2],[2,8]],[[4603,529],[1,1],[5,-2],[2,-4]],[[4611,524],[-1,-2],[3,-3],[-6,-12]],[[4607,507],[4,-6],[2,-14]],[[4613,487],[1,-1]],[[4614,486],[4,4]],[[4618,490],[2,-1],[3,2],[0,-2],[2,-1],[5,3],[0,-1],[4,7],[6,0],[0,2],[9,-6],[3,-8],[6,-3]],[[4658,482],[6,-6],[4,0],[4,3]],[[4672,479],[2,8],[4,5],[9,5],[7,-4],[6,5],[7,22],[5,5],[9,-4],[4,-11],[18,-12],[8,0],[5,-3],[8,-7],[3,-6],[3,0],[3,4],[4,1],[-1,7],[5,3],[-2,14],[3,6],[4,2],[0,7],[1,2],[7,2],[-2,5],[2,10],[-4,12],[0,12],[-2,10],[1,9],[-3,18],[6,13],[1,8],[3,3],[-1,7],[2,2],[-1,6],[5,18],[0,9],[2,2],[-4,5],[3,7],[4,-1],[4,6],[0,3],[3,1],[-2,6],[3,1],[0,2],[-3,3],[1,1],[-2,1],[-1,6],[2,1],[-2,2],[3,1],[1,6],[-3,3],[-1,4],[2,6],[2,1],[0,3],[2,0],[-1,3],[1,-2],[1,2],[4,1],[-1,-2],[3,-1],[-2,-1],[3,-1],[-2,-2],[3,-2],[-3,-3],[2,1],[6,-6],[3,1],[0,-2],[2,1],[1,4],[4,0],[-1,3],[7,-3],[0,-1],[-1,-1],[1,-4],[2,2],[3,-5],[0,2],[2,3],[2,-4],[1,3],[1,-1],[1,1],[2,-5],[4,1],[0,-2],[1,0],[1,-2],[1,0],[0,-2],[2,0],[4,-5],[-1,-2],[4,-1],[-2,-2],[2,-2],[-1,-3],[2,-1],[1,-5],[2,3],[2,-4],[3,0],[0,-4],[5,-1],[-2,12],[6,13],[-1,5],[11,5],[7,10],[2,9],[-1,15],[-6,4],[1,14],[5,3],[1,5],[9,11],[10,7],[4,6],[4,2],[3,4],[7,4],[0,7],[-2,3],[2,4],[-1,6],[3,7],[-3,11],[8,10],[5,3],[2,4],[5,5],[0,4],[-3,3],[-2,2],[-3,-1]],[[4960,888],[-3,8],[-3,3],[1,2],[13,3],[0,1],[3,-1]],[[4971,904],[4,4],[14,2],[3,2],[2,6],[3,0],[8,6],[8,-2],[5,2],[5,-2],[7,0],[11,15],[12,0],[9,2],[5,0],[2,4],[10,5],[-6,10],[-4,3]],[[5069,961],[2,6],[2,-3]],[[5073,964],[5,1],[0,-6],[5,-1],[3,-8],[5,-3],[6,0],[1,-7],[2,3],[6,-2]],[[5106,941],[6,3],[1,-3]],[[5113,941],[-7,-10],[-2,-6],[-4,-4],[-3,1],[-6,-1],[-7,-5],[-16,-17],[9,-8],[-4,-2],[0,-10],[-22,-10],[0,-7],[10,-12],[0,-9],[4,-4],[-2,-3],[-5,-4],[3,-7],[0,-5],[-2,-5],[1,-4],[4,0],[4,-4],[8,1],[2,-2],[-2,-7],[0,-12],[-4,-4],[0,-19],[-3,-7],[-1,-3],[9,-6],[8,-2],[2,8],[3,5],[9,-3],[4,7],[12,5],[-1,-9],[-7,-12],[1,-12],[5,-5],[-1,-11],[3,-2],[9,5],[6,-7],[8,5],[7,-5],[8,-10],[2,4],[11,6],[9,-2],[2,3],[0,4],[2,4],[0,2],[-2,2],[0,5],[8,6],[1,-5],[6,1],[7,12],[5,2]],[[5204,747],[3,6],[10,-6]],[[5217,747],[2,-5],[2,-2],[5,1],[4,-1],[2,-4],[11,-1],[4,-5],[3,-10],[4,-4],[2,-5],[8,-1],[-1,-6]],[[5263,704],[3,-4],[-4,-4]],[[5262,696],[-7,3],[-5,-1],[-3,-2],[-4,4],[-7,0],[-3,4]],[[5233,704],[-4,1],[-4,3]],[[5225,708],[-1,-9],[-3,-6],[-9,-10],[-2,-7],[2,-7],[8,-9],[0,-2],[-8,-8],[-6,-1],[-2,-13],[2,0],[2,-3],[6,-1],[2,-11],[4,-9],[4,-2],[10,9],[11,0],[7,-5],[1,-3],[-2,-9],[5,-16],[-3,-5],[1,-4],[4,-2],[1,-11],[3,-2],[5,1],[3,-1],[2,13],[4,2],[5,-9],[-4,-5],[-2,-6],[4,-2],[2,-11],[2,-1],[1,1],[1,-2],[3,0],[2,-2],[16,5],[6,-7],[3,-5],[-2,0],[-1,-6],[0,-18],[-1,-11]],[[5311,498],[-8,-4],[-4,0],[-5,-4],[-6,0],[-6,-5],[-4,0],[-4,-6],[-5,-1],[-2,-5],[-7,-6],[-6,-14],[0,-4],[2,-6],[-11,-10],[0,-3],[-1,-1],[-11,-3],[-3,-4],[-9,-1],[-8,-7],[-9,-1],[-7,-7],[-9,-7],[-3,0],[-10,-6],[-5,-1],[0,-4],[3,-5],[-3,-8],[0,-5],[-3,-4],[2,-3],[-4,-4],[-4,-1],[-3,-5],[-18,3],[-6,-3],[-15,2],[-14,-4],[-2,-6],[-12,-4],[-11,-14],[-3,-1],[-5,2],[-4,-4],[-6,-1],[-4,-8],[-7,-1],[-4,-4],[-7,0],[-4,2],[2,9],[-3,3],[3,9],[-4,6],[0,7],[-12,1],[-8,3],[-2,8],[-7,3],[-2,5],[-4,-2],[-5,7],[-15,13],[-6,-2],[2,0],[4,-10],[-2,-3],[-1,-8],[-5,-8],[-2,-9],[-3,-6],[-9,5],[-8,-8],[0,-3],[-6,-4],[-2,-4],[-7,-7],[-7,1],[-5,-4],[-2,-3],[-4,2],[-8,-4],[-5,1],[-6,-4],[-4,1],[-3,-1],[-2,3],[-7,3],[2,8],[4,5],[4,-1],[12,16],[4,1],[-8,16],[-8,4],[-2,3],[-1,5],[-3,-4],[-8,-6],[0,-1],[3,-4],[-4,-5],[-10,1],[-4,-2],[-11,-20],[-6,-2],[-6,-5],[-15,-5],[-10,0],[-6,-4],[-6,5],[-1,5],[-7,8],[6,6],[1,2],[-2,3],[9,16],[-2,3],[3,6],[0,5],[5,3],[-4,13],[3,7],[0,3],[-13,2],[-4,3],[-15,-15],[-5,1],[-4,5],[-11,4],[1,-5],[-3,-4],[-6,-2],[-2,-5],[2,-3],[-7,-4],[0,-7],[-2,-5],[1,-2],[5,-2],[2,-10],[7,1],[3,-2],[8,-21],[8,-3],[2,-3],[-1,-6],[4,-2],[-9,-4],[-4,-5],[-7,-3],[-10,2],[-4,4],[-10,-3],[-4,-6],[0,-2],[-3,-6],[-4,1],[-5,-7],[-8,-2],[-8,-6],[-8,-11],[-5,0],[-16,-6],[-6,-15],[0,-5],[-2,-8],[4,-8],[9,-8],[9,-3],[12,9],[6,-1],[5,6],[6,2],[4,4],[9,0],[2,-1],[12,1],[4,-2],[-2,-3],[3,-3],[1,-4],[2,-2],[0,-5],[6,-11],[0,-8],[3,-2],[0,-6],[2,-13],[-3,-2],[-2,-6],[-5,1],[-2,-6],[-4,-1],[-1,-15],[2,-3],[2,1],[4,-3],[1,-6],[6,-1],[1,-2],[-1,-5],[-3,-2],[-5,0],[-5,8],[-12,2],[-1,15],[-5,3],[-6,-1],[-3,-9],[-7,-2],[-4,-4],[4,-41],[-3,-6],[-9,-4],[-2,-5],[-9,-4],[0,4],[-7,8],[-3,16],[-6,5],[-5,-5],[-1,2],[-6,3],[-2,-4],[-3,-2],[-9,3],[-8,-6],[-2,-7],[0,-4],[-6,-5],[-1,-4],[1,-4],[-6,-12],[-6,-1],[-1,-2],[-7,-5],[-8,0],[1,4],[-2,13],[-1,3],[-3,2],[2,5],[-2,4],[2,4],[-2,4],[0,3],[-3,0],[-3,4],[-3,-1],[-2,3],[-2,6],[3,6],[1,5],[-7,4],[-10,-11],[-1,-8],[-13,-16],[-11,1],[-1,-4],[-4,-1]],[[8366,6213],[-7,14],[-5,3],[-7,0],[-3,4],[-3,8],[-10,3],[-4,8],[-6,3],[-1,3],[3,12],[-6,8],[-2,7],[-3,6],[-4,-2],[-3,4],[-1,13],[1,6],[-4,11],[-10,5],[2,7],[4,6],[-3,9],[2,9],[2,3],[2,6],[9,2],[3,4],[2,7],[4,5],[-1,8],[5,11],[-4,0],[-9,11],[-1,3],[3,6],[0,3],[-6,6],[-5,7],[4,11],[1,6],[-2,5],[-8,0],[2,4],[-1,8],[3,5],[-1,5],[-7,8],[-12,20],[-6,6],[-5,13],[-7,2],[-11,2],[-6,6],[-4,8]],[[8240,6551],[3,10],[0,16],[5,9]],[[8248,6586],[6,3],[1,4],[6,5],[0,4],[2,2],[0,3],[4,6]],[[8267,6613],[1,5],[6,6]],[[8274,6624],[1,5],[1,16]],[[8276,6645],[-13,16],[-11,3],[-13,-5]],[[8239,6659],[-11,11],[-11,4],[-13,2]],[[8204,6676],[-4,3],[0,7],[2,4]],[[8202,6690],[7,1],[4,4],[3,8],[-1,7],[-9,12]],[[8206,6722],[3,16],[0,5],[-6,7],[3,13],[4,10]],[[8210,6773],[4,4],[2,1]],[[8216,6778],[8,0],[11,-15]],[[8235,6763],[3,-13],[3,-1],[8,1]],[[8249,6750],[5,19]],[[8254,6769],[11,18],[5,2],[14,-5],[8,4],[4,4],[3,10],[6,5],[1,10],[-1,4],[1,2],[11,3],[7,0],[9,14],[12,9],[15,-1],[6,-9],[9,-9],[4,5],[9,6],[4,11],[13,4],[3,10],[6,6],[3,7]],[[8417,6879],[4,1],[3,4]],[[8424,6884],[4,2],[6,9],[7,5],[4,9]],[[8445,6909],[10,5],[5,1]],[[8460,6915],[13,-5],[8,-1],[4,-5],[2,-8],[9,-12],[4,-10],[5,-1]],[[8505,6873],[13,15],[7,5],[5,3],[6,1]],[[8536,6897],[5,5],[4,-1],[16,-10]],[[8561,6891],[5,-7],[1,-4],[4,-3],[-1,-10],[5,-12],[0,-6],[3,-16],[0,-16],[6,-8],[0,-10],[-4,-14],[0,-5],[2,-4],[8,1],[6,-2],[2,3],[7,1],[11,-3],[4,2],[5,-6],[9,-15],[10,-6],[3,1],[5,8],[11,0],[3,-5],[2,0],[5,5],[7,4],[1,-16]],[[8681,6748],[3,-2],[4,0],[1,-4],[1,-10]],[[8690,6732],[-4,-3],[2,-5],[-3,-7],[2,-10],[0,-11],[-5,-4],[-4,-10],[-2,0],[1,-4],[-5,-4],[1,-5],[5,3],[3,0],[3,-3],[6,-1],[1,-2],[-5,-4],[-4,-11],[-4,0],[-3,-4],[0,-2],[4,-5],[-2,-5],[1,-5],[-2,-2],[-6,2],[1,-7],[6,-8],[-1,-4],[-4,-5],[-1,-5],[3,-1],[2,-7],[2,-5],[-2,-5],[5,0],[1,-3],[-3,-3],[-5,-1],[1,-6],[-2,-3],[3,-5],[2,0],[1,-15],[7,-2],[0,-5],[5,-5],[-4,-5],[3,-9],[-2,-4],[4,-7],[3,-10],[-2,-5],[1,-5],[-4,-19],[0,-2],[3,-2],[0,-3],[-4,-7],[-6,-3],[-2,-6],[-8,-6],[1,-7],[-7,-6],[0,-9],[-4,-4],[1,-4],[-3,-4],[-1,-6],[1,-4],[4,-5],[0,-9],[1,-8],[-1,-4],[2,-5],[-2,-4],[-9,-4],[2,-4],[-2,-9],[7,-8],[-1,-1],[-7,5],[-9,2],[-6,-9],[-3,2],[-5,-1],[-5,12],[-4,1],[-4,-3],[-3,4],[-7,4],[-6,-4],[-4,6],[-6,1],[-7,-3],[-3,5],[-2,0],[0,-7],[-6,-9],[-6,-3],[-6,2],[-3,-1],[-3,-13],[6,-4],[0,-4],[-4,-2],[-1,-6],[-1,-2],[-7,2],[-4,-7],[3,-4],[-2,-7],[3,-5],[-2,-5],[0,-4],[6,-2],[-5,-6],[-5,1],[-5,9],[-9,6],[-5,-2],[-3,-5],[4,-12],[-2,-5],[0,-6],[-6,-3],[-6,0],[-3,-9],[-5,-5],[-8,9],[-4,-1],[-2,3],[-4,2],[-14,-5],[-1,-4],[2,-7],[-8,-4],[-4,-5],[0,-13],[-2,-6],[-15,-18],[2,-9],[-2,-7],[-4,-2],[-3,2],[-15,3],[-9,-5],[-9,-2],[1,-3],[6,-5],[-10,-20],[-1,-6],[-4,-10],[0,-6],[-13,4],[-7,4]],[[8376,6130],[-6,0],[5,17]],[[8375,6147],[7,8]],[[8382,6155],[8,16],[0,8]],[[8390,6179],[-4,7],[6,8]],[[8392,6194],[-4,8],[-10,5],[-2,2]],[[8376,6209],[-1,4],[-9,0]],[[8563,7912],[-4,-9],[-4,0],[-3,-6],[-5,-2],[5,-8],[-1,-7],[1,-12],[-1,-8],[-11,-6],[-4,3],[-9,0],[-7,-12],[-4,1],[-3,7],[-18,-12],[-2,0],[-3,6],[-4,1],[-1,6],[4,4],[1,5],[5,4],[1,4],[-6,19]],[[8490,7890],[-4,3],[-2,0]],[[8484,7893],[-6,-9],[-9,0],[-8,-7],[-10,-4],[-4,-4]],[[8447,7869],[-2,5],[-3,2],[-6,1]],[[8436,7877],[-6,-3],[-5,0],[-7,-10],[-9,1],[-9,-4],[-4,-3],[-8,-13]],[[8388,7845],[-19,-7],[-3,5]],[[8366,7843],[-6,-1],[-5,2],[-7,-5],[-3,1],[-2,5],[-7,3],[1,7],[-3,5],[1,3],[12,6],[-1,5],[-3,5],[2,7]],[[8345,7886],[-2,14],[5,5]],[[8348,7905],[-2,8],[5,10]],[[8351,7923],[13,5],[6,4]],[[8370,7932],[7,8],[9,4],[1,3],[-1,4],[1,6],[6,5]],[[8393,7962],[3,9],[11,5],[1,2]],[[8408,7978],[0,4]],[[8408,7982],[4,3],[-4,14],[1,4],[5,6]],[[8414,8009],[5,2],[7,9],[1,5],[0,7]],[[8427,8032],[-4,9],[-4,5]],[[8419,8046],[-7,4],[-6,8]],[[8406,8058],[-11,21],[0,3],[8,16]],[[8403,8098],[0,6],[4,1],[2,-2],[5,2],[1,6],[8,3],[3,5],[3,0],[3,3],[6,0]],[[8438,8122],[6,6],[6,2]],[[8450,8130],[4,-2]],[[8454,8128],[3,10],[-2,15],[-8,6],[-4,9]],[[8443,8168],[4,9],[-6,7],[0,6],[-3,4]],[[8438,8194],[-1,10],[-20,-14]],[[8417,8190],[-5,-1],[-3,-6],[-13,-9],[-2,0],[-3,8]],[[8391,8182],[-4,2],[-7,1],[-10,-3],[-4,2],[-11,11],[20,7],[7,0]],[[8382,8202],[12,26],[10,34],[8,7],[-1,4],[0,7],[-4,10],[-9,6],[-6,21],[-6,8],[-9,20],[0,6],[4,3],[12,0],[21,9],[13,-1],[14,14],[5,1],[1,4],[-9,5],[-6,12],[-12,14],[-5,4],[-16,4],[-7,-3],[-5,-8],[-7,-2],[-20,1],[-9,3],[-6,0],[-22,15],[-10,11],[-4,2],[2,2],[5,0],[2,4],[4,2],[3,5],[6,-2],[2,2],[4,-1],[3,2],[-2,8],[4,5],[2,8],[-1,3],[3,8],[0,4],[-6,5],[-2,5],[8,6],[-5,11],[5,3],[4,-4],[12,-2],[3,3],[-4,6],[-1,0],[-3,-4],[-2,5],[-4,0],[-3,8],[8,-4],[7,4],[7,-1],[3,5],[5,-5],[8,-3],[16,-1],[5,-4],[3,4],[1,-2],[-1,-9],[1,-1],[4,5],[2,5],[9,3],[2,5],[7,-2],[1,-4],[7,2],[5,6],[4,-9],[-1,-5],[1,-3],[14,0],[4,4],[4,-2],[7,0],[4,-3],[2,3],[4,2],[3,-3],[10,4],[2,-6],[4,-7],[8,4],[5,-2],[5,0],[5,9],[8,8],[11,-4],[3,8],[7,2],[1,6],[8,5],[6,10],[3,2],[2,-1],[2,-5],[4,-1],[6,4],[3,5],[4,3],[7,1],[10,-2],[4,-3],[3,-6],[6,0],[4,-4],[5,2],[6,-3],[6,2]],[[8652,8549],[7,-8],[22,-281],[3,3],[10,-3],[11,1],[11,5],[9,-2],[10,-8],[2,-1],[14,2],[7,8],[7,3],[20,0],[5,-2],[11,-13],[7,-1],[18,-10],[12,-1],[9,-11],[3,-2],[6,7],[3,15],[3,7],[7,5],[12,2],[9,0],[4,3],[5,7],[4,4],[5,11],[13,-2],[9,-5],[4,2],[11,11],[10,2],[17,-2],[18,24],[6,2],[2,19],[2,7],[10,24],[3,0],[10,-10],[12,0],[5,-5],[3,6],[11,-6],[6,-15],[-1,-7],[1,-4],[4,-9],[10,1],[9,-4],[24,8],[6,7],[6,-3],[2,10],[7,5],[-1,19],[3,7],[5,2],[4,0],[2,-2]],[[9141,8371],[-1,-21],[1,-4]],[[9145,8342],[0,-19],[1,-13],[6,-13]],[[9035,8005],[13,-10],[2,-4]],[[9050,7880],[-5,0],[-4,-3],[-7,-20],[-4,-5],[-7,1],[-8,3],[-4,2]],[[8851,7899],[-13,3],[-15,-8]],[[8810,7892],[-10,1],[-9,-10]],[[8784,7884],[-3,-6],[-2,-18]],[[8766,7819],[-13,2],[-3,-2],[5,-15]],[[8721,7788],[-7,-8],[-3,-4]],[[8712,7769],[-8,-1],[-3,2],[0,7],[-4,2],[-2,3],[3,9],[-1,8],[-4,6],[-4,1],[-2,7],[-2,1],[-3,1],[-4,-4],[-8,-2],[-9,-9],[-4,-1],[-6,-1],[-7,4],[-5,-1],[-3,1],[-11,-2],[4,5],[0,15],[-21,16],[-1,3],[5,6],[0,3],[-9,7],[-9,0],[-5,-2],[-2,2],[-2,13]],[[8585,7868],[5,7],[6,2]],[[8596,7877],[6,-2],[2,2],[2,11]],[[8606,7888],[-1,11],[-7,5],[-3,6],[-4,-5],[-8,-2]],[[8583,7903],[-5,-7],[-3,-1],[-7,17],[-5,0]],[[8701,4714],[-14,0],[-5,-1]],[[8668,4782],[-14,12],[-12,-1]],[[8477,4734],[-8,0],[-4,15]],[[8465,4938],[-7,17],[2,8],[0,7]],[[8460,4970],[4,13],[7,9],[9,1]],[[8494,4993],[4,13]],[[8498,5006],[8,1],[-1,7],[1,3],[5,2],[2,7],[2,2],[7,0],[5,4],[-4,9],[-4,2],[1,6],[6,6],[10,4],[13,15],[2,0],[1,-4],[6,5],[6,-2],[5,1],[2,-6],[10,2],[6,-6],[3,5],[2,-1],[3,-6],[11,-1],[0,-3],[-2,-4],[1,-1],[19,1],[5,-3],[7,-2],[2,2],[-2,5],[2,7],[11,11],[-5,2],[-1,2],[8,12],[10,3],[2,-6],[4,-2],[4,5],[7,4],[13,-11],[0,7]],[[8691,5090],[11,10],[-1,8]],[[8701,5108],[4,1],[-1,6]],[[8704,5115],[-5,1]],[[8699,5116],[2,6]],[[8701,5122],[-1,5],[2,2],[3,1]],[[8705,5130],[3,4],[1,4],[0,8],[2,2],[4,-1]],[[8715,5147],[7,3],[4,-3],[-2,-6]],[[8724,5141],[2,-4],[-3,-3]],[[8723,5134],[-1,-3],[-4,-4],[2,-4],[-1,-4],[-4,-4]],[[8715,5115],[2,-9],[2,-4]],[[8719,5102],[0,-5],[8,-1]],[[8727,5096],[-2,-8],[12,-2],[10,10],[2,6],[12,2],[3,-2],[11,8],[-1,7],[1,1],[11,1],[-1,7],[5,5],[0,9],[8,10]],[[8798,5150],[8,2],[6,-1],[3,8]],[[8815,5159],[3,-5],[4,-1],[1,1],[0,1],[134,-17],[2,-1],[4,-10],[0,-11],[-23,-148],[8,-3],[-1,-5],[1,-7],[-6,-2],[-5,-8],[-5,0],[-2,-5],[2,-3],[8,-7],[-2,-9],[8,4],[5,-2],[1,-1],[-3,-6],[10,-3],[12,-10],[2,-4],[14,-7],[1,-6],[5,2],[3,-3],[2,2],[4,-3],[4,2],[13,-4],[1,1],[3,-4],[1,0],[6,-6],[1,-93],[7,-11],[2,-7],[3,-2],[-2,-6],[6,-5],[2,-3],[4,-15],[-1,-3],[-10,-5],[-2,-5],[-7,-8],[-4,6],[-4,0],[-3,-2],[1,-5],[-2,-3],[-11,-1],[0,-6],[-50,4],[-50,1],[-7,0],[-13,-7],[-11,4],[-5,14],[0,4],[-4,7],[2,4],[-1,4],[-4,3],[-6,0],[-3,6],[0,8],[-12,-3],[-76,1],[-4,-13],[-4,-5],[0,-4],[-4,-6],[7,-15],[-4,-4],[-2,-6],[4,-4],[0,-2],[-2,-2],[-1,-4]],[[8760,4682],[-8,-3],[-1,-8]],[[8751,4671],[-6,-5],[-3,2]],[[8742,4668],[-1,5],[-4,8],[-6,4],[-6,7]],[[8721,4697],[-7,8],[-2,5],[-3,4]],[[7272,3651],[9,15],[6,5]],[[7287,3671],[3,-1],[3,-5],[2,-10],[10,6],[12,1],[6,4],[0,2],[-3,6],[-5,2],[2,6],[-1,9],[1,2],[6,-2],[8,1],[4,-3],[3,0],[5,-6],[5,3],[5,-1],[10,8],[6,2],[2,-2],[1,-4],[-5,-7],[4,-11],[-5,-4],[-8,-20],[2,-8],[6,-4],[2,-8],[-3,-3],[1,-5],[-3,-9],[3,-3],[8,0],[12,-5],[5,-6],[0,-5],[-2,-2],[-8,-1],[-5,-6],[-1,-7],[-2,-3],[-8,1],[-4,-6],[-9,-3],[-6,-6],[-5,-8],[-11,-8],[0,-4],[-4,-3],[2,-3],[3,-10],[-9,1],[-11,-2],[0,-4],[2,-5],[3,-2],[6,-1]],[[7322,3509],[-9,-10],[-3,-8]],[[7310,3491],[3,-5],[6,0]],[[7319,3486],[5,2],[5,-3],[6,0],[1,-2]],[[7336,3483],[-1,-8],[6,-2]],[[7341,3473],[6,-8],[4,2]],[[7351,3467],[0,6],[5,1],[0,2],[4,4],[1,5],[4,3],[1,4],[6,4],[2,5]],[[7374,3501],[9,9],[3,0],[3,-3],[2,-9]],[[7391,3498],[16,-9],[4,-15],[-2,-4],[-1,-4],[1,-5],[-3,1],[-6,-13],[1,-17]],[[7401,3432],[-1,-5],[-10,-13],[-1,-3]],[[7389,3411],[4,-7],[1,-6],[3,-2],[4,-1],[9,3],[5,-5],[7,0],[3,-3],[1,-8],[2,-3],[0,-4],[4,-10],[1,-11],[-5,8],[-3,0],[-5,-9],[-2,-17],[-4,1],[-3,4],[-7,-2],[-4,1],[0,2],[-1,0],[-1,7],[2,2],[-1,3],[-4,-2],[-2,-5],[-3,-2],[-3,-9],[-2,-1],[-5,-5],[-4,1],[-7,10],[-5,-2],[-4,3],[-10,3],[-6,-3],[-7,5],[-4,-2],[0,-4],[-2,-3],[-7,2],[-7,-3],[-2,-7],[-7,-3],[-5,-6],[-3,3],[-9,2],[-3,-11],[-5,-1],[-2,-3],[-4,-1],[-3,5],[-4,4],[-14,2],[-4,11],[-6,5],[-1,5],[-5,0],[-2,3],[0,4],[-4,7],[-6,-1],[-9,-6],[-3,-6],[-7,1],[-3,4],[-4,-1],[-3,6],[-6,2],[-2,3],[-3,-1],[-6,0],[-6,-7],[-5,-1],[-13,-11],[-2,-13],[-3,-5],[-4,-1],[-4,4],[-11,3],[-3,-6],[-5,-3],[-8,2],[-5,4],[-3,-9],[-6,0],[-1,-6],[-5,2],[-3,3],[-8,-2],[-4,-5],[-4,0],[-4,-5],[-2,-6],[-11,5],[-4,-1],[-5,4],[-12,1],[-1,5],[-7,2],[-3,4]],[[7030,3315],[-2,1],[-2,-1],[-2,-4],[-6,-7]],[[7018,3304],[-4,2],[-6,1],[-8,3],[-10,1],[-6,-2],[-5,2],[-7,-11],[-2,0],[-1,2],[-1,0],[-7,-3],[-6,-10],[-8,7],[-5,0],[-4,4],[-5,2]],[[6933,3302],[-2,4],[1,7]],[[6993,3609],[-2,1],[0,2]],[[7104,3726],[-3,8],[12,2]],[[7146,3861],[7,3]],[[7153,3864],[3,4],[6,0]],[[7162,3868],[6,3],[7,-5]],[[7175,3866],[1,-10],[8,-7],[3,-12]],[[7187,3837],[-2,-10],[3,-5]],[[7188,3822],[1,-9],[-2,-15]],[[7187,3798],[1,-7],[-3,-9]],[[7185,3782],[3,-1],[8,4],[8,-3],[3,-11],[-2,-4],[0,-14],[1,-2],[6,2],[0,-4],[6,-8],[-1,-11],[4,-9],[-4,-5],[1,-4],[7,-1],[6,-13]],[[7231,3698],[4,-6],[9,5]],[[7244,3697],[1,4],[-1,3],[6,2],[3,5]],[[7253,3711],[5,-3]],[[7258,3708],[1,-2],[-1,-7],[7,-7],[-1,-3],[3,-7],[-2,-19],[3,-3],[1,-6],[3,-3]],[[4141,1554],[-6,2],[-4,14]],[[4131,1570],[0,7],[-3,11],[-2,1],[-4,-6]],[[4106,1582],[-3,-6],[-2,-6]],[[4095,1555],[-1,-6],[-9,-5]],[[4079,1535],[-12,-1]],[[4052,1562],[8,4],[2,8],[0,6],[-5,7],[-4,9],[-7,2],[-1,-1],[-3,6],[-1,10],[2,1],[1,6],[4,4],[-3,7],[0,5],[5,5],[2,9],[3,0],[-3,13],[2,9],[-4,6],[-2,0],[-3,3],[1,10],[-1,5],[-5,4],[-3,0],[-6,-4],[-10,10],[-6,0],[-4,-3],[-2,1],[-5,4],[-4,2],[-2,6],[-4,5],[-6,-7],[-6,-4],[-3,1],[-1,-4],[-7,-5],[-4,-1],[-4,3],[-4,1],[-4,6],[4,8],[-4,3],[2,6],[-8,11],[-4,-2],[-5,3],[-2,4],[0,6],[-8,12],[1,7],[-1,11],[3,4],[-3,10],[-12,0],[-4,3],[-5,-9],[-2,-6],[-9,-3],[-7,-7],[-2,-9],[-6,-12],[-6,-4],[-5,12],[-4,4],[-4,1],[-3,-4],[-5,1],[-3,-2],[-4,2],[-2,5],[-3,3],[-5,1],[-8,7],[-3,4],[3,3],[0,11],[-4,1],[-1,2],[-11,-3],[-4,-9],[-4,2],[-5,-5],[-2,2],[-10,0],[-11,6],[-12,0],[-5,-5],[-1,-8],[2,-6],[-3,-3],[-2,0],[-1,-4],[-10,-2],[-2,1],[-3,-5],[-2,1],[-3,-3],[-1,0],[0,-6],[-2,-3],[-6,0],[-2,-3],[-5,2],[-6,-7],[-2,-1],[-2,-5],[-5,0],[0,3],[-1,0],[-3,-6],[-3,0],[-1,-3],[-8,0],[-4,-7],[-4,5],[-5,0],[-3,-3],[-13,7],[-1,-3],[-6,-3],[-7,7],[-1,-3],[-4,-1],[-3,5],[-2,-7],[-7,-3],[-3,3],[0,2],[-5,-4],[0,2],[-6,3],[-9,0],[-2,-1],[-1,6],[3,2],[2,5],[-3,1],[1,4],[-4,3],[0,5],[-2,2],[2,4],[5,1],[4,11],[-3,6],[0,5],[-2,4],[3,6],[7,4],[-2,3],[5,2],[2,4]],[[3622,1805],[2,1],[3,7],[-1,4],[10,8],[-2,10],[2,3],[0,3],[3,1],[-1,3],[2,14],[-1,9],[5,19],[2,2],[4,1],[2,2],[4,0],[0,-5],[2,-2],[10,-3],[-1,-5],[10,-4],[2,1],[2,4],[5,3],[6,1],[2,-3],[4,2],[7,12],[4,-7],[10,-9],[7,1],[4,-3],[1,7],[8,0],[1,11],[-3,3],[2,3],[-1,1],[1,3],[-2,11]],[[3737,1914],[0,8],[5,11]],[[3742,1933],[6,2],[2,8],[6,10],[0,3],[6,14],[-4,6],[1,6],[3,4],[10,5],[-3,4],[5,6],[-2,3],[1,2],[7,1],[4,3],[2,14],[-2,5],[8,9],[4,-2],[6,3],[3,-2],[2,1],[3,-7]],[[3810,2031],[1,-6],[3,-1],[8,1]],[[3822,2025],[2,-3],[4,1],[3,0],[1,-4],[5,-1],[4,-4],[2,-9],[7,0],[5,-4],[1,-4],[8,5],[9,-5],[7,1],[4,-4],[13,0]],[[3897,1994],[10,-4],[8,1],[2,11],[3,3],[8,1]],[[3928,2006],[6,3],[3,-1],[1,-4]],[[3938,2004],[4,4]],[[3942,2008],[6,0],[4,-4]],[[3952,2004],[5,-14]],[[3957,1990],[9,-6],[6,3]],[[3972,1987],[4,0],[7,5],[17,-6],[3,17],[-4,9],[2,12],[16,15],[16,-9],[5,-2],[15,8],[13,-23],[5,-2],[3,0],[0,9],[5,2],[8,-4],[3,5],[3,0],[5,-8],[5,-3],[8,4],[18,1],[3,-8],[1,-4],[0,-4],[3,-11],[8,-3],[8,1],[3,-4],[1,-6],[7,7],[2,6]],[[4165,1991],[8,5],[10,1],[6,3]],[[4189,2000],[8,6]],[[4287,1922],[7,-3],[4,-13],[0,-6]],[[4199,1581],[-1,-11],[3,0]],[[5507,2222],[0,-11],[-3,-5],[-9,5]],[[5467,2220],[-4,4],[-3,0],[-8,-6],[-1,-9]],[[5423,2187],[-1,-3],[2,-4]],[[5424,2180],[-6,-3],[-3,-5],[-7,-4]],[[5408,2168],[-2,-4],[-10,5]],[[5396,2169],[-5,-2],[-7,5],[-4,-2],[-7,2],[-2,-1],[-4,-8]],[[5367,2163],[-3,-1],[-7,5]],[[5357,2167],[-14,22],[-1,4],[7,7],[1,5]],[[5350,2205],[3,3],[-5,13]],[[5348,2221],[0,6],[-3,2],[1,4],[0,6],[4,2],[-4,2],[2,11],[-2,4],[0,6],[-3,7],[-5,4]],[[5338,2275],[-3,6],[2,5]],[[5337,2286],[7,3],[1,3],[-8,4]],[[5337,2296],[-2,8],[9,7]],[[5398,2332],[7,18],[0,5]],[[5355,2598],[4,18],[0,11],[1,7],[4,2],[8,-1],[4,5],[1,7]],[[5377,2647],[9,4],[2,2],[2,15]],[[5390,2668],[2,6],[-4,6]],[[5388,2680],[-2,11],[1,8],[5,8],[2,7],[1,21],[-2,3],[-1,6],[-5,3]],[[5387,2747],[-1,6],[6,8]],[[5392,2761],[-1,19],[3,10],[7,0],[0,-4],[3,0],[3,8]],[[5407,2794],[4,0],[3,8],[13,3],[6,-2],[3,-4]],[[5436,2799],[6,-3]],[[5442,2796],[7,5],[2,-3]],[[5451,2798],[0,-6],[3,-2],[3,7],[5,5],[8,3],[18,3],[5,8],[6,5],[6,0],[6,-9],[3,1]],[[5514,2813],[11,-6],[12,-17],[0,-10]],[[5537,2780],[4,-5],[2,1]],[[5543,2776],[6,-3],[6,8],[7,4],[3,3],[10,1],[0,-6],[3,0],[4,-4],[0,-10],[3,-3],[7,0],[1,-7],[-2,-2],[4,-5],[1,-4],[9,-7],[4,1],[4,-9],[5,1],[2,-3],[3,1],[2,-5],[2,1],[3,-3],[2,2]],[[5632,2727],[5,-3],[1,2]],[[5638,2726],[11,3],[3,4],[7,2],[4,8],[8,2],[-2,6],[0,4],[-4,8],[-1,11],[-14,8],[-3,4],[2,6],[5,10],[1,7],[5,1],[9,-6],[6,-2],[5,4],[-4,6],[1,3],[4,4],[10,-1],[4,7],[5,-1],[3,3],[5,-4],[2,0],[4,15],[7,9],[4,2],[-6,6],[4,5],[0,6]],[[5723,2866],[10,15],[3,16]],[[5736,2897],[-1,-3],[5,-1]],[[5740,2893],[1,-4],[4,-1],[1,-2],[3,-7],[-2,-6],[-2,-2],[5,-4],[1,1],[1,-4],[6,-3],[4,-9],[-2,0],[1,-4],[4,-1],[2,-5],[-1,-1],[0,-4],[3,0],[0,-3],[2,1],[0,-2],[3,-1],[2,-4],[4,0],[0,-3],[2,-1],[1,2],[4,-5],[5,-2],[3,-4],[2,0],[-1,2],[3,-1],[1,1],[2,-2],[0,-2],[2,1],[3,-5],[4,-1],[0,-7],[3,0],[0,-6],[2,-1],[-2,-5],[-3,0],[1,-5],[2,-3],[-3,-4],[-1,-7],[6,2],[9,-9],[9,-4],[2,-3],[4,4],[2,-1],[6,-8],[0,-6],[-4,-6],[2,-6],[9,-7],[-1,-6],[6,-13],[5,-7],[7,-3],[6,-10],[4,-1],[2,3],[3,0],[1,6]],[[5888,2695],[4,3],[3,5]],[[5895,2703],[11,-4]],[[5906,2699],[4,-4],[4,3],[1,7],[5,-1],[2,4],[5,-1]],[[5927,2707],[5,2],[2,-14]],[[5934,2695],[7,-11],[2,-9],[11,1],[13,-12]],[[5967,2664],[10,-1]],[[5952,2608],[-6,0],[-2,2],[-2,-10]],[[5942,2600],[-6,-5],[2,-10],[4,-5]],[[5930,2567],[-7,-6],[1,-9]],[[5924,2552],[-3,-8],[-4,-4]],[[5799,2435],[-3,3],[-7,-1]],[[5672,2385],[-5,4],[-5,-3],[0,-6]],[[7906,2864],[-9,3],[4,-6]],[[7901,2861],[-1,-2],[-3,-8],[-4,-6],[-1,-6],[3,-4],[-2,-2],[-1,-8],[-3,-1],[0,-1],[-5,0],[-2,-5],[-7,-5]],[[7875,2813],[-6,1],[-2,-4],[-1,-14],[-2,-4]],[[7864,2792],[-6,-4],[-3,1],[-3,-1]],[[7852,2788],[3,-10],[-10,-9]],[[7845,2769],[0,-5],[-3,-4],[2,-6],[-1,-6],[-4,-5],[0,-4],[-2,-1],[-1,-5],[-4,-1],[-4,-7]],[[7828,2725],[-3,0],[-5,5]],[[7820,2730],[0,7],[-2,6],[-9,3],[-3,-2],[-2,-8]],[[7804,2736],[-5,-3],[3,7]],[[7802,2740],[-1,11],[2,14],[-2,4],[-3,0],[-1,2],[4,6],[0,3],[-9,8],[-4,0],[-4,5],[5,8],[-2,8],[2,12],[3,4],[-2,3],[-2,10],[-4,7],[0,6],[-8,10],[4,5],[-3,2],[-2,7],[4,12],[-4,6],[0,16]],[[7775,2909],[-7,-11],[-6,3]],[[7762,2901],[-4,-3],[-7,8],[-2,5]],[[7749,2911],[-8,2],[-6,3],[1,8],[2,2],[-4,3],[-6,0],[0,4],[2,3],[2,12],[-1,2],[-4,0],[-3,3],[1,5],[-8,3],[-9,-1],[-5,-10]],[[7703,2950],[0,-9],[5,-5]],[[7708,2936],[-4,-6],[3,-5],[2,-17],[-4,-6],[2,-5],[0,-8],[2,-3]],[[7709,2886],[-15,-28]],[[7694,2858],[-4,1]],[[7690,2859],[-3,-3],[-7,3],[-4,0]],[[7676,2859],[-6,6],[-4,7],[-6,0],[-6,5],[-8,2],[-1,3],[2,3],[-2,4],[0,6],[-3,-3],[-6,0],[0,-8],[-3,-3],[-13,-3],[-7,-4],[0,6],[1,3],[-2,1],[-3,8],[4,3],[4,15],[2,1],[1,10],[2,5],[-1,5],[4,6],[-4,5],[-1,7],[-6,5],[-5,1],[-2,-3],[-4,1],[-3,-3],[-3,-1],[-3,3],[-4,0],[-3,2],[2,8],[-1,4],[-2,1],[0,3],[4,12],[2,12],[8,3],[1,10],[-2,5],[0,11],[-3,1],[-4,-2],[-3,1],[-2,6],[-3,3],[2,6],[3,-1],[3,3]],[[7592,3040],[-4,18],[2,4]],[[7590,3062],[3,-2],[2,1],[2,5],[2,2],[5,-2],[5,7],[3,14],[-1,7],[6,3],[-2,8],[3,5],[3,9],[2,0],[3,5],[4,1],[0,3],[3,0],[-3,6],[1,2],[10,4],[10,-2],[6,3],[9,0],[4,8],[10,-3],[7,-8],[5,2],[-1,9],[2,6],[6,8],[0,9],[6,1],[5,5],[0,2],[-4,7],[4,2],[-1,9],[4,4],[2,-1],[7,4],[4,-1],[2,9],[4,7],[9,3],[13,-3],[1,-2],[-1,-8],[11,-8],[5,1],[1,3],[4,1],[3,-4],[16,2],[4,-5],[5,2],[3,-3],[2,4],[-3,9],[3,6],[-3,4],[2,7],[10,0],[5,5],[8,1],[6,7],[3,1],[2,7],[4,2]],[[7845,3252],[7,2],[3,-1],[5,1],[-1,6],[3,7]],[[7862,3267],[13,-6],[11,3]],[[7886,3264],[10,-4],[4,21]],[[7900,3281],[0,6],[9,38],[-4,1]],[[7905,3326],[-3,7],[3,21]],[[7905,3354],[3,6],[11,1],[4,6]],[[7923,3367],[5,1]],[[7928,3368],[2,-3],[2,3],[4,3],[2,4]],[[7938,3375],[3,-6],[2,0],[0,-4],[3,-5]],[[7946,3360],[9,-5],[2,-10]],[[7957,3345],[5,-3],[10,-1],[4,11],[5,1],[6,9],[3,16],[-1,13],[1,10],[6,4],[12,4],[1,7],[2,4],[1,5],[4,11],[9,-8],[0,-4],[4,-5],[4,1],[8,11],[4,2],[3,10],[8,5],[2,-1],[5,10],[8,3],[5,-3],[2,-6],[5,1]],[[8083,3452],[3,-1],[3,1]],[[8089,3452],[7,-2],[5,-5]],[[8101,3445],[1,-4],[3,-5]],[[8105,3436],[5,-2],[2,10]],[[8112,3444],[-4,10],[-3,2],[3,16],[-1,10],[2,9],[-2,10],[11,-2],[2,-2],[5,-2],[5,6],[8,-4],[2,4],[8,2],[8,-6],[8,0],[4,2],[6,-7],[6,1],[12,23],[3,1],[1,5],[3,4],[9,-3],[7,5],[5,0],[-2,6],[7,11],[4,8],[10,7],[4,1],[7,-5],[10,-1],[0,2],[-6,4],[8,4],[2,-1],[7,4],[0,3],[-3,1],[4,5],[4,2],[4,-2],[-4,7],[-3,1],[0,4],[4,10],[0,5],[-6,5],[-1,2],[2,3],[-4,3],[-2,6],[2,0],[0,5],[5,1],[-1,6],[-2,0],[0,2],[2,7],[3,1],[0,3],[3,-2],[3,0],[1,2],[-5,8],[-1,0],[-1,8],[-3,3],[-3,-1],[-3,4],[0,2],[4,2],[-1,1],[-5,5],[-2,-1],[-2,4],[-4,2],[3,9],[-5,3],[-4,-1],[-4,3],[-3,7],[1,3],[-4,4],[-3,6],[-11,3],[4,5],[0,5],[4,4],[3,-6],[3,3],[4,-1],[1,3],[-2,8],[3,1],[1,-4],[5,2],[-3,5],[2,4],[0,4],[3,2],[-4,6],[-8,1],[-3,6],[-9,7],[-2,6],[7,4],[3,-2],[6,1],[4,6],[7,3],[1,3],[5,1],[-5,6],[3,3],[3,-2],[-1,9],[-3,3],[-9,-1],[-2,3],[0,5],[3,3],[-2,8],[3,3],[2,7],[5,3],[9,-4],[3,1],[2,-4],[5,0],[5,-4],[14,0],[1,-2],[-3,-3],[1,-2],[5,1],[4,-4],[3,4],[3,-4],[5,8],[4,1],[2,3],[4,-2],[2,2],[2,5],[5,0],[1,5],[8,4],[3,5],[4,-1],[2,2],[12,14],[7,4],[2,5],[8,-3],[-1,11],[4,5],[10,5],[1,4],[-2,5],[2,3],[0,6],[-3,4],[2,1],[0,3],[-2,6],[-3,2],[-1,3],[-3,4],[-3,8],[7,6],[-5,3],[2,3],[0,15],[-2,5],[0,9]],[[8384,3991],[3,4]],[[8399,4013],[4,5],[-1,3]],[[8402,4021],[1,4],[5,9],[11,3],[3,-7],[0,-9]],[[8422,4021],[-2,-4],[9,-4]],[[8429,4013],[4,-5],[6,-2]],[[8439,4006],[16,8],[-2,-8]],[[8453,4006],[1,-9],[-2,-13]],[[8452,3984],[-3,-4],[1,-2],[5,1]],[[8455,3979],[6,16],[2,-1],[4,-3]],[[8467,3991],[9,4],[3,-1],[1,-4]],[[8480,3990],[-5,-4],[4,-4],[-1,-6],[9,-4],[0,-8],[5,1],[1,-7],[4,-6],[1,0],[3,5],[3,0],[11,-10],[7,-1],[4,-6],[0,-3],[-4,-5],[7,-4],[4,-7],[-4,-9],[-4,-2]],[[8525,3910],[0,-3],[1,-2],[3,1],[4,6]],[[8533,3912],[4,2],[3,5]],[[8540,3919],[7,-3],[9,15]],[[8556,3931],[7,-3],[2,-5],[-1,-3]],[[8564,3920],[3,-6],[-2,-6]],[[8565,3908],[-4,-4],[0,-4],[3,-1],[3,5],[8,0],[3,-3],[-2,-5],[2,-9],[6,5]],[[8584,3892],[6,1],[3,-4]],[[8593,3889],[3,-9],[5,-2],[3,-5],[6,0],[3,-11],[7,-11],[4,-3]],[[8624,3848],[1,-9],[4,-2],[8,0]],[[8637,3837],[-3,-12],[3,-6],[-4,-3]],[[8633,3816],[-1,-3],[1,-4],[6,-6]],[[8639,3803],[-1,-6],[15,-12]],[[8653,3785],[-4,-5],[5,-10]],[[8654,3770],[0,-4],[-2,-4],[-9,-3],[-9,0],[-4,-6]],[[8630,3753],[1,-6],[3,-6],[3,0],[1,-3],[-5,-11],[1,-9],[-3,-11],[0,-3],[4,-3],[2,-8],[-2,-5],[1,-6],[-5,-15],[-2,-2],[-4,-1],[1,-12],[4,-4],[2,-7],[6,-3],[-3,-4],[0,-4],[3,0],[5,6],[11,2],[8,-7],[2,-4],[-1,-3],[2,-12],[5,-12],[10,-8],[3,0],[2,3],[1,-1],[-3,-10],[0,-10],[-7,-9],[1,-11],[2,-1],[2,0],[13,-9],[1,-7],[6,-3],[12,-9]],[[8713,3525],[7,-3],[-1,-3]],[[8719,3519],[1,-5],[-1,-3]],[[8719,3511],[1,-5],[-2,-3]],[[8718,3503],[0,-7],[1,-1],[6,5],[3,1],[4,-7]],[[8732,3494],[1,-8],[-1,-7]],[[8732,3479],[-3,0],[-2,-3],[-9,1],[-8,-3]],[[8710,3474],[-1,-7],[7,-15]],[[8716,3452],[1,-7],[-4,-9],[-2,-1]],[[8711,3435],[-2,1],[-2,-2],[-5,-11],[-3,-28],[-7,-6],[-1,-3],[10,-19],[0,-7],[1,-7],[0,-5],[-1,-4],[-4,-3],[1,-4],[-4,-5],[-1,-17],[-5,-12],[-9,-8],[2,-5],[-3,0],[0,-2],[-1,-4],[2,-1],[-1,-1],[0,-2],[-2,-3],[0,-5],[-1,-2],[1,-7],[-7,-2],[1,-13],[-5,-11],[-1,-11],[3,-5],[-3,-2],[-1,-7],[-4,-2],[0,-7],[-5,-3],[1,-3],[-2,-5],[-4,-9],[-8,-6],[2,-7],[-3,-7],[-1,-8],[-2,-1],[-1,-8],[-13,-7],[-2,-4],[-3,-1],[-6,2],[-4,-6],[2,-5],[-309,0],[-2,-2],[2,-6],[-2,-1],[-1,2],[-3,-6],[0,-5],[-2,-1],[2,-5],[-3,-2],[-1,-5],[1,-2],[-3,-12],[1,-10],[-6,-7],[-4,-24],[3,-1],[1,-4],[-4,-7],[-4,-4],[-3,1],[-5,-3],[-3,1],[-5,-3],[0,-4],[-3,-3],[-1,-3],[-6,-1],[0,-2],[-5,0],[-5,-2],[-1,-7],[1,-2],[-4,-2],[0,-2],[-4,-1],[-2,-7],[-5,4],[-5,-1],[-1,-3],[4,-4],[0,-8],[-5,-3],[-3,-5],[1,-10],[-7,-19],[2,-2],[8,0],[3,-3],[0,-10],[5,-6],[-1,-9],[2,-2],[0,-4],[2,-6],[1,1],[2,-4],[26,-11],[0,-9],[5,-6],[-1,-6],[-3,-4],[3,-23],[-2,-7],[2,-9],[-8,-1],[-4,-3],[-7,-1],[-8,-5]],[[8236,2804],[-7,5],[-3,-8],[-6,-3],[-2,-8],[-8,5],[-7,2],[-11,-5],[-7,1]],[[8185,2793],[-9,-8],[-4,11]],[[8172,2796],[-12,5],[-5,-8],[5,-9],[0,-2],[-6,-10],[-5,0],[-3,-3],[-3,3],[-5,0],[-3,4],[-7,2],[-3,2],[-4,0],[-4,3],[-8,-2],[-6,4],[2,6],[-2,3],[-4,12],[-3,3]],[[8096,2809],[-6,-1],[-1,-3]],[[8089,2805],[-3,1],[-9,0],[-7,-3],[-2,-7],[-4,-7],[-10,0],[-7,3],[-12,-4],[-3,1],[-10,-12],[-2,2],[-10,-2],[-3,4],[-3,-2],[0,4],[2,4],[-4,9],[-10,-2],[-17,1],[-4,2],[-7,-2],[1,11],[-3,3],[2,12],[-1,3],[-19,1],[-1,6],[-2,2],[0,5],[-4,1],[-3,4],[-4,0],[-4,4]],[[7926,2847],[-7,-1],[-4,18],[-9,0]],[[4766,1201],[1,3],[-3,6]],[[4764,1210],[-20,8]],[[4744,1218],[-9,12],[-2,6],[2,1],[4,-3],[6,6],[0,12]],[[4745,1252],[-5,3]],[[4740,1255],[0,11],[2,2],[3,-1]],[[4745,1267],[-3,-6],[1,-3]],[[4743,1258],[9,6],[0,7]],[[4752,1271],[-3,6],[0,9]],[[4749,1286],[7,5]],[[4779,1313],[5,8],[-1,6],[-3,2]],[[4765,1335],[6,12],[-7,4]],[[4764,1359],[-12,15],[-1,24],[6,9]],[[4757,1407],[0,7],[11,8]],[[4760,1449],[-3,9],[8,0]],[[4812,1518],[4,3],[-2,6]],[[4808,1612],[-3,5],[3,8]],[[4808,1625],[1,6],[-4,7]],[[4809,1658],[-2,11],[6,9],[-1,4]],[[4812,1682],[-2,2]],[[4810,1684],[2,4],[5,7]],[[4824,1695],[5,4],[6,-5]],[[4835,1694],[7,4],[3,-1]],[[4851,1690],[6,-3],[1,-11]],[[4944,1623],[14,4],[2,-1]],[[4960,1626],[3,-5],[2,-1],[4,2],[2,9]],[[4969,1636],[1,9],[-4,10]],[[4970,1666],[2,5],[2,3]],[[4974,1674],[9,-3],[5,1],[5,6]],[[5062,1660],[15,-1],[3,-6]],[[5135,1621],[8,-6],[1,-7]],[[5178,1563],[0,-2],[-2,-4]],[[5101,1321],[1,-10],[2,-5],[0,-5]],[[5104,1301],[6,-5],[-1,-6],[-4,-4],[-4,0]],[[5080,1243],[-2,-4],[5,-15]],[[5093,1180],[-5,-9]],[[5093,1169],[3,-2],[0,-11]],[[5096,1156],[2,-14],[0,-6]],[[5095,1131],[-7,-3],[-7,-6],[-18,-7]],[[5063,1115],[-2,-3]],[[5061,1112],[-2,2],[-2,0]],[[5057,1114],[-2,-2],[1,-3],[-5,0],[-1,-4],[-7,1],[-11,-2]],[[5032,1104],[-1,-5],[-5,-4],[-8,-1]],[[5018,1094],[-2,-5]],[[5016,1089],[-4,-2],[-6,1]],[[5006,1088],[-3,-4],[-23,-13]],[[4980,1071],[-7,6],[-7,-4]],[[4966,1073],[-7,-5]],[[4959,1068],[-12,-3],[-8,-6]],[[4939,1059],[-8,0],[-5,-5]],[[4926,1054],[-12,-1],[-4,2],[-19,-7],[-4,1],[-5,-3],[-4,1],[-4,-4],[-9,0],[-2,-2]],[[4863,1041],[-6,2],[-7,-3]],[[4850,1040],[2,18],[-9,5],[-5,-3],[-4,1],[-1,1],[1,6],[-3,8],[-3,3],[-6,-2],[-3,2],[-3,0],[-8,2],[-5,8],[-13,-5],[-2,-9],[2,-7],[-2,-2],[-5,1],[-9,10],[-12,-8],[0,7],[-5,5],[4,6],[5,3],[0,5],[-4,8],[-4,2],[-3,6],[-5,3],[-5,11],[-4,4],[0,5],[-3,2],[0,4],[-2,4],[1,7],[5,2],[7,11],[0,1],[-5,0],[3,7],[-5,3],[2,7],[3,3],[1,5],[4,7],[7,0],[4,5],[3,-1]],[[8498,5006],[-3,-11]],[[8462,5012],[-9,3],[0,16]],[[8423,5055],[-4,5],[-3,0],[-2,6]],[[8416,5153],[0,12],[-9,9]],[[8028,5357],[-3,7]],[[8025,5364],[3,6],[0,3]],[[8028,5373],[-5,4],[1,3],[-3,-1]],[[8021,5381],[-2,-1],[-1,4]],[[8009,5404],[-2,-2],[-1,4]],[[8006,5406],[-3,1],[-1,3],[3,-2]],[[8006,5417],[-2,2],[1,3],[3,2]],[[8014,5427],[2,-1],[2,1],[0,2]],[[8034,5498],[2,-3],[3,2],[3,-4],[5,1],[2,6]],[[8049,5500],[7,7],[7,1],[5,7],[13,5]],[[8081,5520],[3,2],[2,15]],[[8086,5537],[3,2],[6,-4],[4,0],[7,-6],[5,3],[3,6],[8,1],[4,-13],[5,5],[4,-3]],[[8135,5528],[16,0],[5,2],[3,-1],[2,12]],[[8161,5541],[6,3],[1,5],[4,0],[6,7],[2,5],[5,5],[4,14],[-3,6],[13,12],[1,6],[5,7],[6,-4],[5,3],[5,-2],[10,9],[3,10],[-2,11],[6,5],[3,0],[1,6],[5,4],[-3,6],[2,5],[-5,8],[1,6],[-1,11],[3,0],[3,3],[9,2],[4,7],[0,4],[-6,5],[3,3],[5,11],[7,1],[0,3],[-6,6],[5,3],[5,-1],[9,4],[2,-1],[0,-5],[6,0],[14,9],[-2,6],[-9,2],[3,10],[21,4],[3,0],[7,-5],[8,0],[2,4],[9,4]],[[8346,5768],[2,12],[8,5],[1,-1],[-1,-8]],[[8356,5776],[6,-2],[2,-6],[3,-1],[2,-5],[5,0],[6,4]],[[8380,5766],[2,-1],[2,-7]],[[8384,5758],[3,-2],[2,-4],[-2,-11],[5,-4],[3,-11],[7,-7],[5,-1],[11,-10],[5,0],[12,-5],[2,-4],[5,4],[3,-1],[2,-4],[3,-11],[-3,-4],[1,-5],[-1,-4],[3,-7],[0,-7],[-2,-5],[4,-4],[-1,-6],[2,-1],[2,3],[4,-3],[5,2],[6,-6],[-6,-11],[2,-10],[-9,-3],[-1,-6],[-4,-3],[-4,-6],[-7,-5],[-4,1],[-2,-5],[-4,4],[-6,-13],[0,-9],[5,-8],[-2,-3],[-1,-5],[-5,-7],[2,-6],[6,-1],[2,-4],[1,-2],[-4,-1],[2,-4],[-2,-1],[-5,2],[-3,5],[-3,2],[-18,-11],[-6,1],[-3,-4],[-1,-8],[-4,-1],[2,-5],[-1,-4],[3,-6],[4,-3],[2,-6],[-1,-10],[2,-4],[-3,-4],[-1,-5],[4,-5],[-4,-8],[5,-2],[7,3],[2,-2],[0,-3],[-3,-5],[0,-6],[3,-6]],[[8407,5437],[-5,-6],[3,-2]],[[8405,5429],[3,-8],[5,-2]],[[8413,5419],[8,-13],[12,-2]],[[8433,5404],[10,-7],[3,-14]],[[8446,5383],[10,-18],[8,4]],[[8464,5369],[7,-9],[4,7]],[[8475,5367],[9,-1],[2,-1],[0,-4],[5,-3],[7,4],[1,8],[9,6],[6,1],[7,-12],[4,0],[2,-3],[2,4],[13,0],[4,-2],[5,8],[4,-5],[7,-1],[4,-3],[5,-1],[6,8],[8,1],[-3,7],[8,10],[9,-10],[0,-19],[-4,-15],[2,-3],[8,0],[28,17],[7,-5],[5,1],[4,-4],[7,3],[2,-1],[2,3],[3,0],[0,2],[4,-1],[2,2],[7,-3],[2,-8],[6,1]],[[8684,5348],[13,-26],[7,-3]],[[8704,5319],[5,-11],[9,-1],[3,-3],[-2,-11]],[[8719,5293],[1,-7],[-4,-1],[-5,3]],[[8711,5288],[-3,-2],[-6,5],[-4,-3],[-4,0],[-1,-2],[1,-5],[-4,-3]],[[8690,5278],[-3,-7],[8,-5]],[[8695,5266],[-2,-6],[3,-4],[6,-13],[1,-11],[-6,-9],[1,-4],[4,-5],[-4,-2],[-6,2],[-7,-6],[1,-8],[-2,-18]],[[8684,5182],[-6,-12]],[[8678,5170],[10,-11],[2,-7],[-2,-8],[0,-10],[-5,-8],[9,-7],[5,0]],[[8697,5119],[3,-4],[4,0]],[[8704,5115],[1,-4],[0,-3],[-3,1],[-1,-1]],[[8701,5108],[0,-8],[-10,-10]],[[7756,3556],[1,-6]],[[7757,3550],[-4,-15],[0,-10]],[[7753,3525],[-6,-1],[-5,-5],[-5,-1],[-4,4],[-6,-2],[-6,2],[-19,9],[-1,2],[-8,-2],[-5,-4],[-2,-17],[-13,-32],[-6,-8]],[[7667,3470],[-7,-2],[-5,0],[-2,3]],[[7653,3471],[-2,9],[-3,2],[-7,-3],[-3,2],[-3,-1],[-4,-8],[-3,-2],[-7,2],[-9,13],[-2,-5],[-3,1],[-12,14],[-15,3],[-7,-4],[-4,6],[-7,-4],[-3,5],[-11,-8],[-9,-1],[-2,2],[-4,-4],[2,-3],[-4,-1],[0,-3],[-3,-1],[-2,-5],[-4,-1],[0,-4],[-2,-2],[-9,1],[-2,5],[1,5],[-6,1],[0,3],[-1,3],[-5,3],[-5,-2],[-2,3],[-8,0],[-1,4],[2,7],[-2,3],[-4,1],[-2,5],[-14,-6],[-6,6],[-7,-2],[-17,2],[-1,-5],[-10,-7],[-2,5],[-1,6],[-8,2],[-5,8],[-5,4],[-2,-4],[-7,-2],[-1,-4]],[[7390,3515],[-16,-14]],[[7351,3467],[-2,-1],[-3,-1],[-5,8]],[[7341,3473],[-5,1],[0,9]],[[7319,3486],[-7,1],[-2,4]],[[7310,3491],[1,4],[11,14]],[[7287,3671],[-8,-7],[-7,-13]],[[7258,3708],[-4,3],[-1,0]],[[7244,3697],[-8,-5],[-5,6]],[[7185,3782],[3,8],[-1,8]],[[7188,3822],[-3,4],[2,11]],[[7175,3866],[-6,5],[-7,-3]],[[7153,3864],[-4,2],[-1,13]],[[7150,3914],[1,6],[-6,9]],[[7356,4042],[7,2],[7,-1]],[[7370,4043],[17,7],[8,11]],[[7395,4061],[5,1],[0,6]],[[7414,4093],[7,12]],[[7430,4113],[8,-2],[9,8],[5,-1],[2,-6]],[[7460,4107],[3,-8],[9,-6],[-1,-4]],[[7593,3924],[9,0],[-2,11]],[[7600,3935],[2,4],[5,0]],[[7615,3946],[9,1]],[[7624,3947],[-6,-8],[0,-5],[4,-5],[12,-8],[2,-13]],[[7636,3908],[-5,-13],[-3,-14],[-9,-2],[-3,-6],[1,-21],[2,-1],[5,5],[8,0],[9,-3],[3,-5],[3,-11],[-6,-11],[4,-23],[-7,-20],[4,-7],[3,-1],[7,2],[2,-4],[-4,-10],[-8,-11],[-6,-21],[0,-12]],[[7636,3719],[2,-9],[-1,-9],[3,-16],[3,-4],[19,-6]],[[7662,3675],[0,2],[6,3],[4,1],[0,3],[5,2],[-1,2],[1,3],[2,0],[1,2],[5,2],[-2,2],[4,3],[4,-1],[0,-2],[4,1],[2,-4],[6,-1],[2,3],[2,-6],[11,-10],[2,0],[4,11],[4,3],[1,-7],[5,-4],[3,0],[4,3],[4,-4],[4,2],[3,-2],[2,2]],[[7754,3684],[3,-2],[1,-2]],[[7758,3680],[0,-7],[1,-3]],[[7759,3670],[-1,-6],[2,-11],[-1,-15],[-2,-5],[3,-6],[0,-6],[8,-4],[2,-7]],[[7770,3610],[5,-2],[1,-7]],[[7776,3601],[6,0],[2,-8],[1,-13]],[[7785,3580],[-2,-2],[-15,-1],[-12,-21]],[[7993,7500],[4,-12],[-1,-8],[-13,-32]],[[7983,7448],[-4,-5],[-6,-2],[-13,3],[-3,-3],[-3,-10],[-3,-3],[-28,-13],[-4,2],[-1,11],[-10,7],[-9,-6],[-12,2],[-2,-3],[-2,-8],[-6,-2],[-5,4],[-10,-5],[-9,8],[-7,2],[-12,-5]],[[7834,7422],[-7,-18],[-5,-5],[-7,-3],[-21,3]],[[7794,7399],[-11,6],[-11,2],[-10,7],[-15,6]],[[7747,7420],[-4,6],[-5,2],[-8,0],[-9,-4]],[[7721,7424],[-7,-10],[-4,-1],[-5,-6],[-6,-3],[-5,-7],[-10,-2]],[[7684,7395],[-17,9],[-5,0]],[[7662,7404],[0,4],[1,5]],[[7663,7413],[-6,4]],[[7657,7417],[-2,7],[4,12]],[[7659,7436],[-2,7],[1,4],[-2,6],[2,5],[-1,2],[-4,-1],[-3,-7],[-15,-4],[-7,-7],[-2,-1],[-6,12],[-6,6],[-2,8],[-4,5],[-16,6],[-6,4],[-14,2],[-11,8],[-7,13],[-4,15],[-4,7],[-4,3],[-6,0],[-4,-4],[-7,-15],[-5,-24]],[[7520,7486],[-9,1],[-8,4],[-3,4]],[[7500,7495],[-2,8],[2,9],[11,23],[0,6],[5,13],[1,13],[5,8],[1,13],[5,7],[6,34],[7,7]],[[7541,7636],[3,-1],[1,3],[3,5]],[[7548,7643],[-1,7],[-9,17],[-8,8],[-5,8],[-14,-21],[-8,-4],[-10,-1],[-16,-12]],[[7477,7645],[-8,-1],[-6,-5],[-3,0],[-2,3],[-2,8]],[[7456,7650],[-4,4],[-11,6]],[[7441,7660],[-6,1],[3,7],[0,20]],[[7438,7688],[1,3],[-1,1],[2,3],[-2,15],[-1,5],[2,1],[-2,2],[2,1],[4,0],[-2,1],[1,3],[5,3],[1,2],[1,0],[4,6],[-1,9],[-2,5],[6,4],[-2,1],[4,5],[-1,5],[2,1],[0,4],[-3,-1],[-1,8],[2,3],[-1,4]],[[7456,7782],[-3,2]],[[7453,7784],[6,3],[7,-2],[7,4],[3,6],[4,17],[10,13],[0,5],[-4,14]],[[7486,7844],[3,34],[12,20]],[[7501,7898],[4,26],[4,15],[10,6],[1,9]],[[7520,7954],[-6,7],[-1,8]],[[7513,7969],[4,11],[-1,16],[6,12]],[[7522,8008],[12,14]],[[7534,8022],[7,-4],[3,-5]],[[7544,8013],[9,3],[3,-2],[2,-4],[1,-9],[2,-1],[7,6],[14,8],[6,-5],[4,1],[8,8],[13,-1],[18,-8],[3,9],[3,4],[15,-5],[10,-6],[4,-7],[7,-5],[2,3],[4,17],[17,24],[3,14],[9,22],[4,4],[5,1],[12,-5],[5,8],[9,8],[5,0],[3,-2],[1,15],[11,15],[5,5],[9,-4],[7,5],[7,-1],[1,3],[-1,8],[4,-1],[6,-5],[16,-1],[8,-4],[2,-4],[0,-9],[6,-6],[3,-9],[5,-5],[-5,-6],[3,-7],[-3,-7],[3,-6],[2,-1],[1,-3],[2,-2],[8,5],[10,-1],[0,-4],[3,-4],[0,-5],[12,-11],[0,-4],[2,-2],[4,-14],[2,-1],[2,-5],[4,0],[5,-5],[1,-7],[4,9],[-2,5],[9,4],[1,-1],[2,-5],[11,-11],[8,-1],[7,7],[2,-5],[5,-2],[7,14],[-2,5],[1,4],[7,4],[-4,9],[5,6],[0,9],[7,2],[4,9],[3,4],[15,1],[4,2],[3,-6],[5,-7],[5,-1],[4,-7],[4,-15],[9,-15],[1,-20],[2,-2],[9,0],[7,-9],[14,-5],[14,-12],[3,-6],[4,0],[6,4],[8,0],[34,-4],[18,2],[5,-3],[1,-6],[3,-6],[9,-2],[7,-7],[2,2],[0,3],[-5,14],[1,5],[4,8],[0,16],[-6,24],[4,6],[0,4],[3,6],[-1,8],[-4,8],[-6,7],[-1,11],[1,5],[1,-3],[7,-3],[3,-11],[10,-12],[5,-2],[10,4],[4,-1],[2,-8],[-2,-7],[6,-16],[6,-3],[7,1],[6,-14],[12,-8],[7,8],[6,3],[27,6],[13,-3],[8,5],[5,-1],[8,-4],[19,6],[12,14],[45,21],[39,-7]],[[8424,8039],[3,-7]],[[8414,8009],[-5,-7],[0,-6],[3,-10],[-4,-4]],[[8408,7978],[-11,-7],[-3,-4],[-1,-5]],[[8370,7932],[-7,-4],[-12,-5]],[[8348,7905],[-1,-3],[-4,-1],[2,-15]],[[8366,7843],[2,-5],[-2,-2],[-1,-12]],[[8365,7824],[-6,-5],[-3,-6],[0,-6],[2,-6]],[[8358,7801],[6,-10],[-1,-3]],[[8363,7788],[-4,-8],[-6,-7]],[[8353,7773],[-4,0],[-3,-6],[-9,-8],[-13,2],[-4,-4],[-7,3],[-5,-7],[-5,-1],[-3,3],[-7,-2],[-7,10],[-2,7],[-8,1],[-7,-3],[-9,5],[-1,11],[14,5]],[[8273,7789],[-1,1],[-9,4]],[[8263,7794],[-11,-2],[-1,-3]],[[8251,7789],[-2,-1],[-4,-7],[-4,-4],[0,-5],[-5,-9],[-3,4],[-10,-3],[-7,4],[-2,-4],[-4,-1],[-2,-3],[-5,0],[-1,-4],[-4,-5],[-6,-4],[-6,-10],[-4,-2],[-1,-5],[-7,-12],[-1,-6],[-2,-1],[0,-6],[3,-6],[-10,-10],[1,-6],[-3,-2],[-1,-4],[1,-8],[-6,-3],[-1,-4],[-2,-3],[-2,-5],[-7,-12],[8,-18],[11,-13],[-2,-5],[4,-5],[-1,-7],[2,-3],[2,2],[2,-2],[3,-12],[5,-4],[2,-11],[-3,-16],[-2,-5],[-14,-6],[-22,-15],[-7,-9],[-3,-9],[-3,-2],[-5,5],[-10,-1],[-5,-3],[-3,3],[-8,1],[-2,7],[3,9],[-2,3],[-8,0],[-12,-3],[-6,6],[-8,3],[-15,-5],[-9,1],[-7,-2],[-15,1],[-9,-2],[-5,-6],[-7,-19]],[[4581,3879],[-2,3],[-2,-2],[3,-2]],[[4559,3829],[0,-12],[-5,-1]],[[4490,3759],[-13,11],[-2,-4]],[[4468,3762],[-4,-3],[-11,0]],[[4453,3759],[-6,6],[3,15]],[[4450,3780],[-3,6],[-10,9],[-13,7]],[[4424,3802],[-3,4]],[[4421,3806],[-7,5],[2,7]],[[4416,3818],[-2,11],[2,13]],[[4416,3842],[-4,9],[-7,9],[-14,9],[-7,7],[0,8],[3,4],[8,1],[4,10],[3,2],[7,0],[4,5],[1,10],[-2,3],[-8,6],[-4,-2],[-4,1],[-7,13],[2,5],[10,12],[1,5],[10,6]],[[4412,3965],[0,6],[3,6],[-2,2]],[[4413,3979],[-3,-2],[-4,0],[-6,4],[-11,2],[1,6],[-4,10],[-1,11],[-2,7],[-2,5],[-8,8],[-3,12],[-7,-10],[-10,-5],[-16,-3],[-15,3],[-14,-1],[-12,-7],[-3,-6],[-4,-11],[-4,-2],[-6,6],[-5,10],[-4,2],[-17,0],[-5,5],[-2,6],[-8,7],[-4,8],[-2,11],[4,10],[-4,7],[-8,1],[-15,-12],[-16,-6],[-6,0],[-7,3]],[[4180,4058],[-14,-5],[-7,-1],[-5,15]],[[4154,4067],[-7,10],[-2,7],[-5,9]],[[4140,4093],[0,13],[-4,11],[-1,12],[-3,4],[-13,9]],[[4119,4142],[-6,13]],[[4113,4155],[-7,1],[-16,-6]],[[4090,4150],[-10,0],[-7,-5]],[[4073,4145],[-5,3],[-6,12]],[[4062,4160],[-3,1],[-3,5],[-2,18],[-4,12]],[[4050,4196],[-3,6],[6,10]],[[4053,4212],[-1,15],[-6,12],[-4,26],[-8,3]],[[4034,4268],[-3,5],[-5,18],[0,9],[2,8],[7,9]],[[4035,4317],[4,17],[9,-3],[9,2],[6,-1],[13,11],[2,6],[-1,7],[1,4],[7,8],[-4,5]],[[4081,4373],[-1,6],[1,8],[3,6],[8,5],[11,1]],[[4103,4399],[7,3],[16,11],[8,9]],[[4134,4422],[6,2],[2,14]],[[4142,4438],[-2,1],[1,2]],[[4141,4441],[-1,2],[-5,2]],[[4135,4445],[-2,4]],[[4133,4449],[-5,0],[0,4],[-2,0],[1,4],[-4,4],[1,3],[-1,2],[-6,3],[-2,-3],[-2,1],[-1,9],[6,2],[1,10],[-1,1],[0,3],[4,1],[-2,5],[2,0],[-5,4],[-3,7],[-3,-1],[-5,3],[-3,-2],[0,-3],[-4,3],[0,5],[5,5],[-4,2],[2,5],[-1,2],[-3,-4],[-3,-1],[-2,2],[0,5],[3,2],[0,3],[-1,4],[-2,0],[1,5],[-3,3],[1,2],[-1,2],[1,1],[2,0],[0,1],[-6,1],[-2,-1],[1,-2],[-2,0],[-2,10],[-3,-1],[-1,2],[3,6],[-4,-1],[1,4],[-8,2],[-2,3],[-4,-2],[-2,5],[1,3],[-2,1],[-1,3],[-2,0],[0,3],[1,2],[-2,2],[3,3],[3,7],[-5,2],[1,5],[-4,-1],[-1,2],[-2,1],[-3,-5],[-2,6],[-2,-2]],[[4046,4611],[-1,3],[-2,-1]],[[4043,4613],[-1,4],[-5,0]],[[4037,4617],[-1,2],[17,4]],[[4053,4623],[6,-7],[5,1],[4,-5],[6,-1],[7,-10],[15,9],[4,-1],[3,-4],[14,2],[4,5],[15,6],[3,8],[-1,10],[11,8],[2,3],[-2,4],[5,2],[13,-1],[5,-3],[0,-7],[4,-4],[16,2],[17,-7],[9,3]],[[4218,4636],[21,-1],[4,2],[8,11],[14,30]],[[4265,4678],[5,0],[10,-3],[6,4],[4,0],[3,2],[2,15],[-6,4],[-2,4],[2,13],[-2,10],[12,1],[-5,-13],[2,-2],[6,-2],[7,5],[11,1],[4,-4],[12,8],[2,-4],[7,-4],[1,-6],[1,0],[-2,-5],[5,-4],[6,4],[4,0],[0,2],[4,2],[1,2],[2,-1],[5,4],[2,0],[1,4],[5,4],[4,6],[6,1],[1,1],[0,2],[4,0],[4,6],[2,-1],[-2,4],[2,4],[3,-2],[1,6],[-2,3],[3,5],[-2,2],[1,1],[-1,3],[4,-3],[4,0],[1,2],[3,-1],[0,2],[-4,1],[3,1],[-5,6],[11,2],[-1,4],[3,3],[5,1],[-4,4],[1,7],[8,2],[4,6],[3,-4],[2,2],[-1,2],[1,2],[7,-3],[-2,5],[5,1],[-1,1],[4,6],[1,5],[-1,4],[2,1],[-2,5],[4,3],[-4,2],[0,4],[-4,-4],[-5,3],[6,3],[2,5],[5,5],[2,-2],[0,5],[7,-2],[4,3],[0,4],[3,-3],[2,5],[7,1],[2,3],[3,-2],[3,6],[7,1],[2,3],[4,-5],[5,2],[1,-5],[1,5],[3,1],[5,-7],[2,2],[3,-2],[1,3],[5,1],[6,7],[3,-2],[3,2],[4,-1],[0,2],[-2,3],[4,1],[-1,4],[14,5],[-2,9],[1,3],[1,-1],[4,-5],[4,2],[6,-1],[2,3],[3,-1],[0,3],[3,4],[-1,7],[6,8],[9,3],[6,0],[1,4],[3,2],[16,2],[1,6],[7,-3],[-1,10],[2,3],[4,1],[6,-3],[2,1],[-3,6],[1,3],[4,2],[5,-2],[0,3],[-2,3],[1,3],[5,0],[7,6],[-1,5],[-5,1],[1,11],[4,3],[0,14],[5,3],[6,0],[0,6],[-3,3],[1,1],[8,-1],[3,2],[0,4],[-2,3],[-5,-1],[-1,8],[8,2],[-2,14],[7,3],[-3,7],[1,6],[6,6],[-2,3],[-5,-1],[0,3],[2,4],[0,3],[2,5],[6,2],[2,5],[-1,9],[-2,8],[-5,1],[-5,-3],[-1,3],[3,4],[14,9],[8,7],[5,1],[6,-15],[2,-1],[1,4],[7,-8],[12,-5],[9,-18],[6,-3],[2,0],[4,7],[10,6],[1,6],[1,3],[11,-2],[4,3],[10,-6],[9,5],[-1,2],[4,-2],[1,3],[2,0],[3,-2],[7,6]],[[4823,5110],[1,-2],[3,2],[-1,-11],[11,2]],[[4783,4812],[-7,-23],[5,-5]],[[4649,4146],[-7,-1],[0,-2],[4,-1],[-6,-5],[5,-6],[-1,-2],[-4,1]],[[4618,4091],[1,-1],[4,-1]],[[4619,4085],[-1,-3],[-3,-3],[1,-2],[6,-2]],[[4612,3954],[1,-2],[-4,-2]],[[4598,3910],[-7,-3],[0,-3]],[[7864,6629],[-2,9]],[[7862,6638],[-9,5]],[[7853,6643],[-9,15],[0,-6],[-2,-4]],[[7842,6648],[-9,-12],[-3,-2]],[[7830,6634],[-4,-8],[-9,-12],[-15,-12],[-12,-3],[-11,7],[0,4],[6,14]],[[7785,6624],[0,7],[-12,40]],[[7773,6671],[1,3],[6,9],[-1,8],[-7,3],[-7,-1],[-2,1],[-3,-3]],[[7760,6691],[-9,0],[-11,-12],[-3,-1],[-5,2],[-10,21]],[[7722,6701],[-3,-1],[-3,4],[-15,6],[-2,1],[-5,-4],[-2,0],[-2,6],[2,13],[-1,13],[-2,5],[-5,5],[-3,13],[-6,5],[-3,6],[1,17],[-3,7],[-5,5],[-5,-4],[-4,0],[-10,0],[-5,3],[-3,-5],[-2,0],[-6,-8],[-2,1],[-4,8],[-5,2],[-1,5],[5,4],[-4,6],[0,6],[3,4],[-3,5],[2,5],[0,4],[4,6],[-6,0],[-5,8],[-5,4],[-6,8],[-3,0],[-4,4],[-5,9],[5,8],[0,17],[7,8],[-1,11],[-6,6],[-7,1],[0,3],[-4,4],[1,10],[-6,12],[2,5],[-2,5],[1,4],[-3,6],[-12,14],[-1,5],[-6,5],[0,9],[-9,16],[-19,14],[-11,4]],[[7520,7044],[-8,6],[-5,18],[1,7]],[[7508,7075],[2,5]],[[7510,7080],[2,-1]],[[7512,7079],[2,2],[-1,11]],[[7513,7092],[13,1]],[[7526,7093],[2,1],[6,24]],[[7534,7118],[5,8],[21,-5],[6,2],[5,-8],[4,0],[5,5],[5,1],[3,9],[6,5],[2,9],[3,7],[15,10],[4,1],[7,9],[10,2],[8,10],[10,4],[5,8],[11,-4],[10,17],[5,4],[5,-7],[3,-1],[18,10]],[[7710,7214],[3,4],[7,3]],[[7720,7221],[3,5],[4,3],[0,8],[-5,2],[-3,5],[-6,3],[-7,-2],[-2,1],[0,12],[2,6],[-3,4],[2,4],[-2,2],[1,14],[-9,6],[-1,3],[-3,1],[1,8],[-5,8],[4,5],[-4,12],[5,3],[1,4],[-7,5],[-7,2],[0,7],[-5,4],[-1,6],[-5,1],[1,3],[2,1],[-2,5],[4,1],[-2,2],[2,2],[-2,9],[1,3],[5,1],[-10,7],[-1,7]],[[7666,7404],[18,-9]],[[7721,7424],[15,4],[6,-1],[5,-7]],[[7794,7399],[19,-3],[6,1],[5,3],[6,10],[4,12]],[[7983,7448],[3,8],[5,7],[3,-6]],[[7994,7457],[12,-4],[4,1],[4,-2],[3,-5],[0,-10],[20,-15],[7,0],[7,-11],[13,-6]],[[8064,7405],[2,-4],[1,-7],[-4,-9]],[[8063,7385],[0,-13],[-17,-38],[1,-11],[-3,-15],[1,-14],[8,-2],[7,3],[6,6],[9,-1],[8,-8],[3,-1],[8,-11],[12,0],[1,-9],[-7,-3],[-1,-3],[10,-25],[0,-14],[5,-1],[15,-10],[5,-1],[6,-8],[8,-12],[6,-1],[7,1],[11,-7],[0,-4],[-2,-6],[1,-12],[-3,-8],[6,-5],[-3,-4],[2,-8],[-2,-3],[1,-6],[2,-2],[-7,-10],[0,-6],[5,-5],[5,-2],[0,-3],[-4,-2],[-1,-6],[-6,-1],[-4,-3],[0,-10],[-3,-3],[4,-7],[4,-1],[0,-3],[-4,-4],[-1,-5],[6,-8],[-1,-5],[3,-6],[0,-3],[5,-3],[1,2],[2,0],[3,-5],[9,-4],[3,-4],[2,3],[4,-8],[0,-3],[5,-5],[1,-6],[3,-1],[2,-5],[7,8],[2,8],[-4,29],[2,3],[3,1],[8,-4],[3,0],[7,-8],[14,2]],[[8252,7036],[11,-2],[16,-18]],[[8279,7016],[5,-11],[17,-1],[3,-3],[2,-5],[-2,-8],[-8,-10],[-6,-4],[0,-2],[2,-2],[6,-1],[10,6],[9,-3],[0,-7],[-9,-10],[-3,-12]],[[8305,6943],[1,-10]],[[8306,6933],[10,-1],[8,3],[7,6]],[[8331,6941],[9,3],[8,-12],[6,-1],[4,-12],[3,-4],[5,-3],[4,3],[4,-4],[7,-1],[7,-7],[10,0],[7,-15],[7,-7]],[[8412,6881],[5,-2]],[[8254,6769],[-3,-17],[-2,-2]],[[8235,6763],[-9,14],[-10,1]],[[8210,6773],[-4,-9],[-3,-12],[6,-11],[-3,-19]],[[8206,6722],[10,-14],[-2,-12],[-7,-6],[-8,1],[-5,7],[-7,4]],[[8187,6702],[-11,-2],[-17,5],[-14,2],[-25,24]],[[8120,6731],[-4,-8],[-1,-5]],[[8115,6718],[6,-17],[1,-19]],[[8122,6682],[3,-10],[0,-14]],[[8125,6658],[-3,-14]],[[8122,6644],[5,-34],[1,-14],[-5,-16]],[[8123,6580],[-2,-2],[-3,1]],[[8118,6579],[-6,6],[-4,8],[-6,4],[-9,-7],[-11,-17],[-7,-1],[-9,6],[2,11],[-3,9],[-11,0],[-11,4],[-8,-2],[-3,4]],[[8032,6604],[-5,0],[-4,-8]],[[8023,6596],[-6,-4],[-5,-6],[1,-15]],[[8013,6571],[-3,-11],[3,-17],[-1,-3],[-5,-5]],[[8007,6535],[0,-21],[-8,-16],[-2,-8],[-12,-11],[0,-8]],[[7985,6471],[-3,-9],[-1,-11]],[[7981,6451],[-7,9]],[[7974,6460],[-6,-2],[-6,8],[0,6],[2,10],[-5,10],[0,9],[-6,5]],[[7953,6506],[1,9],[-2,4],[-3,2]],[[7949,6521],[-4,0],[-3,3],[-3,-3]],[[7939,6521],[-3,6],[-11,4],[-8,0]],[[7917,6531],[6,11],[0,12],[-7,5],[-2,3],[-9,1],[-4,5],[0,13],[-8,10],[-9,4],[-3,9],[-4,1],[-5,6],[-11,3],[3,15]],[[7432,6966],[-1,-8],[-6,-4],[-7,2],[-6,-1],[-5,-8],[3,-4],[2,-10],[6,-8],[1,-4],[-8,-13],[-7,-9],[0,-2],[5,-4],[-2,-13],[-8,-1],[-6,2],[-4,-4],[1,-4],[4,-4],[6,-11],[-4,-12],[-7,-9],[-9,3],[-3,-2],[-2,-12],[-3,-3],[-3,-9],[5,-10],[0,-11],[-9,3],[-10,-9],[-5,-1],[-3,-3],[-1,-5],[-9,-11],[-6,1],[-8,-4],[-15,-1],[-1,-2],[3,-8],[-1,-2],[-7,2],[-10,8],[-1,6],[-2,3],[-3,-2],[-9,1],[-1,-3],[0,-7],[-4,-4],[-3,-2],[-2,4],[-3,2],[-2,9],[-4,1],[-2,-6],[0,-11],[-5,-18],[0,-6],[-4,-3],[-1,-12],[-8,-2],[-8,-9],[-9,-7],[-4,-1],[-1,-8],[-11,-21],[-1,-4],[2,-7],[-7,-9],[1,-4],[-1,-8],[4,-5],[0,-3],[-2,-10],[-6,-3],[-1,-5],[-4,-4],[-5,-11],[-7,7]],[[7178,6599],[-5,0],[-3,2],[-3,0]],[[7167,6601],[-1,-3],[-3,0]],[[7163,6598],[-4,-5],[-1,-5]],[[7158,6588],[-3,0],[-9,-9],[-3,-1],[-8,-11],[-4,-9]],[[7131,6558],[-3,-1]],[[7128,6557],[2,8]],[[7130,6565],[-2,2],[-10,1],[-5,-2]],[[7113,6566],[-1,4],[-3,1],[-3,7],[-8,3],[-5,10],[2,15],[4,4],[8,13],[-2,8],[0,7]],[[7105,6638],[-8,23],[-3,2]],[[7094,6663],[-22,-6],[-8,8],[1,7],[-1,3],[-3,2],[-5,-1],[-4,0],[-7,12],[-1,-8],[-10,-11],[-14,12],[-7,0]],[[7013,6681],[-1,6],[-4,2]],[[7008,6689],[-3,5],[7,0]],[[7033,6787],[0,11],[10,12]],[[7060,6837],[9,0],[2,3],[2,10],[4,2],[1,7]],[[7072,6891],[2,0],[3,3],[4,2]],[[7081,6896],[3,11],[-3,6]],[[7078,6918],[4,26],[-6,12],[-6,4]],[[7054,7199],[-3,1],[1,2]],[[7052,7202],[-2,1],[1,2],[-3,2]],[[6486,7556],[-4,3],[1,3],[0,4],[2,0],[1,4]],[[6490,7698],[4,5],[-2,2]],[[6507,7862],[-1,2],[4,3]],[[6510,7867],[-2,2],[3,0],[1,-2],[2,2],[0,-2],[3,1],[-1,2],[1,2],[-1,0],[0,2],[-5,5],[2,3],[6,2],[1,4],[2,-2],[4,2],[4,4],[0,-2],[6,0],[5,9],[0,-2],[2,0],[2,-3],[4,5],[-1,5],[2,0],[0,1],[1,1],[5,0],[4,6],[3,7],[-2,10],[4,10],[-1,4],[-2,-3],[0,4],[-2,2],[3,-1],[3,3],[1,3],[-2,3],[2,1],[-1,2],[3,2],[0,5],[4,1],[-1,5],[1,2],[3,1],[0,7],[2,1],[7,-2],[1,4],[3,-1],[1,2],[4,1],[0,4],[-3,1],[1,3],[5,3],[1,5],[0,7],[3,4],[0,-2],[2,-1],[2,1],[-2,-3],[1,-2],[2,1],[2,15],[6,4],[1,4],[0,4],[2,2],[-1,4],[-3,3],[0,3],[2,3],[2,-2],[2,9],[2,-1],[2,4],[1,10],[2,6],[-9,9],[-4,0],[-1,2],[-1,-1],[-2,4],[-3,2],[6,5],[8,-4],[4,1],[1,3],[2,0],[-1,5],[3,6],[-3,2],[-1,-2],[-3,1],[-3,10],[3,6],[-7,8],[-6,2],[-8,11],[-2,-2],[-3,1],[2,7],[4,2],[5,7],[9,0],[2,-1],[0,-5],[2,-1],[1,1],[2,0],[1,4],[-4,6],[3,6],[0,7],[-5,12],[-6,9]],[[6612,8197],[-1,9],[-5,3]],[[6606,8209],[0,2]],[[6606,8211],[-3,0],[2,5],[2,1],[8,-3]],[[6615,8214],[3,-4],[5,1]],[[6623,8211],[8,-8],[2,0]],[[6633,8203],[0,6],[2,3],[1,-1]],[[6636,8211],[0,2],[6,-4]],[[6642,8209],[0,-2],[-2,-2]],[[6640,8205],[-2,-4],[-6,-2],[-2,-6],[-5,2]],[[6625,8195],[0,-1],[2,-5]],[[6627,8189],[10,0],[2,-3],[0,-4],[1,-2],[1,-10],[-4,-4],[0,-3],[-3,-7],[3,-2],[-1,-6],[2,-7]],[[6638,8141],[-1,-4],[0,-4],[5,-8]],[[6642,8125],[5,-5],[5,0],[2,-3],[4,2],[3,-7],[5,-1],[1,-3],[2,-1],[-2,-6],[0,-4],[6,-5],[0,-4],[3,-2],[0,-2],[-1,-2],[3,-3],[-1,-1],[3,-6],[7,-1],[2,-3],[4,1],[2,-5],[0,-3],[6,-6],[-3,-6],[3,-8],[0,-5],[3,-4],[0,-8],[4,-4],[-11,0],[4,-4],[-6,-9],[-2,-7],[-3,-6],[3,-2],[-2,-3],[3,-13],[-7,-6],[2,-3],[3,-6],[5,2],[6,-3],[1,-5],[-1,-3],[8,-5],[-1,-4],[3,-8],[-7,-1],[1,-4],[-2,-1],[3,-6],[-4,-5],[1,-5],[-1,-1],[5,-8],[-2,-4],[1,-4],[6,-4],[-1,-16],[1,-7],[8,-5],[2,3],[7,-9],[3,3],[4,-3],[6,1],[4,-5],[5,0],[3,1],[4,6],[2,-1],[3,3],[5,1],[2,-2],[0,5],[3,-1],[1,3],[4,0],[2,3],[5,-6],[2,3],[2,0],[2,13],[5,1],[7,-6],[0,-4],[4,-5],[8,-1],[1,-4],[4,-1],[2,-3],[4,1],[3,-3],[6,-1],[4,-4],[10,-18],[7,-8],[5,3],[16,-6],[13,9],[5,0],[8,-4],[7,0],[5,-8],[6,-3],[3,-4],[2,7],[5,1],[4,5],[10,3],[3,4],[8,-6]],[[6958,7827],[0,-15],[3,-2],[0,2],[2,-2],[0,-7]],[[6963,7803],[6,-3],[-1,-3]],[[6968,7797],[3,1],[0,4],[6,-4],[3,-4],[-2,-5],[2,0],[0,-5],[3,-1],[0,-2],[5,-4],[3,-5],[2,2],[1,-2],[2,1],[3,-5],[2,1],[1,-5],[5,0],[2,-4],[10,-8],[0,-2],[10,-3],[5,-8],[6,-2],[5,-4],[1,-2],[2,0],[2,-4],[3,1],[1,-4],[-3,-1],[3,-3],[0,-2],[15,-16],[1,-3],[2,0],[1,-9],[-3,-11],[1,-3],[-2,0],[-6,-14],[-3,-4],[-3,-11],[-5,-6],[-2,-8],[5,3],[9,12],[8,5],[0,8],[5,2],[2,8],[7,8],[4,19],[2,4],[20,7],[4,4],[2,8],[2,2],[11,-5],[16,3],[5,9],[0,7],[1,4],[15,6],[2,3],[13,5],[6,8],[1,7],[8,14],[3,-2],[8,-1],[3,-4],[1,-6],[3,0],[0,1],[4,1],[0,2],[8,5],[4,-5],[1,-2],[3,0],[10,5],[8,2],[5,-1],[1,5],[1,0],[2,5],[1,0],[0,3],[4,0],[3,2],[7,-5],[7,3],[3,-3],[9,2],[2,-7],[3,-2],[4,9],[4,-1],[2,-7],[4,3],[5,1],[1,10],[3,5],[1,-2],[4,0],[1,-3],[3,0],[3,7],[2,-2],[6,3],[0,-4],[9,-1],[4,-3],[1,-5],[2,2],[1,8],[2,0],[3,-3],[1,7],[2,-4],[1,6],[2,-1],[2,-5],[1,5],[3,-5],[6,-2],[2,2],[-1,3],[4,0],[1,2],[2,-1],[4,5],[2,-1],[0,-3]],[[7399,7807],[4,6],[2,-4]],[[7405,7809],[7,0],[3,-6],[3,2],[1,-4],[3,2],[3,-3],[2,0],[1,3],[4,-2],[1,3],[5,-1],[0,-4],[4,-1],[1,-2],[-4,-5],[2,-5],[2,1],[3,-5],[2,3]],[[7448,7785],[1,-5]],[[7449,7780],[3,1]],[[7452,7781],[-2,2],[1,1]],[[7451,7784],[5,-2]],[[7438,7688],[0,-17],[-2,-7],[0,-3],[5,-1]],[[7456,7650],[2,-9],[4,-3],[5,6],[10,1]],[[7548,7643],[-4,-7],[-3,0]],[[7500,7495],[9,-8],[11,-1]],[[7659,7436],[-4,-11],[2,-8]],[[7663,7413],[-1,-9]],[[7662,7404],[4,0]],[[7720,7221],[-6,-2],[-4,-5]],[[7534,7118],[-6,-23],[-2,-2]],[[7513,7092],[1,-10],[-2,-3]],[[7512,7079],[-4,3]],[[7508,7082],[-5,14],[-11,-2],[-1,-17]],[[7491,7077],[2,-5],[0,-4]],[[7493,7068],[-18,-33],[-3,-2],[-5,0],[-5,-3],[-7,0],[-8,-4],[-6,-6]],[[7441,7020],[-5,0],[-7,-5],[-3,-4]],[[7426,7011],[-1,-6],[3,-14]],[[7428,6991],[-3,-6],[-1,-5],[8,-14]],[[3525,2578],[-1,14],[5,10],[1,4],[0,7],[-2,6],[1,3],[-10,7],[-4,0],[1,11],[3,9],[-7,6],[-7,3],[-1,5],[-1,6],[3,10],[-2,5],[-7,-1],[-2,14],[-7,15],[4,2],[0,11],[-3,16],[-3,1],[1,5],[-4,7],[-2,8],[-3,3],[-8,1],[-11,6],[-2,-1],[-2,2],[-4,-1],[-1,3],[-4,1],[-1,3],[-10,7],[-2,-2],[-6,1],[-2,5],[-6,2],[-1,4],[-3,3],[-2,-1],[0,3],[-2,2],[-11,4],[-5,3],[-3,5],[-3,-2],[-1,5],[-4,6],[-4,0],[-2,3],[-3,-1],[-2,5],[-7,2],[1,3],[-5,1],[0,2],[-6,6],[-1,1],[1,1],[-2,1],[6,6],[-2,4],[1,4],[-6,4],[1,4],[-3,2],[2,4],[5,2],[-4,2],[-1,2],[5,2],[-1,8],[2,1],[2,3],[-4,7],[-2,0],[0,2],[3,6],[-1,3],[2,3],[-2,1],[-3,-1],[-1,2],[3,3],[-3,3],[1,2],[-2,1],[1,2],[-1,2],[1,2],[0,2],[1,1],[-2,1],[2,6],[-3,8],[1,2],[-2,5],[2,1],[-3,2],[5,7],[0,3],[3,3],[-1,0],[0,4],[2,1],[0,1],[2,-2],[1,2],[1,6],[-2,2],[2,1],[-1,5],[1,3],[-2,1],[2,3],[1,-2],[1,3],[0,11],[2,2],[2,12],[3,4],[2,1],[-1,1],[3,2],[-1,2],[5,0],[0,2],[1,0],[0,2],[3,2],[3,9],[4,7],[6,2],[-1,4],[4,9],[1,5],[2,3],[2,10],[4,8],[1,11],[11,-8]],[[3420,3104],[11,4],[8,0],[10,-11],[5,-9],[4,-2],[15,9]],[[3473,3095],[8,-1]],[[3481,3094],[3,-3],[4,-10]],[[3488,3081],[1,-23],[11,-23]],[[3500,3035],[8,-2],[11,7],[13,-2]],[[3532,3038],[12,7],[3,0],[-4,4],[-12,4],[-8,6],[-7,2],[-4,7],[0,6],[2,6],[8,-1],[1,1],[-3,18],[1,13],[-3,4],[0,14],[15,4],[22,2],[13,6],[7,6],[10,0],[5,-5],[4,0],[6,-3],[6,1],[2,4],[7,3],[6,-6],[9,-3],[11,8],[5,10],[-1,5],[8,1],[2,1],[6,-2],[4,1],[3,6],[7,-1]],[[3675,3167],[26,-13],[4,-10],[4,-2],[9,0],[1,2]],[[3719,3144],[1,10]],[[3720,3154],[5,1],[4,5],[3,0]],[[3732,3160],[28,-15],[15,-6],[4,-5],[12,-10],[1,-3],[12,2]],[[3804,3123],[11,-9],[1,-2]],[[3816,3112],[-6,-4],[-1,-5],[2,-6],[3,-3],[0,-4],[-4,-2],[0,-3],[4,-9],[3,-13]],[[3817,3063],[-2,-14],[2,-5]],[[3817,3044],[3,0],[2,4],[10,1],[3,6],[5,-2],[6,2],[24,-6],[10,1],[9,-8],[9,-13],[0,-5],[7,-8],[7,-2],[5,-5],[12,-9],[7,-3],[6,-7],[23,-12],[3,5],[-1,8],[5,2],[3,-1],[12,-15],[11,-8],[2,-13],[4,-7],[1,-7],[22,-5],[4,4],[5,10]],[[4036,2951],[8,0],[9,-9]],[[4053,2942],[3,-5],[0,-3],[3,-1]],[[4059,2933],[4,-5]],[[4063,2928],[1,-4],[-2,-10]],[[4062,2914],[1,-3],[7,-7]],[[4070,2904],[1,-4],[6,-4],[3,-5],[6,-6],[3,-4],[-2,-2],[0,-3],[4,-3],[0,-2],[5,-5],[-2,-2],[3,-3],[-3,-4],[2,-3],[-7,-2],[-7,2],[-5,-6],[-1,-5],[2,-2],[-1,-2],[1,0],[0,-4],[6,-4],[3,-5],[1,0]],[[4088,2826],[6,-9],[0,-2],[-3,2]],[[4091,2817],[1,-5],[-3,-1],[-2,-5],[-8,8],[-2,-2],[-7,3],[0,-3],[-2,-2],[-5,-2],[0,-5],[-3,0],[-3,-6],[-2,-1],[-2,4],[-2,-4],[-5,-2],[0,-5],[-2,-8],[2,-6],[4,-4],[3,-6],[-2,-4],[1,-7],[5,-4],[4,1],[2,-3],[-10,-9],[-7,5],[-7,-9],[-7,3],[-1,-9],[-3,-3],[-1,1],[-2,0],[-1,3],[-6,2],[-4,-4],[-4,-1],[-4,-6],[-9,-5],[-9,-1],[-10,-4],[-9,7],[-10,2],[-12,10],[-6,3],[-19,16],[-33,41],[-4,3],[-21,5],[-23,2],[-9,5],[-18,0],[-10,3],[-10,5],[-17,19],[-3,-2],[-5,1],[-7,-5]],[[3762,2826],[-11,4],[-8,-2]],[[3743,2828],[-5,-6],[2,-8]],[[3740,2814],[-1,-7]],[[3739,2807],[3,-12],[2,-3],[10,-4]],[[3754,2788],[4,-6],[2,-8]],[[3760,2774],[-1,-3],[-2,-1],[-6,4],[-6,-1],[0,-3],[3,-6],[-3,-8],[0,-4],[9,-3],[9,2],[4,-2],[6,1],[6,-9],[5,2],[4,4],[4,-1],[2,-2],[-7,-8],[5,-5],[-3,-6],[1,-6],[-9,0],[1,-7],[-10,-10],[-2,-9],[-2,-1],[-1,4],[-2,0],[-2,-6],[-1,-13],[-3,-1]],[[3759,2676],[-3,-6],[1,-11]],[[3757,2659],[4,3],[3,5],[2,-6],[0,-10],[-3,-2],[3,-12],[-3,1],[0,-6],[-4,-2],[-5,-6],[1,-10],[1,2],[2,-5],[-2,-3],[-2,2],[-3,-1],[3,-3],[-2,-4],[5,-1],[3,-9],[2,-3],[0,-3],[-6,-2]],[[3756,2584],[2,-4],[-1,-8]],[[3757,2572],[-4,-6],[3,-10],[-4,-10]],[[3752,2546],[-2,0],[-3,-5]],[[3747,2541],[-6,-5],[-5,1]],[[3736,2537],[-4,-12],[-3,-1],[-12,5],[-2,-2],[-1,-4]],[[3714,2523],[-9,0],[-5,-11],[-6,-8],[-7,-3]],[[3687,2501],[-9,1]],[[3678,2502],[-2,-1],[-4,-9]],[[3672,2492],[-5,-2],[-3,-3],[-1,-5],[3,-5],[-5,-17]],[[3661,2460],[-3,-2]],[[3658,2458],[-2,-8],[-7,0]],[[3649,2450],[-16,28],[-4,11],[-6,4],[-8,1],[-4,5],[-8,4],[-3,15],[-9,3],[-13,11],[-5,1],[-7,-2],[-5,7],[-10,1],[-4,3],[-6,14],[-3,3],[-4,2],[0,4],[-3,7],[-6,6]],[[6653,2691],[10,11]],[[6658,2709],[-5,8],[6,10]],[[6667,2783],[0,12],[-3,8],[-3,0],[-2,5],[-11,5]],[[6585,2865],[-6,3],[-3,-1],[-2,-10]],[[6505,2802],[1,-16],[-4,-3]],[[6491,2784],[-7,-1],[-4,2],[-3,-2],[-4,2]],[[6474,2789],[3,9],[-5,7]],[[6473,2812],[-1,11],[5,9]],[[6477,2837],[-4,5],[-3,0]],[[6404,2873],[-7,7],[-9,0],[-6,3]],[[6372,2873],[-4,5],[-9,1],[-2,3],[3,2]],[[6353,2981],[-2,5],[-1,13],[-1,9]],[[6345,3015],[1,7],[-5,20]],[[6341,3042],[-12,20],[-5,18]],[[6324,3080],[-3,22]],[[6321,3102],[-3,5]],[[6478,3157],[2,-2],[2,4]],[[6571,3203],[14,4]],[[6588,3219],[10,9],[2,-1],[1,-8]],[[6610,3213],[0,-8],[3,-6],[5,0]],[[6629,3154],[1,-4],[7,-10]],[[6882,3202],[-1,-4]],[[6881,3198],[2,-4],[-1,-4],[-7,-8]],[[6875,3182],[-1,-5],[1,-10],[-4,-2],[0,-20],[2,-3],[0,-5],[-6,-2],[1,-7],[3,0],[4,1],[3,-1],[4,3],[4,0],[6,-11],[4,-1],[5,7],[3,-5]],[[6904,3121],[5,-2],[7,2]],[[6916,3121],[7,-8],[6,3]],[[6929,3116],[-1,9],[7,2],[1,8],[1,2],[15,3],[3,-4],[3,0],[1,6]],[[6959,3142],[4,4],[8,-6]],[[6971,3140],[5,1],[6,-5],[2,-3],[3,-1],[2,-12],[6,-2]],[[6995,3118],[1,3],[-2,6],[3,7],[7,10],[3,0],[3,4],[1,5],[7,10],[6,2],[1,-6],[3,-2],[1,1],[4,-1],[12,2],[1,-3],[-3,-5],[5,-5],[-2,-7],[3,-9],[-2,-4],[7,-7],[-2,-6],[2,0],[3,-7],[-1,-7],[4,-5],[-4,-5],[-1,-15],[-6,-4],[-4,-8],[0,-6],[5,-5],[-1,-5],[-2,0],[0,3],[-6,-2],[-3,7],[-2,0],[-4,-3],[1,-4]],[[7033,3047],[-1,-4],[-2,-2]],[[7030,3041],[-3,-1],[2,-2]],[[7029,3038],[-2,-7],[2,0],[2,-5],[3,-4],[0,-4],[3,-2],[-2,-6],[1,-3],[-5,-6],[10,1],[2,3],[4,1],[12,-5],[0,-6],[3,-3],[3,-13],[3,-2]],[[7068,2977],[3,-5],[-9,-5],[-13,-1]],[[7049,2966],[0,-4],[3,-3],[-4,-4],[0,-4],[-1,-3],[-3,-2],[0,-8],[3,-5],[4,1],[3,-4],[-5,-5],[-1,-6],[-6,-3]],[[7042,2916],[0,-3],[-2,-5],[0,-6],[7,-2]],[[7047,2900],[2,-3],[4,0],[3,-4],[6,-2],[2,-8],[3,-3],[0,-6]],[[7067,2874],[14,-6]],[[7081,2868],[-1,-2],[2,-3],[-1,-1],[-3,-9],[1,-7],[-7,-4]],[[7072,2842],[3,-10],[-1,-5],[-3,-5],[-5,-1]],[[7066,2821],[1,7],[-5,-1],[-3,7],[-5,-2],[-3,2],[0,6],[-7,3],[-6,10],[-3,0],[-1,3],[3,9]],[[7037,2865],[-5,7],[-4,2]],[[7028,2874],[-4,-2]],[[7024,2872],[-6,0],[-3,-5]],[[7015,2867],[2,-8],[-3,1],[-3,-2],[-1,2],[-3,-4]],[[7007,2856],[-5,-1],[0,-6]],[[7002,2849],[-2,-3],[1,-8],[-2,-1],[-7,6],[1,1]],[[6993,2844],[1,6],[-8,-6]],[[6986,2844],[0,5]],[[6986,2849],[-3,3],[-2,-3],[-3,1],[-1,-3],[-3,-2],[1,6],[-6,0],[-4,-1],[-1,-4],[-6,-4],[-8,2],[-4,-2]],[[6946,2842],[-1,-6],[5,-2]],[[6950,2834],[1,-6],[-4,-1],[2,-4],[-3,-15],[-6,-11],[0,-2],[-1,-5],[-5,-1]],[[6934,2789],[-6,3],[-6,-1]],[[6922,2791],[-1,3],[-2,-4],[0,-4],[-3,-4],[-5,0],[-7,-5],[0,-2],[-5,-5],[1,-4],[-6,-4],[-2,-4],[-6,2],[-4,-4],[-4,-1],[-9,-4],[-4,-1],[-5,-8],[6,-3],[-4,-8]],[[6862,2731],[-5,-1],[-4,2]],[[6853,2732],[-2,-2],[-9,0],[-12,4],[-3,-13],[3,-8],[-9,-3],[0,-8],[-3,-8],[-5,3],[-5,1],[-5,-23],[-5,1],[-4,-2],[-7,4]],[[6787,2678],[0,-15]],[[6787,2663],[3,-9],[5,-7],[-4,-7]],[[6791,2640],[-11,-4],[-4,4]],[[6776,2640],[-7,1]],[[6769,2641],[-7,4],[-6,-1]],[[6756,2644],[-1,4],[-6,-4],[-6,2]],[[6743,2646],[-1,7],[-7,2]],[[6735,2655],[-1,4],[-4,2],[-4,7],[-3,0],[-9,11],[-4,-8],[-7,2],[-1,-4],[-4,-3],[-12,0],[-1,3],[-2,5],[0,4],[-6,7],[-10,-3],[-14,9]],[[5625,3419],[0,1],[-1,6],[1,4],[-2,2]],[[5623,3432],[0,2],[2,3],[-4,4]],[[5621,3441],[-2,0],[0,-3],[-7,-10],[0,-4],[-8,-5],[-12,-3],[1,7],[-4,10],[-2,1],[-5,-2],[-5,16],[-7,1],[-2,2],[-1,16],[1,3],[-2,5],[1,12],[-4,5],[-5,2]],[[5558,3494],[-1,7],[-1,2],[-7,-1]],[[5549,3502],[-3,10],[-9,11],[-1,5],[-2,-1],[-5,-7],[-6,9],[-8,-1],[-6,-3]],[[5509,3525],[-6,5],[-4,0]],[[5499,3530],[4,-10],[7,-4]],[[5510,3516],[4,-7],[-1,-9],[3,-12],[-2,-7],[1,-5],[4,-4],[1,-2],[-5,-8],[-3,2],[-5,-4],[-5,0],[1,-3],[0,-4],[-6,-7],[-6,-3],[-4,-7],[-8,-1],[-2,-4],[-2,-2],[-4,5],[-3,-2],[-6,3],[-7,-2],[-3,-3],[-5,0],[-1,5],[-5,3],[-8,0],[-2,2],[0,5],[-1,-1],[-5,8],[-1,7],[-3,4],[-6,1],[-10,-8],[-6,5],[-1,7],[-7,4],[0,5],[-6,4],[-4,15],[-5,5],[-4,12],[-7,-4],[-9,5],[-4,5],[-8,-2],[-3,2],[-3,8],[2,6],[-2,4],[0,4],[-3,4],[-4,2],[0,11],[-1,2],[-14,-5],[-18,4],[-6,-1],[0,3],[8,4],[-1,4],[2,2],[-1,2],[2,0],[0,2],[-2,2],[2,4],[3,0],[-1,6],[-1,0],[0,2],[-1,1],[-3,6],[1,8],[-1,0],[0,2],[-3,-1],[0,2],[-2,-1],[1,2],[-3,-1],[-3,2]],[[5289,3609],[-1,5],[1,3]],[[5284,3626],[-3,-2],[1,5]],[[5299,3650],[10,1],[0,4]],[[5309,3655],[5,4],[-2,4]],[[5322,3707],[0,2],[-2,0],[-2,6],[0,13],[1,3]],[[5322,3731],[-2,2],[3,2]],[[5315,3751],[0,3],[-3,-1],[-1,-2]],[[5306,3753],[0,2],[2,2]],[[5308,3757],[-2,1],[-2,-2],[0,4],[1,3],[2,0]],[[5407,3998],[2,7]],[[5409,4005],[3,-4]],[[5459,3989],[2,5],[5,-1],[3,3]],[[5476,3990],[4,-2],[0,-7],[1,-5]],[[5623,3841],[2,0],[0,-4],[-3,-21]],[[5622,3816],[2,-1],[2,0]],[[5728,3886],[17,14],[6,7],[3,0]],[[5763,3902],[2,6],[6,-1]],[[5790,3892],[-2,-4],[1,-4]],[[5789,3884],[-3,-1],[-11,-10]],[[5804,3844],[5,-5],[-8,-12]],[[5790,3823],[-1,-2],[10,-7]],[[5829,3818],[4,1],[9,-11]],[[5850,3804],[3,5],[5,-3]],[[5858,3806],[2,-3],[-8,-9]],[[5842,3795],[-4,-12],[1,-1]],[[5839,3782],[3,3],[3,0],[7,-8],[-5,-11],[-5,0]],[[5842,3766],[2,-5]],[[5844,3761],[-3,-10],[2,-3],[2,-1]],[[5845,3747],[6,8],[5,1],[4,-3],[4,-6],[5,0]],[[5869,3747],[1,-1],[-3,-10]],[[5867,3736],[-6,-1],[-5,-5],[-6,-2],[0,-9],[5,-3],[3,-9],[-1,-2],[-6,-2],[1,-6],[5,-4],[15,7],[3,0],[1,-3],[-3,-3],[4,-4],[2,-10],[7,-2],[4,-7],[4,-2],[5,-1],[4,2],[1,-3],[5,-6],[0,-4],[-2,-4],[-7,-6],[1,-6],[-2,-8],[5,-3],[-4,-8],[1,-8],[-5,-2],[2,-6],[-3,0],[-4,-5],[-2,0],[-4,-3],[-3,-18],[-7,1],[-6,4],[-3,-1],[-2,-9],[1,-3],[1,-20],[-3,-1],[-1,-5],[-6,-4],[-4,0],[-2,-3],[-7,-3],[-2,-9],[-4,-3],[-2,-17],[-4,-2],[3,-4],[0,-10],[1,-5],[-2,-5],[-4,-1],[-3,2],[-13,0],[2,-6],[5,-6],[2,0],[1,-6],[3,0],[3,-4],[0,-10],[2,-8],[-5,-14]],[[5826,3428],[0,-11],[-6,-1]],[[5820,3416],[-8,-15]],[[5812,3401],[-7,-3],[1,-12],[2,-3],[-5,-5],[-2,7],[-2,2],[0,6],[-6,2],[-5,-3],[-3,3],[0,6],[-4,5],[-6,2],[-2,4],[-4,1],[-4,2],[-5,-1],[-6,12],[-5,3],[-4,7],[-2,1],[1,-8],[6,-13],[-2,-6],[-5,-2],[-2,1],[-4,-1],[-6,-3],[-2,-4],[0,-7],[-6,-5],[-9,-2],[-3,-3],[-1,-4],[-2,-2],[-11,-1],[-5,2],[-5,-7],[-9,-4]],[[5678,3368],[-3,-4],[0,-21]],[[5675,3343],[-3,-4]],[[5672,3339],[-1,-7],[-3,-2]],[[5668,3330],[-4,3],[-4,-6]],[[5660,3327],[0,-5],[-2,-3],[0,-7]],[[5658,3312],[4,-8]],[[5662,3304],[-3,-7],[-3,-4],[0,-3],[3,-4]],[[5659,3286],[0,-5]],[[5659,3281],[-4,-15],[-4,5]],[[5651,3271],[-1,4],[-5,-1]],[[5645,3274],[-11,8],[-1,12]],[[5633,3294],[-4,2],[-2,6],[-4,-1],[1,9]],[[5624,3310],[-6,14],[1,10],[5,7],[-1,8]],[[5623,3349],[3,4],[1,5],[4,4],[2,6],[0,9],[-3,15],[3,7]],[[5633,3399],[-2,8],[-6,12]],[[5574,7347],[-11,-11],[-6,-2]],[[5484,7280],[-2,-5],[-2,0]],[[5435,7331],[-7,-4],[-1,5]],[[5427,7332],[0,11],[4,15],[4,9]],[[5435,7367],[9,5],[3,10]],[[5447,7382],[-1,4],[-7,5],[-2,7],[-4,3]],[[5412,7406],[-27,8],[-7,8]],[[5350,7421],[-7,-1],[5,10],[10,12]],[[5358,7442],[7,12],[3,11]],[[5368,7465],[1,13],[-2,5],[-12,4]],[[5355,7487],[-11,9],[-7,19],[1,11],[14,20]],[[5352,7546],[0,-4],[2,-5],[3,0],[6,-10],[9,-3],[3,5],[2,7],[3,3],[3,0],[4,-2],[3,3],[8,4],[9,-3],[2,3],[0,6],[2,4],[1,2],[2,-1],[2,3],[7,-5],[4,5],[2,0],[1,-2],[8,2],[1,5],[7,6],[1,5],[3,1],[1,7],[-1,1],[5,3],[1,3],[2,2],[2,-1],[0,2],[2,0],[3,6],[2,0],[3,-4],[1,0],[2,4],[5,6],[2,-2],[4,3],[1,5],[2,0],[3,5],[1,0],[1,1],[2,-3],[2,3],[2,-1],[1,4],[3,0],[-1,4],[3,2],[3,7],[1,-3],[4,5],[3,-1],[2,1],[2,4],[5,4],[0,4],[3,1],[3,6],[1,0],[2,2],[3,-3],[3,1],[5,8],[6,5],[3,8],[2,2],[1,-1],[3,6],[4,-2],[5,2],[0,3],[4,4],[1,3],[2,0],[0,3],[3,2],[0,2],[9,10],[10,5],[1,5],[3,2],[2,-3],[3,2],[2,3],[-1,3],[4,1],[3,6],[4,2],[6,8],[6,2],[4,5],[8,2],[5,9],[6,0],[3,2],[3,6],[1,3],[2,0],[3,2],[3,0],[3,6],[3,-3],[2,3],[3,-1],[2,5],[-1,4],[3,0],[5,4],[0,2],[-1,2],[5,3],[1,-3],[2,0],[1,4],[2,3],[0,4],[8,3],[1,3],[7,-1],[-1,4],[2,1],[0,4],[2,-1],[-1,5],[2,-2],[2,2],[2,-1],[2,6],[4,1],[5,7],[5,2],[2,4],[3,-1],[3,5],[8,0],[2,7],[12,6],[6,10],[5,3],[2,-1],[7,2],[9,5],[13,-5],[10,1],[13,5],[5,4]],[[5838,7884],[5,0],[2,7]],[[5845,7891],[4,2],[1,5],[2,2],[-1,5],[-3,4],[-1,11],[2,4],[0,3],[3,3],[-1,3],[2,10],[2,0],[3,3],[1,7],[6,3],[0,4],[4,4],[2,9],[5,2],[5,-2],[3,2],[4,-2],[1,3],[3,-1],[3,2],[-2,1],[1,2],[6,6],[3,-1],[6,7],[1,3],[2,2],[-1,5],[1,2],[-5,12],[8,7],[-1,4],[12,11],[3,9],[-10,24],[2,10],[4,2],[4,6],[0,7],[-2,3],[-4,13]],[[5923,8112],[3,8],[-5,7],[-4,5],[-4,2]],[[5913,8134],[-4,-3],[-2,7]],[[5907,8138],[-2,-1],[1,6],[0,5]],[[5904,8167],[2,9]],[[5925,8198],[4,-3],[3,0],[7,13]],[[5939,8208],[12,4],[11,-1]],[[5967,8213],[8,-5],[9,-13],[5,-14],[0,-13]],[[6018,8225],[0,7],[3,5],[4,2]],[[6087,8327],[1,5],[0,8],[9,3]],[[6170,8362],[13,-20],[2,-1]],[[6185,8341],[2,2],[2,4],[2,16],[-1,11]],[[6224,8539],[-1,4],[10,7]],[[6233,8550],[1,12],[7,6],[7,4],[5,-6]],[[6258,8564],[6,-9],[13,3],[7,-1]],[[6293,8538],[3,-7],[6,-2]],[[6302,8529],[2,-7],[1,-3],[7,0]],[[6312,8519],[3,-8],[6,-6],[6,2],[8,-2]],[[6335,8505],[7,3],[15,17]],[[6357,8525],[11,-2],[2,4],[1,18]],[[6371,8545],[7,2],[8,-3]],[[6386,8544],[18,8],[25,-20]],[[6429,8532],[13,-18],[15,-6],[27,-4],[11,-6],[4,-23],[8,-9],[1,-4],[-6,-4],[-7,1],[-2,-2],[-2,4],[-4,0],[0,-2],[-4,0],[-2,-4],[-4,-4],[-2,1],[1,-3],[-4,-1],[-1,-4],[0,-1],[-3,-3],[-1,-6],[-2,0],[0,-2],[-9,-6],[-11,-14],[-1,-6],[-4,-7],[0,-3],[3,-6],[-1,-2],[-2,0],[-2,-4],[-9,-2],[-6,-8],[-4,2],[-2,-5],[4,-1],[5,5],[3,0],[12,-2],[8,-9],[1,-8],[9,-7],[1,-8],[7,-12],[2,-8],[5,-2],[5,0],[4,-4],[2,-7],[-2,-12],[-6,-11],[2,-8],[32,-59],[4,2],[0,10],[2,0],[2,6],[0,4],[2,-1],[2,3],[-1,4],[6,2],[3,-1],[3,-4],[9,1],[4,4],[1,4],[4,1],[4,7],[2,1],[-1,9],[2,2],[4,1],[2,3],[1,-1],[1,2],[14,-1],[2,-3],[3,1],[2,2],[2,-3],[5,2],[0,3],[5,1],[0,10],[5,5],[2,0],[9,5],[6,0],[3,-2],[3,3],[8,-1],[1,-5],[10,-9],[2,-3],[2,1],[0,5],[8,-5]],[[6659,8283],[7,-9],[1,-4]],[[6667,8270],[-4,-3],[-6,-11],[2,-7],[-7,-4],[-6,-6]],[[6646,8239],[-8,-2],[0,-10]],[[6638,8227],[-2,-2],[2,-5],[4,-2]],[[6642,8218],[-3,-3],[-4,0],[1,-4]],[[6633,8203],[-4,1],[-6,7]],[[6615,8214],[-3,2],[-6,1],[-3,-5],[0,-2],[3,1]],[[6606,8209],[5,-4],[1,-8]],[[6510,7867],[-4,-2],[0,-2]],[[6054,7714],[19,-8],[6,-7]],[[6079,7699],[0,-5],[-7,-13]],[[6050,7616],[-5,-11],[-2,-3],[-6,-11]],[[6031,7566],[-9,-6],[-2,-10]],[[6020,7550],[-2,3],[-3,0]],[[6015,7553],[-5,8],[-6,3]],[[5583,7222],[-7,-6]],[[5576,7216],[-5,4],[-1,5],[3,-1],[1,5]],[[5583,7288],[-1,67],[-2,2],[-2,0],[-4,-10]],[[6208,9153],[-6,6],[-5,-2]],[[6129,9148],[-23,5],[-2,-2],[-4,-9],[-8,-7]],[[5634,9730],[4,3],[2,3],[4,0],[4,5],[2,10],[4,-3],[1,5],[5,3],[1,-1],[1,-3],[1,-1],[3,2],[2,-3],[2,0],[3,20],[4,0],[-1,10],[6,2],[-1,6],[13,-9],[3,10],[1,-1],[1,-1],[-1,-6],[2,-1],[2,6],[7,2],[-3,4],[0,4],[-2,3],[1,5],[3,1],[0,7],[6,3],[1,-1],[-1,-4],[2,2],[3,-3],[5,2],[-3,5],[5,2],[2,0],[-1,-4],[3,-1],[1,8],[4,8],[2,1],[1,5],[8,1],[4,7],[1,4],[6,-4],[3,4],[2,-4],[3,7],[5,1],[2,8],[6,4],[1,-3],[2,0],[2,2],[-1,4],[3,4],[7,-4],[-1,10],[5,0],[3,3],[4,-1],[3,-5],[3,0],[3,2],[-1,5],[3,6],[6,1],[4,3],[9,-3],[7,9],[2,-3],[5,3],[4,-6],[10,-1],[4,8],[9,5],[-2,2],[0,2],[3,0],[2,-3],[4,7],[3,-3],[2,1],[5,0],[3,3],[1,2],[1,-1],[1,3],[6,3],[11,19],[26,10],[2,6],[2,-5],[4,2],[1,-5],[9,3],[2,3],[-2,4],[1,2],[2,-1],[2,-5],[2,1],[1,3],[3,-3],[4,1],[8,8],[0,6],[4,-3],[2,0],[0,3],[-5,4],[4,-1],[7,2],[1,6],[-2,2],[18,6],[4,5],[5,-8],[5,-3],[2,-4],[11,1],[5,5],[4,-2],[-1,-3],[4,0],[4,7],[4,0],[12,-7],[4,-7],[2,-2],[3,3],[-1,3],[-4,2],[2,2],[6,-3],[-1,-4],[3,-1],[1,7],[-2,4],[4,1],[0,1],[-4,5],[0,2],[13,-3],[3,1],[4,-3],[1,4],[-1,9],[2,1],[5,-3],[1,-13],[7,-5],[0,-4],[8,-4],[8,0],[11,-12],[6,0],[3,13],[11,-6],[10,-2],[2,-5],[-1,-7],[-1,-3],[-6,-1],[7,-4],[3,0],[3,4],[4,4],[7,9],[2,8],[2,2],[5,-1],[1,-9],[6,-7],[5,-1],[6,6],[1,-2],[-2,-5],[0,-4],[4,1],[1,2],[0,8],[7,-2],[-1,-6],[-2,-3],[4,-2],[-2,-4],[2,-2],[1,-1],[3,7],[4,1],[3,-4],[3,6],[2,-2],[-2,-4],[0,-2],[6,-2],[4,3],[4,-3],[3,4],[4,-7],[5,7],[3,7],[4,1],[5,-1],[0,6],[5,-1],[3,6],[8,2],[5,-4],[5,1],[0,-2],[-4,-3],[7,-4],[2,-7],[2,-1],[3,5],[4,0],[-1,4],[2,1],[4,-9],[3,-11],[5,-1],[-1,-6],[1,-3],[2,1],[2,11],[5,0],[3,-18],[7,11],[1,0],[1,-6],[5,-5],[3,2],[-1,8],[3,-1],[4,2],[1,-8],[4,-3],[2,3],[-2,6],[3,-4],[2,1],[1,7],[2,-5],[9,-3],[1,3],[-2,5],[1,1],[2,-6],[0,-9],[1,-2],[3,1],[2,-2],[2,2],[0,-6],[4,-1],[2,1],[1,-2],[3,5],[7,-4],[8,6],[1,-7],[-3,-5],[3,-1],[5,7],[1,-4],[-2,-3],[0,-3],[10,12],[9,-6],[5,6],[2,-4],[-4,-6],[0,-3],[3,-1],[4,3],[0,-6],[6,1],[1,-3],[0,-5],[6,-6],[5,2],[10,-2],[0,-2],[-13,-24],[-4,-11],[-11,-13],[-4,-10],[-9,-55],[-25,-65],[-15,-31],[-5,-42],[-14,-33]],[[6390,9593],[-7,-25],[-5,-31],[-8,-26],[0,-17],[3,-27],[-2,-21],[-15,-67],[1,-13],[11,-46]],[[6368,9320],[1,-13],[-2,-14],[-11,-18]],[[6356,9275],[-5,-25]],[[6351,9250],[-9,-26],[-5,-10],[-8,-11]],[[6329,9203],[-7,-14],[-11,-34]],[[6311,9155],[-12,-12]],[[6299,9143],[-58,-16],[-8,2]],[[7888,3376],[4,2],[2,-5]],[[7894,3373],[6,1],[1,-8]],[[7901,3366],[6,-2],[0,-5]],[[7907,3359],[-2,-5]],[[7905,3354],[-3,-23],[3,-5]],[[7900,3281],[-2,-16],[-3,-6],[-9,5]],[[7886,3264],[-12,-2],[-12,5]],[[7862,3267],[-3,6],[-5,0],[-4,-3],[-8,4],[-4,-2],[-3,2],[-5,-1],[-6,4],[-7,13],[-2,1],[-3,-2],[-2,6],[-12,2]],[[7798,3297],[-4,4],[4,12]],[[7798,3313],[5,11]],[[7803,3324],[-6,18]],[[7797,3342],[8,2]],[[7805,3344],[2,4],[-2,5]],[[7805,3353],[5,2],[9,-1]],[[7819,3354],[4,6],[6,-1],[3,-2],[4,4],[7,0],[7,6],[0,6]],[[7850,3373],[-4,1],[-4,4],[2,3]],[[7844,3381],[-1,3],[-3,1],[-9,-5],[-2,4]],[[7829,3384],[2,6]],[[7831,3390],[-5,3],[1,3],[8,7]],[[7835,3403],[7,-1],[6,-8],[8,-4],[5,-8],[12,-8],[7,-3],[4,6],[4,-1]],[[7938,3375],[3,8]],[[7941,3383],[-1,7]],[[7940,3390],[2,22],[-4,4]],[[7938,3416],[-5,0],[2,5]],[[7935,3421],[-3,14],[-5,7]],[[7927,3442],[-1,7]],[[7926,3449],[-7,4],[-15,-2],[-8,-2]],[[7896,3449],[-7,-6]],[[7889,3443],[-4,0],[-2,1]],[[7883,3444],[-1,5],[-5,1],[-14,-6],[-24,-2],[-4,1],[-6,8],[-9,-9],[-2,-6],[-6,-1],[-5,1],[-4,6],[-5,3],[-2,5],[-5,-7]],[[7791,3443],[-14,3],[-9,-1]],[[7768,3445],[-3,3],[0,4],[4,4]],[[7769,3456],[-6,1],[-1,5],[-2,5],[10,5],[-2,5],[-3,3],[2,5],[-2,11],[-12,7],[5,5]],[[7758,3508],[-4,4],[-1,5],[0,17],[4,16]],[[7756,3556],[3,6],[5,5],[3,9],[17,2],[1,2]],[[7785,3580],[-1,17],[-3,4],[-5,0]],[[7776,3601],[-1,8],[-5,1]],[[7759,3670],[-2,6],[1,4]],[[7758,3680],[-2,2],[-2,2]],[[7662,3675],[-17,5],[-4,4],[-3,14],[0,11],[-2,10]],[[7636,3908],[-2,12],[-16,13],[0,4],[1,3],[5,7]],[[7624,3947],[11,1]],[[7636,3946],[10,2],[3,9]],[[7671,3982],[13,-4],[7,2],[5,10]],[[8005,4035],[2,14]],[[8055,4073],[3,7]],[[8058,4080],[5,-1]],[[8092,4076],[10,7]],[[8102,4089],[3,-2],[1,1]],[[8119,4113],[1,6],[2,-5]],[[8131,4108],[6,2],[-2,-4]],[[8130,4103],[-3,-8],[7,-2]],[[8163,4075],[21,-5],[3,-9]],[[8290,3940],[10,-11],[3,0],[9,3]],[[8335,3939],[4,1],[8,-1],[5,1],[2,4]],[[8379,3975],[-1,5],[2,7]],[[8380,3987],[4,4]],[[8112,3444],[-2,-4],[1,-5],[-4,-1],[-2,2]],[[8101,3445],[-6,6],[-6,1]],[[8089,3452],[-4,-1],[-2,1]],[[7957,3345],[-2,9],[-9,6]],[[8037,5504],[-3,5],[0,3]],[[7849,5893],[-1,12],[-3,3]],[[7816,5915],[-4,-4],[-5,0]],[[7797,5912],[-2,2],[0,27]],[[7795,5941],[4,4],[2,11],[5,11],[6,5],[2,-1],[2,6],[-5,3],[-6,8],[-3,0],[0,3],[1,3],[-2,4],[-5,1],[-2,4],[-4,0],[-1,4],[-14,13],[-5,0],[-2,4],[-3,-1]],[[7765,6023],[-5,4],[0,2]],[[7760,6029],[-7,4],[0,4],[-4,4]],[[7749,6041],[-1,3],[0,3]],[[7748,6047],[3,3],[2,-2],[2,2],[2,-1],[1,4],[2,0],[2,2],[1,-3],[8,4],[3,14],[4,1],[2,4],[5,2],[6,6],[6,-1],[3,-2],[6,3],[17,-2],[1,3],[7,4],[1,7],[5,11],[-3,9],[-1,10],[-7,5],[7,13],[10,10],[5,13],[7,3],[2,4],[0,11],[-5,9],[-1,10],[15,25],[7,4],[-2,7],[3,8],[5,5],[9,5],[-6,16],[0,5],[2,4],[4,5],[15,8],[4,4],[5,8],[2,0],[-1,2],[-6,-3],[-5,12],[-6,4],[-2,8],[4,8],[-1,4],[2,0],[2,-2],[14,0],[11,-4],[36,17],[8,9],[19,9],[7,5],[8,0],[3,2],[-9,10]],[[7998,6388],[-7,15],[0,4]],[[7991,6407],[5,7],[2,6],[-15,16]],[[7983,6436],[-2,18],[4,17]],[[8007,6535],[6,7],[-3,21],[3,8]],[[8013,6571],[-1,11],[2,7],[9,7]],[[8023,6596],[5,9],[4,-1]],[[8118,6579],[5,1]],[[8123,6580],[4,13],[0,12],[-5,39]],[[8125,6658],[0,17],[-3,7]],[[8115,6718],[0,4],[5,9]],[[8187,6702],[6,-3],[5,-7],[4,-2]],[[8202,6690],[-2,-10],[4,-4]],[[8239,6659],[14,5],[12,-5],[4,-8],[7,-6]],[[8274,6624],[-5,-5],[-2,-6]],[[8248,6586],[-4,-8],[-1,-4],[0,-14],[-3,-9]],[[8366,6213],[8,1],[2,-5]],[[8376,6209],[13,-8],[3,-7]],[[8390,6179],[0,-7],[-8,-17]],[[8375,6147],[-5,-16],[1,-2],[5,1]],[[8690,6732],[-2,16],[6,-2]],[[8694,6746],[2,3],[6,-2],[-2,9],[8,4],[1,9],[4,2],[12,2],[4,5]],[[8729,6778],[2,-4],[3,-2]],[[8744,6765],[3,-4],[7,-3],[7,1],[5,9]],[[8788,6762],[5,15],[10,-4],[1,-6],[5,-9]],[[8809,6758],[6,2],[1,8],[2,1],[4,0],[6,-5],[7,1],[6,-10],[0,-12],[3,-11],[9,-11],[1,-6],[7,-13],[4,-12],[5,-7],[-5,-10],[-5,-6],[0,-5],[-1,-3],[-4,2],[-2,5],[-13,0],[0,-7],[4,-5],[-2,-4],[-2,-21],[-6,-13],[-3,0],[-4,6],[-2,-5],[6,-16],[-4,-19],[-1,-1],[-5,8],[-4,-4],[-4,-1],[-8,4],[-9,1],[-5,3],[0,-5],[2,-7],[8,-3],[-3,-6],[-5,0],[-2,-2],[3,-11],[6,-5],[1,-2],[-1,-7]],[[8800,6544],[-7,-5],[-1,-6],[1,-4],[3,-2],[8,7]],[[8804,6534],[4,1],[5,-3],[3,-22],[5,-10],[-5,-4],[1,-4],[13,-13],[4,0],[2,3],[3,-1],[1,-3],[0,-6],[2,-8],[15,-3],[2,1],[1,3],[7,1],[2,-2],[-1,-4],[1,-6],[4,0],[5,-5],[4,0],[6,-14],[3,-1],[2,-7],[20,-11],[-2,-4],[2,-5],[-1,-4],[-7,7],[-7,1],[-3,-3],[1,-4],[-2,-3],[3,-6],[7,-4],[1,-7],[4,-3],[1,-6],[-2,-8],[-4,0],[-3,-5],[-6,-4],[-2,0],[-5,7],[-5,2],[-15,-9],[-5,1],[-2,-2],[-3,4],[-2,0],[-6,-3],[-1,-6],[-7,1],[-3,-1],[1,-14],[-2,-4],[3,-7],[-5,-6],[1,-8],[-5,2],[-2,-1],[-6,3],[-1,-3],[-2,-1],[-7,3],[-3,-10],[-6,-6],[-6,5],[-4,7],[-4,1],[-3,5],[-2,1],[-7,-8],[-7,3],[-5,-7],[0,-3],[-4,-3],[-1,-8],[-3,-2],[1,-2],[-6,0],[1,-3],[-3,-4],[-1,1],[1,-7],[-4,-6]],[[8748,6270],[-1,-6],[2,-6]],[[8749,6258],[8,-6],[3,-1]],[[8760,6251],[5,4],[0,-10]],[[8765,6245],[15,-12],[6,1],[3,7]],[[8789,6241],[5,3],[1,-1],[3,-4]],[[8798,6239],[0,-5],[-3,-8],[1,-5],[2,-4],[4,-3],[4,3],[1,-6],[-2,-5],[3,-3],[9,0],[3,-4],[4,-2],[4,9],[3,-3],[-2,-7],[3,-2],[21,9],[3,-4],[1,2],[0,3],[3,1],[1,10],[5,1],[3,-2],[1,-11],[4,-5],[7,-2],[10,5],[3,-2],[1,-5],[-2,-10],[-6,4],[-6,-3],[-6,2],[-6,6],[-2,-1],[0,-5],[-3,-6],[5,-7],[-2,-5],[3,-3]],[[8870,6166],[-2,-7],[1,-4]],[[8869,6155],[11,5],[2,5],[3,1],[-1,3],[6,2]],[[8890,6171],[11,-8],[0,-3]],[[8901,6160],[-4,-2]],[[8897,6158],[-1,-6],[12,-2]],[[8908,6150],[5,9]],[[8913,6159],[8,3],[7,-4]],[[8928,6158],[0,-5],[3,-3],[4,-2]],[[8935,6148],[3,2]],[[8938,6150],[2,-2],[2,-5],[-1,-2]],[[8941,6141],[-8,-2]],[[8933,6139],[-3,-3],[2,-5]],[[8932,6131],[2,-2]],[[8934,6129],[1,-9]],[[8935,6120],[-4,-1],[-2,-5]],[[8930,6110],[-4,-4],[-1,-3]],[[8900,5841],[6,-10],[0,-2]],[[8966,5712],[4,9],[5,0]],[[8975,5721],[5,-7],[5,0],[4,-2]],[[9055,5679],[4,0],[3,3],[3,-1],[-1,-2],[14,-15],[102,-123],[1,-25],[2,-7],[-3,-10],[2,-3],[0,-11],[-4,-3],[-7,2],[-9,-4],[-11,9],[-16,4],[-8,-2],[-5,4],[-5,1],[-1,-4],[-7,4],[-3,8],[-6,0],[-3,11],[-8,8],[-2,4],[-3,-5],[-7,0],[-1,3],[-4,3],[2,7],[0,4],[-1,1],[-5,-5],[-5,3],[0,-7],[-4,1],[-8,-6],[-6,-8],[-2,-6],[-5,-4],[-7,0],[-4,7],[-5,1],[-1,-6],[0,-9],[2,-4],[-4,-4],[-1,-6],[-7,0],[-5,10],[-2,1],[-4,3],[-5,1],[-1,-4],[-5,-2],[-2,-11],[2,-7],[-2,-10],[-4,5],[-10,1],[-1,-2],[-4,0],[-4,7],[0,4],[-12,0],[-5,-16],[-4,1],[1,5],[3,3],[-1,1],[-19,-4],[3,-7],[-3,-7],[-6,-4],[-3,1],[-4,-4],[-2,0],[-17,-12],[0,-11],[-2,-5],[-9,-5],[2,-7],[5,-3],[1,-6],[3,0],[1,-3],[-4,-4],[-3,1],[-3,-5],[3,-3],[-2,-5],[5,-8],[-1,-7],[-21,-20],[-7,-3],[-4,-9],[-8,-8],[-1,-7],[-15,-12],[5,-25],[-1,-6],[4,-1],[0,-13],[3,-7],[-3,-14],[4,-10],[-2,-6],[-10,-2],[-3,-11],[3,-8],[-1,-6],[6,-3],[9,0],[-1,-5],[-14,-7],[-3,2],[-3,-1],[-7,-11],[-2,-6],[-3,-3],[-1,-8]],[[8815,5159],[-3,-7],[-14,-2]],[[8727,5096],[-7,0],[-1,6]],[[8719,5102],[-2,3],[-2,10]],[[8723,5134],[3,4],[-2,3]],[[8724,5141],[2,5],[-2,4],[-3,0],[-6,-3]],[[8715,5147],[-5,1],[-1,-13],[-4,-5]],[[8705,5130],[-4,-1],[0,-7]],[[8699,5116],[-2,3]],[[8678,5170],[1,5],[5,7]],[[8695,5266],[-7,4],[-1,2],[3,6]],[[8711,5288],[8,-2],[1,1],[-1,6]],[[8719,5293],[2,8],[-1,5],[-10,2],[-6,11]],[[8704,5319],[-6,3],[-14,26]],[[8475,5367],[-3,-6],[-2,-1],[-6,9]],[[8464,5369],[-9,-3],[-9,17]],[[8433,5404],[-12,3],[-8,12]],[[8405,5429],[-2,1],[0,2],[4,5]],[[8384,5758],[-1,6],[-3,2]],[[8356,5776],[1,9],[-9,-4],[-2,-13]],[[8161,5541],[-1,-11],[-17,-3],[-8,1]],[[8086,5537],[-2,-14],[-3,-3]],[[8049,5500],[-2,-7],[-6,1],[-1,8]],[[5703,635],[7,2],[3,5],[-3,13],[-4,6],[-2,12],[-4,6],[4,7],[-3,7],[11,6],[8,7],[7,15],[11,3],[4,-1],[2,6],[5,2],[6,10],[3,6],[-6,5],[-7,2],[5,6],[7,3],[5,5],[1,9],[-6,3],[-4,13],[3,6],[-2,3],[3,6],[5,0],[16,9],[2,7],[5,5],[0,7],[-4,8],[9,7],[1,7],[2,2],[-1,6],[2,4],[0,5],[2,3],[-2,3],[1,10],[5,8],[5,11],[4,3],[13,4],[12,0],[3,-6],[4,3],[6,-7],[11,-2],[0,3],[-1,2],[3,0],[1,3],[4,1],[4,5],[1,5],[6,0],[8,5],[3,-1],[1,3],[-2,7],[1,4],[3,2],[4,-1],[1,-2],[6,-3],[0,-5],[6,0],[5,-4],[-4,14],[6,3],[1,3],[-3,10],[1,5],[-3,1],[-4,5],[0,14],[10,7],[-1,7],[-2,0],[1,3],[8,4],[-1,3],[-1,8],[-7,7],[4,2],[1,8],[6,2],[-1,3],[2,6],[6,-3]],[[5931,1041],[3,4],[-1,5]],[[5933,1050],[3,14],[-3,12],[-2,16],[13,13],[5,1]],[[5949,1106],[5,4],[0,6]],[[5954,1116],[4,13],[-1,3],[-2,3],[-1,0],[-1,3],[2,9],[1,1],[-3,3],[3,2],[-4,2],[4,8],[-4,2],[-3,7],[0,9],[-3,3],[0,10],[-6,13],[2,6],[-2,3],[-6,-3],[-7,3],[-3,-4],[0,-5],[-5,-2],[-2,2],[-4,-1],[-6,6],[-4,-4]],[[5903,1208],[-1,1],[-2,7]],[[5900,1216],[3,6],[2,11],[0,5],[-2,4],[0,4],[-2,9],[-5,3],[1,5],[-2,7],[-6,8],[1,6],[-3,3],[2,4],[-1,6],[-3,3],[-6,0],[-5,4],[-3,-1]],[[5871,1303],[-4,-6],[-3,1],[-8,6]],[[5856,1304],[3,6]],[[5857,1313],[4,-2]],[[5858,1318],[-7,-1],[-2,2],[1,3],[3,-1]],[[5852,1324],[-3,3],[3,0]],[[5852,1327],[3,3],[1,4],[1,-1]],[[5938,1526],[3,9],[3,3],[7,0]],[[6123,1566],[1,0],[3,-3]],[[6130,1564],[9,13],[3,-1],[1,7],[0,4],[4,-1]],[[6150,1534],[0,-3],[1,-1]],[[6151,1530],[-1,-5],[2,-2],[-2,-4],[3,-5],[-2,-1],[0,-3],[-4,-6],[4,1],[1,-5],[3,-5],[3,2],[-1,-11],[5,-2],[2,-7],[4,-1],[-1,-3]],[[6167,1473],[3,-2],[-2,-2],[0,-4]],[[6168,1465],[-2,-1],[0,-3],[-3,-1],[-2,3],[-1,-4],[-1,0],[0,-5],[3,-3],[2,3],[1,-3],[3,-2],[6,8],[3,-2],[5,0],[2,-2],[4,-11],[2,1],[4,9]],[[6194,1452],[3,1],[2,-3],[9,-5]],[[6208,1445],[2,-4],[3,1]],[[6213,1442],[2,4]],[[6215,1446],[-2,6],[2,1]],[[6215,1453],[1,4],[2,0]],[[6218,1457],[3,-10]],[[6221,1447],[3,-1],[5,4]],[[6229,1450],[2,-10],[4,-1]],[[6235,1439],[0,-8],[-2,-6],[-3,-2]],[[6230,1423],[1,-3],[-1,-1],[1,-3]],[[6231,1416],[-6,-4],[0,-7]],[[6225,1405],[3,-2]],[[6228,1403],[-1,-3],[6,-4]],[[6233,1396],[0,-3],[-3,-3],[-2,-4],[1,-6],[-3,-1],[-1,3],[-1,-1],[1,-7],[7,2],[1,-4],[2,2],[1,-1],[3,4],[0,3],[4,1],[-3,6],[5,0],[4,5],[5,-2],[6,4],[5,0],[2,0],[0,-4],[2,2],[6,-1],[7,8],[9,4],[1,4],[5,-2],[3,2],[1,3],[6,0],[0,5],[-5,4],[0,5],[-2,6],[-8,4],[-3,-2],[-3,4],[-3,-3],[-1,1],[-2,6],[3,8],[5,6],[7,2],[6,-8],[7,-1],[2,-4],[4,0],[5,9],[3,0],[-1,6],[2,2],[6,3],[2,-2],[12,2],[-2,6],[1,5],[-6,3],[0,5],[10,-3],[2,-7],[3,-3],[4,0],[9,-8],[4,-6],[10,-5],[4,-8],[3,-1],[2,-6],[11,-9],[9,1],[4,8],[2,15],[9,12],[2,8],[14,16],[6,-1],[4,23],[2,2],[1,5],[-1,5],[-3,2],[0,6],[-3,2],[1,2],[-3,6],[0,2],[-3,3],[-1,2],[2,4],[3,2],[0,7],[3,2],[1,12],[2,4],[13,-4],[-2,3],[3,16],[-1,15],[4,2],[3,4],[3,0],[3,3],[2,-4],[10,-2],[3,1],[10,-4]],[[6500,1606],[4,3],[3,-2]],[[6507,1607],[3,1],[4,-4],[7,2],[4,-5],[4,0],[6,-14],[7,-1],[-1,-13],[3,-2],[6,-14],[0,-7],[4,-1]],[[6554,1549],[1,-5],[4,-4],[0,-2],[2,-4]],[[6579,1535],[4,0],[0,-6],[1,-2]],[[6595,1516],[-7,-8]],[[6643,1048],[-7,-7],[-15,-6],[-1,-10],[4,-5],[10,-2]],[[6662,998],[-3,-6],[-4,2],[1,-7],[-5,-9],[-4,1],[-1,2],[-2,-2],[-1,-11],[-7,-3],[-2,7],[2,2],[0,1],[-7,-2],[-8,6],[1,3],[-2,2],[-7,3],[-6,-2],[-4,-8],[-8,-1],[1,-10],[-3,-1],[-3,-7],[-2,0],[-6,11],[0,6],[-1,2],[0,2],[-6,-1],[-3,2],[-4,-7],[-6,-1],[-2,3],[-3,0],[0,-5],[-2,-2],[-4,-1],[-4,2],[-10,-18],[-4,-1],[-1,3],[-4,-1],[-2,3],[-3,-1],[1,6],[-6,1],[-2,6],[-6,2],[0,1],[5,2],[0,2],[-7,3],[-1,12],[-1,1],[-1,-1],[-1,-5],[-8,1],[-2,-1],[0,-4],[-2,-1],[-2,2],[-5,-3],[0,-4],[-6,-3],[-3,-4],[-11,0],[-2,-1],[3,-1],[0,-2],[-4,-1],[-3,1],[-5,-5],[-6,-1],[-4,-6],[-5,0],[-2,-4],[-7,1],[-3,4],[-4,0],[-5,-6],[-5,0],[-1,-4],[-3,4],[-4,-1],[0,2],[-2,-3],[1,-13],[-12,0],[-2,-4],[-22,-9],[-7,-6],[-5,1],[-8,-4],[-2,-4],[-4,0],[-1,-4],[-3,-3],[-10,3],[-5,-4],[-8,-4],[2,-4],[-5,-2],[-4,3],[-2,-5],[-3,-1],[0,-5],[-5,3],[-5,-7],[-7,3],[-3,7],[-4,0],[-2,2],[-4,1],[-3,-4],[-4,3],[-3,-2],[-2,-2],[0,-5],[-2,-1],[-2,1],[-4,-3],[-3,4],[-2,-2],[-5,0],[-2,-2],[-7,-1],[-2,-2],[-1,-6],[-4,-3],[2,-3],[-8,0],[-2,-11],[-4,6],[1,5],[-5,0],[-4,3],[-1,-4],[-3,-2],[1,-2],[0,-5],[-4,1],[-3,-6],[-5,-2],[-1,0],[0,2],[-1,2],[-4,-1],[2,-9],[-3,-5],[2,-7],[2,-2],[-1,-2],[-4,1],[-1,-4],[-6,2],[-2,-2],[2,-3],[-4,-1],[-3,-6],[-4,8],[-2,1],[-3,-7],[1,-5],[-2,-4],[-5,2],[0,-4],[-5,-3],[0,-2],[-3,1],[2,2],[-1,3],[-1,-2],[-6,-2],[-3,5],[-3,-3],[0,-5],[-3,0],[0,-3],[-3,-4],[-3,-1],[-4,-5],[-3,0],[-2,-7],[-2,3],[-5,-3],[-1,4],[-3,2],[-2,-4],[-8,-5],[3,-2],[-3,-1],[1,-4],[-8,-3],[-3,-5],[-3,4],[-3,-5],[-4,0],[1,6],[-2,0],[-2,2],[-9,-8],[-1,5],[1,2],[-2,4],[1,4],[-1,3],[-1,10],[-3,-6],[-2,4],[-6,2],[-8,0],[-4,-5],[-2,5],[-3,-3],[-2,0],[1,-4],[-5,-5],[-5,2],[-4,-4],[-3,1],[-2,-6],[-2,1],[-3,-3],[-1,1],[-1,4],[2,1],[-1,3],[-4,-4],[-4,0],[-3,-2],[-3,1],[-1,5],[-5,0],[-5,-5],[-3,3],[-2,-1],[-2,4],[-2,1],[-2,-2],[0,-5],[-2,2],[-3,-4],[-6,-2],[2,-4],[-2,-4],[-7,1],[-3,-6],[-3,5],[-1,7],[-2,4],[-17,4],[-1,1],[-8,-1],[-5,1],[-3,3],[-3,-3],[-1,-4],[-1,0],[-2,4],[-4,-3],[-3,2],[-1,-3],[-7,1],[-2,-5],[2,-1],[-3,0],[-2,-5],[4,-4],[-4,-5],[-1,-2],[4,-4],[-4,-2],[-1,3],[-3,-1],[-7,-7],[0,-4],[-4,0],[-1,-6],[-7,-2],[-1,-3],[-4,-1],[1,-2],[-2,-3],[-6,-3],[-3,1],[-5,-4],[-1,1],[-4,-9],[-11,-8],[-2,-9],[-6,2],[-6,-3],[2,4],[-2,1],[0,4],[-4,-2],[0,-3],[-2,1],[-3,-4],[-1,2],[-1,-2],[-5,-1],[0,-2],[-2,3],[0,3],[-4,1],[1,2],[-2,2],[-9,-5],[-1,5],[-3,-2],[-2,2],[1,4],[-2,0],[-3,-3],[-6,-2],[-1,-1],[-9,-1],[-3,-2],[-2,-4],[-3,1],[-4,-5],[-2,0],[-1,-12],[-5,-3],[-2,-3],[-7,-3],[-1,-1],[2,-2],[-4,-10],[-4,-6],[-8,-5],[0,-7],[-3,1],[-2,8],[1,2]],[[5119,2845],[3,-3],[0,-3],[-5,-10]],[[5117,2829],[5,-2],[1,-7],[7,-3],[6,0],[-1,-12],[-2,-6],[2,-11],[2,-7]],[[5137,2781],[-5,-14],[1,-5],[21,-23]],[[5154,2739],[16,-6],[1,-4],[5,-4],[2,-8],[0,-1],[-10,-1]],[[5168,2715],[-2,-6],[-3,-2]],[[5163,2707],[-4,-8],[-7,0]],[[5152,2699],[-11,-17],[1,-2],[6,-2]],[[5148,2678],[1,-7],[7,-3],[5,2],[8,-4],[-1,-4],[-9,-10],[5,-6],[6,-1],[1,-6],[3,-2],[0,-8],[-5,-12],[1,-3]],[[5170,2614],[-6,1]],[[5158,2609],[-3,-9],[-4,-4],[-10,-4],[-11,14]],[[4855,2554],[-4,1],[-9,7]],[[4842,2562],[-7,1],[-5,-2],[-19,-20],[-16,-8],[-39,-17],[-6,1],[-9,5],[-16,22],[-3,2]],[[4722,2546],[-6,0]],[[4716,2546],[-12,-8],[-6,0],[-5,5],[-14,23]],[[4679,2566],[-17,21],[-2,10]],[[4660,2597],[10,18],[21,27],[4,15]],[[4695,2657],[3,20],[4,8],[25,17],[3,11],[0,11],[4,8],[3,13],[4,6],[5,0],[3,1]],[[4749,2752],[11,-3],[3,11]],[[4763,2760],[3,2],[-3,5]],[[4763,2767],[1,8]],[[4764,2775],[-1,4],[-5,4]],[[4758,2783],[1,11],[-3,5]],[[4756,2799],[-2,8],[-3,1]],[[4751,2808],[-3,7],[-5,2],[-3,7],[-5,-2],[-3,4],[3,17],[-2,8],[1,4],[3,3],[-5,6],[-1,7],[-5,2],[-2,3],[0,3],[-5,2],[-2,-4],[-7,1],[-2,-4],[-3,-1],[-5,3],[-2,6],[-5,0],[-3,3],[1,5],[-3,1],[-1,5],[-3,3],[2,8],[-3,-2],[-2,6],[-9,5],[-1,10],[2,6],[-2,6],[-3,3],[0,3],[-11,7],[-1,6],[4,2],[-3,5],[7,8],[-2,2],[4,0],[0,-2],[5,-1],[1,5],[2,0],[-1,3],[3,0],[-5,9],[7,0],[4,1],[-1,3],[2,-1],[2,5],[-1,2],[3,2],[-1,1],[1,1],[-1,1],[2,3],[-2,4],[-3,2],[1,0],[-2,4],[-2,-1],[0,3],[-2,-1],[1,2],[-3,1],[-2,6],[-1,-1],[0,2],[-4,2],[1,2],[-3,-1],[1,1],[-2,1],[-1,6],[-7,0],[0,2],[3,1],[0,3],[1,1],[-2,4],[-3,0],[0,1],[-4,1],[-2,-2],[0,3],[-1,1],[-2,-1],[0,12],[-5,3],[1,3],[-4,4],[-1,5],[-4,4],[3,3],[-3,-1],[-2,2],[-4,10],[-7,1],[1,7],[-7,0],[-3,3],[-3,5],[-10,-1],[-5,-4],[-1,-6],[-8,-4],[-3,-7],[-10,-1],[0,-7],[-5,-2],[0,-3],[-7,0],[-2,-6],[-6,-2],[0,-5],[-3,-2],[0,-2],[2,-1],[4,2],[3,-5],[-2,-7],[2,-2],[-1,-2],[-10,0],[1,-6],[0,-18],[11,-8],[14,-1],[6,-2],[-1,-6],[-3,-2],[-1,-4],[-12,3],[-8,-4],[-4,-9],[-6,1],[-8,-1],[-4,-4],[1,-10],[-7,-1],[-1,-4],[-2,1],[-6,7],[-6,-7],[-7,6],[-6,-1],[-4,-11],[-5,-3],[-3,-7],[-6,1],[-6,-3],[-3,6],[-6,-1],[-8,6],[-5,-5],[0,5],[-3,2],[-3,-6],[-7,-1],[-1,-4],[-3,4],[1,4],[-1,3],[2,2],[0,8],[3,2],[0,3],[-14,14],[-3,1],[-4,-4],[-4,3],[2,7],[1,8],[-3,0],[2,8],[-2,1],[-2,-3],[-5,1],[-2,-1],[0,-4],[-5,-4],[-4,2],[-4,5],[-1,5],[1,2],[4,0],[2,-3],[1,4],[3,-1],[0,7],[-2,4],[0,3],[-7,-2],[-10,2],[-2,-7],[-3,2],[-9,-1],[-1,-4],[-2,0],[-1,6],[-5,-1],[4,5],[-1,6],[-8,5],[2,3],[-2,2],[2,5],[3,4],[-3,9],[-9,7],[-4,1],[-4,7],[-4,3],[-4,-5],[-8,-2],[4,5],[-4,5],[-1,0],[-1,-4],[-3,1],[-2,8],[-7,8],[-2,6],[0,6],[3,2],[1,4],[-1,8],[3,3],[-5,5],[0,3],[-4,4],[0,7],[-7,0],[0,3],[-2,2],[0,5],[-2,0],[-8,5],[-4,8],[-3,0],[3,5],[0,1],[-2,-1],[0,3],[-5,0],[1,4],[-3,0],[-1,3],[-5,-4],[-1,1],[1,3],[-2,0],[1,3],[-1,3],[-5,4],[-7,-4],[-2,-5],[-2,2],[1,-5],[-2,-1],[-6,0],[-1,2],[-4,2],[-3,4],[-3,1],[-2,-2],[4,5],[-1,3],[-2,1],[-1,7],[-5,0],[5,5],[-3,5],[1,2],[-1,4],[-2,1],[-1,4],[-3,0],[-7,14],[-5,-3],[-7,6],[0,3],[3,4],[-9,20],[1,6],[-2,13],[-3,0],[0,5],[-5,-2],[-1,2],[-5,2],[1,4],[-2,-1],[-6,2],[3,5],[-2,1],[0,5],[5,3],[-4,3],[-4,0],[-1,3],[-1,1],[-1,5],[-4,4],[1,7],[-1,4],[-4,-3],[-2,2],[-2,-1],[-2,5],[-2,1],[-1,6],[-1,-2],[-1,4],[-2,-1],[-2,5],[-1,-2],[-1,1],[-4,0],[0,-4],[-2,3],[-1,-4],[-3,-1],[-3,-4],[-1,1],[1,2],[-4,3],[-1,4],[-1,-1],[-1,2],[-3,1],[0,5],[-3,0],[-1,3],[-2,-1],[-1,4],[-2,1],[-1,4],[-5,2],[-2,4],[1,-1],[2,2],[-1,2],[1,2],[-2,-1],[0,3],[-5,-1],[-3,-4],[-3,5],[-3,1],[-4,-3],[-3,1],[0,6],[-3,0],[-1,-1],[-2,1],[-1,-4],[-4,-2],[-1,-5],[-2,0],[-2,-5],[1,-4],[-2,-4],[2,-1],[-3,-1],[2,-5],[-2,-1],[-4,-8],[-4,0],[-2,-2],[0,-3],[-5,1],[-5,-2],[-2,2],[-6,-2],[-2,1],[-2,4],[-4,-2],[-5,-1],[-4,4],[0,1],[-2,0],[0,4],[-6,-2],[-1,3],[-2,1],[-1,2],[-1,-4],[-5,5],[-3,-4],[0,2],[-10,-16],[-2,-1],[-4,3]],[[3985,3352],[-9,-2]],[[3976,3350],[-2,3],[-8,6],[-3,0]],[[3963,3359],[-13,11],[2,3],[2,1],[12,-8]],[[3966,3366],[5,1],[3,3],[-5,10],[-18,15],[-6,0],[-2,4],[-1,11],[5,11]],[[3947,3421],[1,5],[-1,3],[15,8]],[[3962,3437],[10,9],[6,20],[5,6],[3,8],[3,4],[10,5],[13,-16],[5,-3],[4,2],[4,9],[2,10],[-4,7],[0,6],[2,10],[11,12],[6,-1],[4,2],[2,-1],[3,-8],[8,-6],[13,7],[3,-4],[2,-6],[3,-5],[17,-8],[16,6],[3,2],[2,7],[11,5],[18,-17],[4,2],[0,6],[3,3],[3,1],[5,-6],[5,-1],[4,8],[4,2],[7,-1],[7,-6],[7,4],[4,-2],[5,1],[5,6],[9,-1]],[[4219,3515],[4,-5],[4,1],[2,3],[2,7]],[[4231,3521],[-10,15]],[[4221,3536],[3,25],[-7,8],[-6,5],[-2,3],[0,4],[5,1],[7,-6],[4,0],[18,15]],[[4243,3591],[16,-4],[16,8],[3,-2],[1,4],[2,0],[-1,2],[2,1],[0,2],[3,3],[7,6],[3,-1],[0,2],[9,-5],[-1,-11],[5,1],[1,-2],[2,3],[4,-3],[1,2],[3,-3],[5,-1],[0,-5],[20,0],[1,1],[9,4],[5,-4],[1,2],[5,-3]],[[4365,3588],[8,3],[7,-2]],[[4380,3589],[0,-3],[4,-1],[0,-4],[2,1]],[[4386,3582],[5,9],[0,-4],[4,-1]],[[4410,3567],[8,-6],[3,0]],[[4421,3565],[9,7],[2,-2],[2,-1]],[[4435,3566],[3,0],[-1,-3]],[[4438,3559],[-9,-4],[5,-7]],[[4519,3463],[6,1],[2,2]],[[4795,3305],[2,4],[6,1]],[[4834,3292],[-3,-3],[1,-2],[5,1]],[[4837,3288],[0,-8],[1,-1]],[[4843,3282],[0,-3],[2,-1],[0,-2]],[[4872,3179],[1,-5],[3,-2]],[[4883,3177],[7,-1],[8,4],[11,-6]],[[5062,2996],[14,-6],[5,3],[10,0],[6,-6],[5,-9]],[[5113,2961],[5,-3],[5,-9]],[[5123,2949],[0,-6],[6,-6],[2,-6],[-3,-16],[1,-3],[3,-1],[1,-1],[-6,-11],[-3,-19],[-5,-9],[-3,-10],[5,-11],[-2,-5]],[[3839,2278],[6,8],[6,-2]],[[3851,2284],[3,3],[3,-1],[3,4],[4,1],[5,3]],[[3869,2294],[8,-2],[4,6]],[[3881,2298],[3,-1],[2,2],[0,3],[3,1]],[[3889,2303],[1,4],[12,7],[4,7],[2,9],[3,-4],[5,9],[4,-2],[5,4],[3,-1],[2,2],[3,-2],[0,-4],[2,-3],[5,-1],[3,-3],[-3,-1],[-2,-2],[8,-8],[-4,0],[0,-2]],[[3942,2312],[-6,1],[-4,-12]],[[3932,2301],[-7,-3],[5,-10],[3,-1],[3,2],[5,-7],[3,-1],[2,-8],[7,-5],[0,-10],[2,-2],[2,2],[-1,-7],[4,-1],[2,-6],[-5,-1],[-10,2],[0,-11],[2,2],[2,-2],[-3,-5],[1,-8],[-3,-5],[0,-4],[-3,-2],[-5,2],[-3,-2],[5,-10],[-3,0],[4,-8],[-3,-3],[0,-8],[-2,1],[-2,-3],[1,-5],[-7,-5]],[[3928,2169],[-3,-9],[1,-4]],[[3926,2156],[5,2],[2,-2],[0,-4]],[[3933,2152],[5,0],[0,-9],[-2,-11],[-4,-3]],[[3932,2129],[0,-4],[-2,-3],[0,-11]],[[3930,2111],[-12,-5],[-3,-6],[-1,-4]],[[3914,2096],[4,-3],[0,-3],[-6,-4],[-27,0]],[[3885,2086],[-5,-1],[-3,2]],[[3877,2087],[-7,0],[-2,1]],[[3868,2088],[-5,-6],[-14,4]],[[3849,2086],[-15,-6]],[[3834,2080],[-7,-10],[-2,-11],[2,-2],[1,-3],[-8,-15]],[[3820,2039],[-10,-8]],[[3742,1933],[-5,-12],[0,-7]],[[3622,1805],[-3,-4],[-2,10],[-5,-1],[-4,5],[-7,4],[-4,8],[0,5],[-3,2],[3,8],[-4,3],[-5,9],[-4,1],[5,9],[0,4],[-7,4],[0,3],[-4,4],[1,1],[-1,1],[1,4],[-1,2],[2,2],[-2,5],[0,8],[-3,3],[0,5],[-5,6],[1,5],[-2,8],[-10,8],[-5,-3],[-7,2],[1,5],[-3,3],[0,3],[6,6],[4,13],[5,3],[0,3],[-2,2],[-4,-2],[-16,2],[-1,-3],[-7,0],[-3,-5],[0,8],[-3,8],[-10,15],[-4,2],[0,12],[-5,8],[6,17],[-1,5],[-4,4],[-4,1],[-6,13],[3,5],[4,4],[-1,4],[5,11],[3,4],[5,0],[0,5],[-14,6],[0,5],[-5,6],[-3,0],[0,2],[-4,0],[2,22],[-6,12],[-1,27],[-5,12],[-4,7],[6,10],[0,14],[4,8],[2,10],[-3,5],[0,6],[-2,3],[-3,-1],[-7,5],[-3,1],[-3,4],[-1,7],[-4,2],[-8,1],[-4,5],[-5,8],[2,16],[-18,5],[-13,14],[-14,30],[23,67],[0,7],[-4,5],[-3,9],[-2,11],[3,4],[7,4],[2,14],[4,6],[2,1],[8,-1],[3,5],[3,0],[6,34],[6,3],[-1,3],[-5,1],[-4,5],[15,15],[-3,7],[3,10],[4,2],[2,-2],[7,-1],[5,-4],[5,2],[5,-2],[4,1],[6,-3],[11,2],[2,5],[0,8],[10,16]],[[3649,2450],[6,0],[2,1],[1,7]],[[3661,2460],[4,17],[1,2],[-3,4],[2,5],[7,4]],[[3672,2492],[3,8],[3,2]],[[3687,2501],[8,3],[10,20],[9,-1]],[[3736,2537],[6,-1],[5,5]],[[3752,2546],[4,11],[-3,5],[0,5],[4,5]],[[3757,2572],[0,6],[1,1],[6,-6]],[[3764,2573],[-3,-5]],[[3761,2568],[6,-3],[0,-5],[4,-7],[4,-2],[-1,-7],[2,-3],[3,-3],[5,5],[6,-1],[5,-15],[0,-6],[-4,-9],[2,-6],[5,-3],[2,-14],[-3,-5],[-2,0],[-3,-6],[-7,-1],[5,-10],[1,-6],[5,0],[3,-3],[1,-4],[-1,-10],[4,1],[3,-8],[9,-3],[5,-6],[8,-1],[7,2],[2,-7],[3,-3],[2,-14],[-8,-2],[0,-3],[-3,-3],[-2,-12],[-2,0],[-8,10],[0,3],[-7,1],[-14,14],[0,13],[-4,6],[0,6],[-4,0],[-2,-3],[2,-2],[-4,-5],[-3,0],[-1,2],[-4,-1],[1,-3],[-5,-3],[-5,-11],[-1,1],[2,4],[-9,1],[-2,-8],[3,-5],[-5,0],[-1,-3],[0,-5],[-2,-4],[2,-6],[-3,-3],[-3,1],[-1,-12],[-4,0],[-2,-6],[-2,2],[-3,-4],[-1,-10],[2,-2],[-2,-6],[-6,1],[-3,-4],[5,-3],[4,-5],[2,-9],[7,-6],[8,-11],[9,3],[1,-6],[2,-1],[1,-4],[6,-3],[9,3],[6,4],[3,-1],[-1,-11],[-5,-10],[-2,-18],[2,-5],[3,-2],[2,-6],[1,-8],[5,-5],[4,1],[0,6],[12,6],[15,-10],[10,5],[1,10],[-2,11],[3,9]],[[6619,4809],[3,7],[6,1]],[[6628,4817],[12,12],[4,-3]],[[6581,4579],[-2,-5],[1,-5]],[[6585,4568],[7,-14],[1,-10]],[[6600,4534],[8,-11],[3,-10]],[[6619,4483],[-3,-5],[2,-7]],[[6620,4469],[-1,-11],[4,-8]],[[6632,4442],[2,-16]],[[6634,4426],[-4,0],[-4,5],[-10,6],[-3,7],[0,8],[-3,7],[-5,5],[1,5],[-2,2],[1,2],[-4,6],[-1,-2],[-2,3],[0,-1],[-4,4],[-1,-1],[-2,3],[0,-6],[-2,-3],[-3,5],[-5,-3],[-5,5],[-4,-1],[0,-4],[-2,0],[-5,7],[-11,1],[-3,2],[0,3],[-6,1]],[[6545,4492],[-2,3],[-7,-2]],[[6536,4493],[-3,-4]],[[6533,4489],[-3,4],[0,6]],[[6551,4536],[1,8],[-4,6]],[[6505,4683],[5,8],[-4,15]],[[6483,4763],[1,13]],[[6479,4782],[3,2],[4,-1]],[[6566,4782],[-7,29],[13,8]],[[6495,4946],[1,2],[-1,2],[-5,5]],[[6481,4957],[-4,5],[-3,-5]],[[6474,4957],[0,-6],[-7,-11]],[[6453,4922],[4,-4],[0,-8],[-4,-4],[-6,1]],[[6447,4907],[-11,-9],[-14,4]],[[6422,4902],[-3,-9],[-16,0]],[[6392,4900],[-5,6],[-3,10]],[[6384,4916],[-5,1],[-5,9]],[[6371,4932],[-4,6],[-3,1],[-5,-2]],[[6350,4941],[-6,-3],[-8,-9]],[[6304,4924],[-1,-6],[-4,1]],[[6294,4919],[-3,-5],[5,-6],[-3,-3]],[[6293,4905],[0,-5],[4,-3],[1,-9],[-2,-3],[-3,-1],[-3,2]],[[6290,4886],[-3,6],[-6,-6]],[[6281,4886],[-4,0],[2,6],[-2,4],[-8,6],[5,11],[-3,2],[-6,-4],[-2,2],[0,6],[3,6],[-1,4],[-4,-1],[-2,-4],[-6,-4],[-1,3],[0,8],[-7,2],[-4,5],[-1,5],[6,9],[0,17],[-1,1],[-2,-1],[-2,-9],[-3,-4],[-7,2],[0,4],[7,4],[3,10],[7,4],[2,4],[-3,5],[-4,0],[-9,7],[1,4],[6,-2],[1,2]],[[6242,5000],[0,5],[-7,3]],[[6235,5008],[0,3],[9,-3]],[[6244,5008],[3,2],[4,3],[6,14],[5,2],[4,-2],[3,3],[3,1],[14,12],[15,2],[4,-8],[3,-1],[15,6],[0,7],[15,9],[2,5],[3,3],[19,4],[2,8],[-1,9],[19,-4],[4,5],[19,-1],[2,9],[4,0],[2,1],[1,13],[-2,4],[-4,3],[0,8],[-5,-3],[-12,5],[-1,5]],[[6390,5132],[4,7],[1,4],[7,2],[3,3]],[[6405,5148],[1,7],[6,6],[9,-7],[2,0],[11,11],[1,5],[3,2],[3,8]],[[6441,5180],[17,10],[4,5],[0,4],[-3,10]],[[6459,5209],[-2,1],[-6,-5],[-6,4],[-10,-1],[-4,4],[-4,0],[-3,4],[-3,0],[-3,4],[1,5],[0,5],[3,6],[1,4],[-9,-3],[-5,0],[-4,10],[-3,2],[-5,-6],[-3,0],[0,-2],[-4,-2],[-4,2],[-2,-2],[0,-5],[-3,-2],[-3,0],[-1,5],[-1,0],[-17,-7],[-5,4],[-7,-1],[-2,4],[-7,-6],[-2,2],[-5,1],[2,5],[-2,4],[2,5],[0,3],[-4,1],[-4,4],[-2,-1],[-6,-7],[-5,3],[-2,6],[-9,0],[-3,3],[-4,-3],[-2,4],[-5,-2],[-2,7],[-5,1],[1,5],[4,4],[4,0],[9,-7],[7,-2],[11,2],[2,2],[-1,10],[-10,10],[-4,9],[-4,2],[-2,3],[-3,9],[2,8],[0,10],[-5,3],[-8,0],[-6,3],[-4,-2],[-12,8],[-7,-3],[-5,3],[-2,4],[1,5],[-2,10],[-4,3],[-1,3],[-2,0],[1,4],[-3,5],[1,4],[-3,2],[-1,2],[-1,-1],[-4,2],[-2,3],[1,4],[-4,4],[0,8],[-6,5],[2,3],[4,14],[10,11],[3,-1],[3,-4],[6,1],[4,-2],[6,2],[3,-6],[3,2],[3,-3],[12,-3],[7,-5],[3,4],[2,0],[7,8],[7,2],[1,5],[-2,5],[2,7],[16,6],[0,3],[-2,6],[1,4],[3,1],[4,-2],[4,2],[0,3],[1,1],[-1,3],[2,1],[0,3],[3,-1],[3,2],[0,6],[1,1],[-1,1],[-1,8],[-2,1],[1,2],[7,7],[4,7],[6,3],[9,-1],[8,10],[2,20],[-3,9],[-7,7],[-3,11],[-3,0],[-3,3],[-1,17],[3,1],[6,-3],[6,8],[3,-1],[4,4],[5,0],[8,4],[3,-3],[4,-11],[7,1],[1,1],[-2,9],[1,7],[-1,5],[0,2],[13,-1],[9,-11],[2,2],[1,8],[-1,6],[8,4],[4,6],[8,4],[3,0],[5,-6],[4,0],[1,4],[5,22],[3,2],[4,-1],[4,1],[-3,9],[1,5],[4,6],[8,3],[8,8],[-2,4],[-8,3],[1,17],[1,2],[7,3]],[[6490,5719],[10,13],[1,4]],[[6501,5736],[-2,8],[4,1]],[[6503,5745],[2,6],[6,0]],[[6511,5751],[1,1],[0,11]],[[6512,5763],[7,11],[-2,12],[3,6],[0,10],[10,-1]],[[6530,5801],[8,-5],[13,2]],[[6551,5798],[5,4],[1,3]],[[6557,5805],[11,1],[15,20]],[[6583,5826],[3,1],[1,3],[-1,2],[-8,7]],[[6578,5839],[4,11],[4,3],[-1,6],[11,12],[1,4],[8,7],[2,8],[7,6],[3,11],[1,6],[4,4],[3,9],[3,3],[11,1],[6,18]],[[6645,5948],[2,0],[2,-4],[1,2],[-2,6]],[[6648,5952],[-5,1],[3,5],[5,4],[-1,3],[-3,0],[-2,3],[2,1],[5,-2],[4,1],[-9,8],[2,6],[-2,5],[2,4],[0,4],[-6,8],[-2,7],[3,3],[4,0],[13,5],[1,2],[0,9],[3,7],[-1,4],[-13,5],[-3,26],[-4,19],[11,4],[5,-1],[4,6],[7,1],[12,14],[0,7],[-7,9],[5,11],[-3,1],[-5,-5],[-2,7],[3,7],[10,7],[2,4],[-1,5],[-6,6],[-1,3],[7,6],[1,5],[3,4],[6,0],[5,3],[19,-9],[7,-5],[10,-10],[4,0],[1,3],[-2,17],[-4,3],[-6,0],[-4,3],[-3,4],[-2,9],[4,2],[9,-4],[8,15],[4,5],[2,7],[3,-2],[1,-11],[-5,-10],[0,-5],[13,-1],[-3,-10],[2,-7],[17,4],[1,-14],[3,-3],[7,2],[6,-2],[2,1],[2,7],[-4,12],[15,-3],[0,3],[-8,4],[-1,4],[3,2],[10,-3],[9,12],[5,-3],[2,-11],[3,-4],[20,-13],[2,3],[0,7],[-4,3],[-1,7],[-2,5],[-7,1],[-3,10],[2,2],[7,-2],[6,4],[9,-9],[5,5],[-1,6],[3,8],[4,9],[2,1],[5,-1],[-2,-7],[1,-8],[7,1],[5,-8],[4,-2],[4,0],[4,3],[5,-1]],[[6905,6220],[4,-3],[4,-8],[3,0],[0,6]],[[6916,6215],[-5,6],[-1,11],[-10,3],[-6,6],[-3,9],[-3,2],[-1,2],[3,4],[6,3],[9,10],[10,3],[4,-1],[3,1],[1,3],[-4,7],[2,6],[5,0],[5,-5],[2,2],[-1,5],[2,6],[1,5],[-3,1],[-7,1],[-3,9],[11,21],[-1,2],[-5,4],[9,10],[4,10],[-2,3],[-6,3],[-6,8],[0,3],[2,1]],[[6928,6379],[10,-5],[15,-18]],[[6953,6356],[1,-7],[9,-1],[4,-10]],[[6967,6338],[8,-7],[4,-10],[2,0],[4,6]],[[6985,6327],[-2,19],[5,-1],[8,-6],[3,3],[2,7],[4,5]],[[7005,6354],[6,-5],[4,1]],[[7015,6350],[-2,6],[2,12]],[[7015,6368],[-5,10],[0,20],[-4,4],[-11,1],[-9,16],[4,11],[2,2],[3,-1],[2,5],[-1,13],[11,7],[9,-2],[7,8],[0,5],[-2,3],[-1,6],[0,3]],[[7020,6479],[4,3],[14,-2]],[[7038,6480],[4,-12],[3,1],[4,5],[2,1],[1,-5],[-3,-5]],[[7049,6465],[1,-4],[2,-2],[1,-3],[4,-1]],[[7057,6455],[5,4],[0,3],[-4,1],[0,4],[8,2],[3,-1],[1,-3]],[[7070,6465],[4,1],[1,4]],[[7075,6470],[-4,5]],[[7071,6475],[1,8],[12,-1]],[[7084,6482],[4,3],[4,-1],[6,7],[1,9],[7,5],[1,6],[4,7],[3,1]],[[7114,6519],[2,5]],[[7116,6524],[1,0],[1,-2],[8,-6],[3,0],[2,-9],[1,-1],[2,-16],[3,-6],[7,-1],[4,-2],[5,-20],[9,0],[3,-4],[0,-4],[7,-9],[3,1],[9,-10],[0,-10],[2,-13],[6,-10],[17,16],[6,10],[26,18],[6,-7],[8,-4],[2,-6],[9,-5],[5,-1],[5,-16],[8,-4],[2,-3],[12,-1],[0,-16],[-3,-2],[0,-2],[1,-5],[-4,-10],[-5,-4],[3,-3],[9,1],[5,-2],[3,-2],[3,-8],[-4,-9],[2,-5],[-1,-14],[-4,-6],[-5,-3],[-4,-12],[1,-3],[4,-4],[6,-8],[3,-9],[8,-5],[-5,-11],[-6,2],[-7,-14],[0,-5],[9,-8],[2,-9],[7,-8],[5,-1],[-2,-8],[2,-4],[-3,-6],[3,-3],[5,-8],[1,-8],[5,1],[5,-1],[8,8],[13,4],[0,-2],[3,0],[3,-2],[5,-6],[3,-6],[3,0],[7,-5],[3,-3],[2,-6],[3,-3],[4,-13],[3,-28],[7,-19],[5,-4],[3,-5],[4,-2],[3,-5],[1,-9],[-2,-15],[10,-28],[5,-8],[3,0],[2,3],[-1,10],[-15,48],[-5,10],[-1,21],[8,13],[14,12],[2,6],[-1,7],[-4,7],[-9,9],[-1,4],[5,5],[2,6],[5,4],[4,0],[3,-3],[10,0],[3,1],[4,6],[5,1],[6,-6],[0,-2],[-3,0],[-3,5],[-2,0],[-2,-2],[-1,-5],[4,-9],[13,-7],[1,-4],[-8,-4],[-2,-8],[-7,-10],[2,-7],[4,-1],[3,-12],[9,-14],[0,-10],[5,-6],[-1,-6],[-5,-3],[-3,0],[-1,-3],[5,-2],[2,-7],[6,-5],[2,2],[4,-6],[4,1],[2,-2],[3,1],[2,-3],[3,-1],[2,-4],[3,-1],[1,3],[4,1],[2,-2],[12,-2],[3,-6],[-2,-3],[0,-4],[-2,-1],[0,-10],[3,-2],[1,-6],[3,-2],[4,-11],[3,2],[2,0],[4,-6],[6,-3],[0,-6],[3,-2],[-2,-2]],[[7558,5987],[0,-4],[-8,4]],[[7550,5987],[-3,-3],[-4,4],[0,3]],[[7543,5991],[-6,-5],[-1,-5]],[[7536,5981],[-3,-2],[0,-7],[-3,-3]],[[7530,5969],[1,-1],[-1,-4],[3,-2],[-3,-1]],[[7530,5961],[0,-4],[-5,-4]],[[7525,5953],[-1,-5],[-1,-1],[1,-7],[-6,-1]],[[7518,5939],[-2,-4],[-1,-7]],[[7515,5928],[-7,-7],[0,-7],[-1,-3],[1,-3],[-2,-9],[-5,0],[-1,-8],[1,-5],[-6,-11],[3,-1]],[[7498,5874],[1,-3],[3,-3],[0,-2]],[[7502,5866],[-3,-6],[-2,0],[0,-6],[-2,-5],[-2,0],[-1,-3],[-8,-4],[0,-7]],[[7484,5835],[3,-5],[-2,-2]],[[7485,5828],[0,-4],[-2,0],[-5,-5],[-7,-1]],[[7471,5818],[-2,2],[0,-4]],[[7469,5816],[-3,-1]],[[7466,5815],[0,2],[-5,-3],[3,-8]],[[7464,5806],[-3,-3]],[[7461,5803],[12,-2],[3,-4],[2,-18]],[[7478,5779],[14,-6],[4,-4],[0,-6],[-5,-6]],[[7491,5757],[2,-5]],[[7493,5752],[8,4],[7,-2],[2,-2],[3,-19]],[[7513,5733],[5,-13],[1,-3],[-3,-5],[7,0],[7,-6],[3,-12],[5,-9]],[[7538,5685],[4,-12],[0,-8]],[[7542,5665],[-5,-11],[1,-6]],[[7470,5588],[-4,0],[-3,-3],[-1,-7]],[[7408,5276],[-2,-9],[-2,0]],[[7395,5275],[-1,-2],[1,-9]],[[7322,5253],[-3,-1],[-10,2]],[[7310,5245],[-1,0],[-2,0]],[[7307,5245],[0,9]],[[7307,5254],[5,6],[-4,19],[-3,8],[0,9],[5,9]],[[7310,5305],[0,21]],[[7310,5326],[-4,11],[-6,2]],[[7300,5339],[1,4]],[[7301,5343],[-2,4],[-7,0]],[[7292,5347],[-2,-4],[-2,0],[-2,-5],[-5,1],[-6,-8],[-3,-2]],[[7272,5329],[-3,1],[-3,7]],[[7266,5337],[-7,6],[-2,13],[2,6],[-3,16],[1,2],[-5,3],[-1,6],[-3,1],[-1,2],[-5,-1]],[[7242,5391],[-3,4],[2,7]],[[7241,5402],[-2,8],[8,16]],[[7247,5426],[0,8],[4,18],[2,3]],[[7253,5455],[16,11],[2,7],[9,1],[3,5],[6,3],[5,10],[0,8],[5,4],[-1,6]],[[7298,5510],[11,11],[0,2]],[[7309,5523],[-2,4],[-6,6]],[[7301,5533],[-2,-3],[-1,-8],[-2,-2],[-9,7],[-3,-1],[-2,4],[-5,-3],[-7,-2],[-2,5],[3,8],[-3,4],[-1,4],[-4,1],[-4,-6],[-11,-5],[-7,0],[-4,-7],[-8,-2],[-5,-5],[-5,-9],[3,-6],[-3,-16],[-11,-3],[-7,4],[-4,4],[-11,25],[-7,1],[-12,22],[-3,3],[-6,2],[0,2],[2,5],[-1,3],[1,5],[-2,3],[-4,4],[-6,2],[-4,5],[-8,5]],[[7136,5583],[-12,3],[-2,0],[-2,-3]],[[7120,5583],[0,-10]],[[7120,5573],[-3,-16],[-4,-3]],[[7113,5554],[-2,-4],[-16,-1],[-4,3],[-4,-3],[-16,6],[-1,-9],[-3,-9],[1,-7],[-2,-7],[-9,-4],[-2,-11],[-20,-36],[-9,-12],[-4,-19],[2,-10],[-3,-5],[-2,-7],[-2,-4],[-7,-1],[-13,12],[-8,-5],[-2,1],[-4,3],[-5,10],[0,7],[-5,0],[3,-8],[1,-9],[3,-5],[-1,-4],[8,-14],[3,-9],[0,-3]],[[6990,5390],[3,-2],[0,-6],[-3,-4]],[[6990,5378],[1,-6],[-4,-1],[1,-3],[-4,-6]],[[6984,5362],[0,-5],[-2,-3]],[[6982,5354],[-3,0]],[[6979,5354],[0,-3],[-2,-3]],[[6977,5348],[-4,3],[-7,-3],[-5,2],[-6,15],[-4,2],[1,7],[-2,1],[-4,-1],[1,-12]],[[6947,5362],[-2,-10],[4,-5],[3,-7]],[[6952,5340],[5,-5],[2,-4],[-4,-16]],[[6955,5315],[-5,2],[3,4]],[[6953,5321],[2,5],[-13,18],[-4,0]],[[6938,5344],[-1,2],[-3,2],[-3,-6]],[[6892,5293],[-5,-4],[-3,0]],[[6781,5296],[2,-8],[-5,-12]],[[6778,5276],[-5,-5],[0,-3]],[[6769,5262],[-4,-14],[-3,-4]],[[6762,5244],[-11,0],[-3,-6]],[[6716,5165],[-1,-1],[-4,2],[-1,-1]],[[6710,5165],[-2,-10],[-3,-1]],[[6704,5152],[-5,-1],[-1,2]],[[6679,5155],[-3,-2],[0,-3]],[[6676,5150],[-4,-3],[-1,-3],[-1,-8]],[[6719,4978],[5,-3],[3,-8],[0,-11]],[[6745,4862],[9,-4],[2,-5]],[[6754,4849],[-3,7],[-2,1],[-4,-3]],[[6734,4863],[-12,-3]],[[6669,4877],[-4,4]],[[6647,4885],[0,3],[-3,3]],[[4577,2343],[-15,-5]],[[4562,2338],[-5,6],[-16,2],[-3,6],[-7,10],[-4,1],[-5,-1],[-21,11],[-8,-1],[-6,3]],[[4487,2375],[-7,0],[-7,-1]],[[4473,2374],[-7,-5],[-2,1],[-2,9]],[[4462,2379],[0,27],[-6,8],[-8,4],[-33,6]],[[4415,2424],[-18,0],[-5,-3]],[[4392,2421],[-21,-25],[-9,-5]],[[4362,2391],[-5,1],[-4,10]],[[4353,2402],[3,30],[6,12],[14,18],[7,11],[3,6],[2,9],[0,17],[5,10],[-3,15],[4,8],[-15,22],[-11,7],[-14,1],[-13,-8],[-7,4],[-14,15],[-6,-1],[-18,-7]],[[4296,2571],[-11,5],[-3,6],[-1,29]],[[4281,2611],[-4,1],[-5,-1],[-6,-4],[-3,-3],[-4,7],[0,5],[-3,1],[-2,8],[-3,2],[3,6],[-2,7],[3,3],[0,4],[-6,9],[4,6],[-1,3],[-4,1],[-3,4],[-2,1],[-1,4],[-2,2],[-3,15],[1,11],[-3,5],[-29,13],[0,3],[2,2],[-7,2],[-2,5],[1,18],[-7,1],[-4,3],[-5,0],[-10,23],[-6,6],[-4,1],[-6,9],[-8,2],[-14,10],[0,13],[-6,8],[1,5],[-3,6],[3,7],[-9,19],[1,5],[10,9]],[[4133,2878],[-1,9],[-7,1]],[[4125,2888],[-4,4],[-4,2],[-6,7]],[[4111,2901],[-6,-4],[-10,6]],[[4095,2903],[-12,13],[-3,1]],[[4080,2917],[-7,7]],[[4073,2924],[-7,2],[-7,7]],[[4053,2942],[-9,10],[-8,-1]],[[3817,3044],[-2,4],[2,15]],[[3816,3112],[-1,3],[-11,8]],[[3732,3160],[-12,-6]],[[3719,3144],[-2,-2],[-10,0],[-5,10],[-3,2],[2,2]],[[3701,3156],[2,-2]],[[3703,3154],[2,3],[4,1],[2,7],[-7,5]],[[3704,3170],[-4,5],[-6,-1],[-4,5]],[[3690,3179],[-10,2],[-2,7],[4,11],[6,9],[11,0],[9,-10],[36,2],[8,-5]],[[3752,3195],[4,-5],[11,2]],[[3767,3192],[3,-3],[3,-5]],[[3773,3184],[2,1],[9,12],[1,6],[-9,-5]],[[3776,3198],[-8,4],[-6,4],[0,3],[-10,9],[-4,9],[0,6]],[[3748,3233],[4,9]],[[3752,3242],[-1,7],[4,4]],[[3755,3253],[4,1]],[[3759,3254],[7,10],[1,3]],[[3767,3267],[-1,4]],[[3766,3271],[3,12]],[[3769,3283],[5,1],[-2,2],[0,5],[-3,4],[1,2],[-2,2]],[[3768,3299],[0,8],[2,1],[4,-3]],[[3774,3305],[1,3],[4,1],[0,2],[3,0],[4,5]],[[3786,3316],[4,0],[-4,8],[0,3]],[[3786,3327],[4,2]],[[3790,3329],[-1,1]],[[3789,3330],[2,4],[6,-5],[2,2],[0,4]],[[3799,3335],[5,1],[5,-6]],[[3809,3330],[7,0],[1,6],[2,0],[0,-6],[3,-1],[0,4],[8,0],[4,2],[2,-1],[-1,-2],[3,1],[0,-4],[3,1],[0,-4],[3,2],[4,-2],[4,3],[2,-3],[4,0],[0,-4],[4,-4],[3,0],[1,-4],[4,4],[8,-7],[1,3],[2,0],[7,-7],[0,6],[2,0],[0,-4],[3,3],[5,-2],[-1,4],[4,1],[2,-3],[7,0],[-1,-7],[2,-2]],[[3911,3303],[4,4]],[[3915,3307],[3,-1],[3,2],[8,2],[3,3],[3,-1],[12,5],[0,19],[10,17],[-8,7],[-2,5]],[[3947,3365],[2,5],[14,-11]],[[3963,3359],[5,-1],[8,-8]],[[3976,3350],[3,0],[6,2]],[[4751,2808],[4,-1],[1,-8]],[[4758,2783],[6,-4],[0,-4]],[[4763,2767],[3,-4],[-3,-3]],[[4763,2760],[-3,-12],[-11,4]],[[4695,2657],[-4,-14],[-25,-34],[-6,-12]],[[4660,2597],[0,-5],[3,-6],[16,-20]],[[4679,2566],[10,-18],[7,-8],[6,-2],[14,8]],[[4722,2546],[4,-3],[12,-17],[9,-8]],[[4745,2502],[1,-6],[14,-27],[6,-9],[10,-10]],[[4776,2450],[13,-3],[6,-4],[4,-5]],[[4799,2438],[2,-12],[0,-7],[-5,-10],[-4,-14],[-1,-14],[5,-9]],[[4790,2355],[-4,-24],[-8,-1],[-4,14]],[[4774,2344],[-30,24],[-1,0]],[[4699,2402],[-11,-2],[-5,-4],[-2,-5]],[[4664,2378],[-11,-11],[-5,5],[-8,-4]],[[6175,4575],[-1,-6]],[[6166,4567],[-6,-2],[-1,-2],[-3,3],[0,4],[-2,1]],[[6141,4571],[-6,6]],[[6135,4577],[-7,-2],[-2,-9]],[[6126,4566],[-4,-4],[-5,-1],[-5,-4]],[[5730,4247],[-4,4],[-1,-1]],[[5459,4691],[-12,-2],[-9,9]],[[5438,4698],[-9,3],[-8,12]],[[5421,4713],[-8,5],[-8,0],[-4,-1]],[[5312,4693],[1,24],[-7,10],[-5,0]],[[5295,4723],[-8,-20]],[[5285,4700],[-3,0],[-9,7]],[[5267,4728],[-5,6],[-5,1]],[[5257,4735],[-11,-7],[-3,0],[-6,5]],[[5237,4733],[-11,18],[-4,17],[1,18],[5,10],[5,24],[0,7]],[[5233,4827],[-2,10],[-8,21],[-8,14],[-23,32]],[[5186,4918],[-3,16],[1,11],[7,37]],[[5088,5119],[-5,7],[-3,9],[0,10]],[[5145,5353],[24,14],[1,7],[-1,12],[-5,16]],[[5164,5402],[-1,7],[8,9]],[[5171,5418],[-1,9],[5,9],[2,12],[4,4],[8,7],[1,5],[8,17],[2,11],[0,10],[-4,8],[-11,-3],[-4,3]],[[5181,5510],[-2,7],[2,6],[8,15],[5,2],[23,-11]],[[5217,5529],[10,-13],[4,1],[4,6]],[[5235,5523],[0,8],[4,8]],[[5239,5539],[2,9]],[[5241,5548],[-1,10],[-7,14],[-6,8]],[[5227,5580],[-11,18],[0,5],[1,5],[4,3],[14,8]],[[5235,5619],[7,11],[-2,24],[-3,6],[-9,4]],[[5228,5664],[0,8],[-2,7]],[[5226,5679],[7,24],[11,10],[10,5]],[[5254,5718],[10,0],[16,13]],[[5538,5518],[1,-3],[7,-2]],[[5824,5650],[-1,-16],[-3,-9],[-5,-17]],[[5815,5608],[2,-6],[9,-8]],[[5899,5583],[16,-5],[2,2]],[[5918,5584],[-2,12],[2,23]],[[5918,5619],[17,23],[0,23],[11,25],[1,11],[4,23]],[[5951,5724],[-1,12],[3,8]],[[5953,5744],[6,7],[9,3]],[[5968,5754],[13,10],[9,-1]],[[6025,5865],[14,9],[-9,8],[6,3]],[[6036,5885],[16,-13],[9,-1]],[[6061,5871],[8,3],[9,-6],[3,6],[4,2],[1,3],[5,-1],[5,3],[19,-7],[4,13],[4,2]],[[6123,5889],[3,7],[3,0],[5,-5]],[[6134,5891],[5,0],[4,-5],[-2,-6],[8,-3]],[[6149,5877],[3,-4],[4,1]],[[6156,5874],[4,-2],[4,3],[1,-1],[3,-10],[-3,-8],[7,1],[8,7],[14,-4],[1,-21],[3,-5],[5,-2]],[[6203,5832],[0,-13]],[[6203,5819],[3,2],[6,8]],[[6212,5829],[7,1],[3,6],[4,13],[6,11]],[[6232,5860],[3,17],[7,20],[3,15],[9,10],[2,6],[6,7],[4,10],[9,13],[2,6],[-1,9],[7,0],[11,6],[3,3],[3,6],[1,8],[-2,3],[1,4],[4,15],[-5,14],[3,10],[5,6],[0,5],[-6,6],[1,9],[6,7],[-2,5],[2,6],[7,6],[2,6],[4,1],[-1,9],[-4,2],[0,3],[4,8],[2,0],[3,3],[-1,3],[-2,1],[1,4],[2,1],[-4,7],[3,4],[-2,4],[1,4],[-3,3],[1,4],[4,6],[3,1],[-1,1],[2,7],[5,0],[1,2],[2,-1],[0,-3],[6,-1],[0,-2],[5,1],[4,-5],[6,0],[3,3]],[[6361,6168],[3,-3],[4,-6],[-1,-3]],[[6367,6156],[3,1],[-1,-3],[1,-8],[8,-7]],[[6378,6139],[-1,-9],[2,-2]],[[6379,6128],[3,1],[2,-2]],[[6384,6127],[-3,-7]],[[6381,6120],[3,0],[1,-4],[6,-2],[2,-9],[-5,-5],[7,-9]],[[6395,6091],[2,-6],[-2,-1]],[[6395,6084],[-2,3],[-5,-7],[7,-13],[2,-10],[-2,-2],[-3,2],[-1,-3],[-5,-1],[0,-2],[2,-4],[-1,-3],[2,-4],[0,-4],[4,-2],[3,-7],[1,-11],[-5,-4],[-1,-4],[4,-4],[2,-5],[-5,-3],[-3,-5],[2,-9],[-4,-1],[-2,-4],[8,-7],[-1,-6],[1,-6],[2,-1],[5,-5],[3,-1],[7,-5],[7,-7],[-2,-8],[-4,-7],[1,-5],[13,-10],[1,-5],[3,-3],[1,-7],[6,-5],[1,-18],[2,-5],[-2,-2],[1,-4],[-1,-3],[6,-6],[3,-9],[4,1],[7,-9],[4,-1],[2,-13],[0,-9],[1,-4],[4,-3],[1,-7],[2,-4],[17,-6],[2,-4],[7,-4],[3,-8],[3,-3],[0,-7],[5,-10]],[[6508,5751],[-4,0],[-1,-6]],[[6501,5736],[-2,-5],[-9,-12]],[[6459,5209],[3,-13],[-6,-8],[-6,-4],[-3,0],[-6,-4]],[[6405,5148],[-11,-7],[-4,-9]],[[6244,5008],[-7,1],[-2,3],[-1,-2],[1,-2]],[[6235,5008],[6,-2],[1,-6]],[[6281,4886],[7,6],[2,-6]],[[6290,4886],[4,-2],[4,5],[0,7],[8,-6],[1,-8]],[[6303,4620],[0,-11],[-1,-2]],[[6237,4629],[-3,-15],[-4,-2]],[[9019,6293],[6,-18]],[[9024,6163],[5,-9],[1,-6],[-2,-6],[-5,-8],[-8,-2],[-7,-8],[-7,-1],[-11,3],[-1,20]],[[8989,6146],[-3,3],[-4,-6]],[[8957,6126],[-17,-9],[-5,2],[-1,10]],[[8932,6131],[-2,4],[3,4]],[[8941,6141],[0,3],[-3,6]],[[8935,6148],[-6,4],[-1,6]],[[8928,6158],[-5,3],[-10,-2]],[[8908,6150],[-8,1],[-4,3],[1,4]],[[8901,6160],[-1,3],[-10,8]],[[8869,6155],[1,11]],[[8798,6239],[-3,5],[-6,-3]],[[8789,6241],[-2,-7],[-6,-1],[-16,12]],[[8760,6251],[-11,7]],[[8749,6258],[-2,7],[1,5]],[[8804,6534],[-5,-3],[-2,-4],[-3,2],[-2,3],[0,5],[4,5],[4,2]],[[8809,6758],[-5,10],[0,3],[3,1],[0,5]],[[8807,6777],[-6,12],[8,1]],[[8822,6790],[18,6],[1,4]],[[9454,7003],[6,-15],[3,-5]],[[9477,6955],[7,-10]],[[9484,6945],[-3,-7],[-3,2],[-4,-2],[-6,3],[-4,12],[-4,2],[-18,2],[-10,-9],[-1,-3],[1,-10],[-1,-9],[-3,-8],[-1,-8],[-8,-15],[-4,-20],[-6,-15],[1,-2],[-6,-5],[-8,-9],[-3,-7],[-9,-4],[-3,-7],[-2,-12],[-4,-8],[0,-6],[2,-7],[-3,-5],[-3,-21],[-4,-8],[-3,-11],[-2,-2],[-2,-4],[1,-19],[8,-3],[5,-8],[0,-8],[-1,-9],[-4,-8],[-1,-17],[-5,-7],[0,-5],[-2,-5],[-7,-4],[0,-4],[3,-12],[-3,-5],[1,-6],[4,-7],[-1,-7],[1,-3],[14,-4],[3,-3],[-1,-7],[2,-5],[-1,-5],[-4,-1],[-3,-9],[-1,-7],[3,-5],[1,-9],[-3,-3],[-2,-8],[-5,-2],[1,-6],[-3,-5],[7,-8],[2,-16],[10,-8],[3,-5],[-5,-5],[-9,-2],[-8,-6],[-9,-19],[-8,-2],[-4,-12],[-9,0],[-3,-4],[6,-17],[7,-1],[1,-3],[-10,-13],[-9,0]],[[9027,6437],[-3,-1],[-10,-12]],[[2242,3209],[1,10],[-6,9],[2,4],[4,1],[3,5],[3,0],[-11,6],[1,6],[2,0],[7,7],[0,2],[-5,5],[-2,7],[1,6],[4,2],[4,7],[-7,9],[-5,2],[3,7],[-4,8],[-12,48],[-2,25],[-5,11],[9,26],[1,7],[3,10],[-2,15],[1,5],[-3,3],[0,4],[3,11],[5,8],[1,5],[-24,13],[-10,-3],[-6,0],[-3,9],[4,12],[-1,2],[-10,1],[-36,-17],[-7,-6],[-8,-15],[-3,-2],[-4,2],[-3,4],[-11,12],[-17,4],[-6,-3],[-6,2],[-5,-1],[-4,1],[-9,11],[-8,22],[-5,1],[-14,-4],[-10,7],[-1,2],[3,4],[0,4],[1,1],[-7,8],[-3,0],[2,2],[-1,2],[-3,-1],[-2,3],[-2,-2],[-5,0],[0,-2],[-5,-2],[-1,4],[-2,1],[2,3],[-2,1],[-1,2],[-3,-3],[-3,3],[0,-4],[-1,-2],[-3,2],[-6,1],[-3,3],[-2,-2]],[[1982,3570],[-2,2],[0,3]],[[1980,3575],[-1,1],[1,2],[-3,6],[1,5],[0,6],[5,1],[-1,2],[3,2],[2,14],[-5,15],[-4,4],[-4,8],[-5,3],[-2,0],[0,7],[-3,3],[0,10],[-3,2],[2,7],[-10,30],[2,5],[3,4],[4,14],[7,7],[9,5],[2,3],[1,6],[4,7],[0,9],[-8,11],[-5,14],[-2,10],[2,7],[0,15],[-4,14]],[[1968,3834],[15,-10],[19,-6],[13,1],[9,6],[9,8],[10,-6],[13,-4],[16,20],[-1,3],[-7,4],[-10,3],[0,4],[-2,4],[1,15],[4,0],[3,4],[5,2],[4,-1],[5,-6],[3,1],[3,4],[1,4],[2,3],[1,-1],[4,6],[7,0],[2,3],[7,2],[1,2],[3,-1],[7,1],[4,-2],[4,2],[2,-2],[8,1],[4,-4],[3,2],[6,-1],[2,3],[4,-1],[1,-3],[4,3],[2,-1],[4,1],[1,-1],[3,1],[10,-4],[4,1],[0,-3],[8,-4],[5,-7],[3,-2],[6,2],[6,-4],[4,4],[3,0],[3,-4],[7,3],[3,7],[2,0],[4,5],[0,5],[4,5],[3,1],[4,5],[4,2],[5,-3],[5,9],[5,1],[0,-2],[4,-7],[11,-2],[3,4],[10,-2],[4,4],[8,2],[3,6],[9,-2],[3,3]],[[2320,3920],[6,0],[1,3]],[[2327,3923],[0,5]],[[2327,3928],[5,10],[12,11]],[[2344,3949],[6,1],[7,9],[9,1]],[[2366,3960],[3,3],[1,5],[-4,8]],[[2366,3976],[-14,6],[-3,3],[0,3],[4,33],[9,11]],[[2362,4032],[1,9],[8,3]],[[2371,4044],[7,-2],[3,-4],[2,2],[5,-2],[1,-2],[3,1],[2,-2],[3,2],[0,5],[7,-2],[8,6],[6,8],[1,4],[-5,5],[4,5],[1,6],[-3,10],[-5,6],[3,21],[-2,4],[3,3],[4,0],[1,-3],[3,-2],[2,1],[1,5],[1,15],[3,6],[7,7],[-1,6],[-12,12],[-4,6],[-2,11],[-2,7],[7,-1],[4,-3],[2,1],[2,-1],[6,4],[4,-5],[5,3],[8,12],[2,7],[10,12],[3,5],[14,7],[-1,9],[2,3],[10,6],[11,2],[15,13],[2,8],[-5,6],[-3,8],[3,9],[19,13],[6,1],[11,8],[2,5],[-2,4],[1,15],[1,3],[8,-1],[8,-6],[9,-4],[8,0],[4,-6],[2,-7],[11,-7],[1,-4],[9,-2],[6,4],[5,-2],[1,-5],[-4,-5],[-1,-4],[9,-17],[8,-9],[5,-2],[-5,-15],[3,-5],[1,-8],[5,-2],[2,-3],[4,-3],[0,4],[6,3],[5,-1],[8,2],[8,-4],[11,1],[5,-1],[11,-11],[2,1],[2,-2],[6,1],[4,-3],[2,-5],[3,-5],[1,-12],[7,-11],[-4,-22],[1,-9],[4,-11],[8,-13],[12,-6],[4,1],[4,5],[6,25],[-2,19],[11,13],[8,5],[-1,7],[-2,1],[1,6],[12,0],[7,-8],[3,2],[1,4],[1,5],[-4,13],[-1,10],[-4,8],[-1,8],[2,10],[7,10],[-3,13],[2,4],[0,3],[-2,8],[-3,26],[-5,9],[0,10],[-1,3],[1,3],[-3,3],[-1,7],[3,5],[-1,5],[2,12],[5,9],[-3,13],[5,-2],[7,8],[3,-5],[3,-11],[3,-2],[4,0],[8,6],[6,9],[0,10],[5,2],[3,-9],[8,-3],[1,-6],[2,-3],[0,-5],[1,-7],[-1,-8],[6,-12],[1,-9],[4,-10],[2,-13],[7,-11],[2,-2],[4,0],[1,-8],[8,-3],[1,-5],[3,-2],[-1,-4],[1,-7],[4,-9],[-4,-12],[-1,-13],[2,-4],[-1,-3],[3,-4],[-1,-3],[5,-8],[0,-3],[2,-2],[0,-3],[5,-1],[0,-4],[2,0],[-5,-10],[4,-3],[-4,-2],[2,-6],[-4,-3],[2,-3],[-1,-10],[-1,-4],[-3,-3],[2,-8],[-2,-10],[6,-16]],[[2908,4144],[-1,-7],[-4,-4],[-1,-4],[1,-9],[-1,-6]],[[2902,4114],[4,-4],[0,-5],[2,-6],[-5,-7],[4,-7],[-3,-3]],[[2904,4082],[0,-5],[1,-2],[2,1]],[[2907,4076],[0,-5],[2,1],[2,-3],[-3,-4],[3,-8],[2,0],[1,-10],[3,-1],[-1,-6],[3,-3],[3,-9],[-3,-5],[0,-5],[-3,-3],[-3,-6],[2,-7],[4,-6],[8,-28],[-2,-5],[1,-3],[-4,-1],[-3,-10],[1,-2],[-1,-4],[4,-7],[2,-10],[5,-4]],[[2930,3922],[0,-7],[2,-1],[2,2]],[[2934,3916],[2,-5],[5,0],[2,-5],[4,0],[3,-5],[1,-5],[5,-4],[0,-5],[10,-4],[2,2],[2,-3],[3,0],[3,-5],[9,-5],[3,-6],[8,-1],[8,-4],[7,4],[5,-2],[10,0],[7,5],[8,-2],[7,4],[7,-2],[4,1],[6,-5],[18,-4],[7,-5],[5,14],[9,9],[1,5],[-5,4],[-12,4],[-6,4],[-7,12],[-3,11],[-10,18],[-2,7],[-9,4],[1,4],[-2,10]],[[3050,3961],[-1,18],[1,11],[5,11]],[[3055,4001],[9,3],[0,10]],[[3064,4014],[-2,8]],[[3062,4022],[4,3]],[[3066,4025],[5,-1],[5,-2]],[[3076,4022],[7,-8]],[[3083,4014],[4,-1],[2,-7]],[[3089,4006],[6,-9],[4,-3],[2,-7],[7,-2],[-2,-5],[-6,-6],[1,-4],[4,-4],[5,5],[7,-2],[4,-8],[8,-3],[8,-14],[12,0],[-2,-10],[0,-3],[7,2],[3,0],[8,-15],[2,-1],[5,3],[3,-1],[1,-4],[-2,-14],[1,-7],[7,-7],[8,-3],[6,-7],[3,-10],[4,-6],[-1,-4],[0,-3],[4,1],[1,-2],[-2,-18],[6,-2],[4,1],[1,-2],[-8,-18],[1,-6],[3,-4],[-2,-16],[1,-3],[4,-1],[1,-5],[-2,-3],[0,-3],[-5,1],[-1,-1],[5,-8],[5,-19],[5,-4],[0,-4],[4,-1],[-1,-3],[-4,-6],[9,-5],[0,-8],[8,-7],[2,-7],[3,-4],[4,-3],[6,0],[-1,-9],[4,-7],[0,-12],[3,5],[18,-6],[23,0],[15,29],[11,8],[18,5],[8,6],[14,15],[7,15],[8,5],[-3,7],[1,3],[8,5],[13,4],[5,8],[48,-20],[14,-3],[11,-9],[7,-5],[11,-2],[11,2],[14,-2]],[[3522,3736],[18,-8],[17,-10],[3,-3],[-1,-2],[-12,-2],[-3,-6],[0,-5]],[[3544,3700],[-2,-2],[0,-10],[1,-2],[-2,-2],[-1,-21],[-5,-3],[1,-2],[-2,-3],[0,-4],[-1,-7]],[[3533,3644],[-14,-13]],[[3519,3631],[11,-15],[4,-3],[3,0],[6,-3],[2,-9],[-1,-4],[5,-18],[0,-6],[1,-5],[-2,-10],[2,-7],[-8,1],[-3,-2],[-3,2],[-6,0],[-2,-2],[-2,2],[-3,-2],[-3,1],[-13,-13],[-2,1],[0,3],[-4,0],[-5,-3],[-8,1],[-3,-3],[-3,5],[-2,-6],[-3,3],[-1,-1],[-5,6],[-3,-3],[-2,0],[-2,-2],[0,-3],[-3,3],[-6,-3],[-3,3],[-1,-4],[-2,0],[-1,-2],[4,-6],[-3,-4],[6,-1],[2,-6],[5,-8],[4,4],[4,-4],[2,1],[2,-5],[5,0],[6,-5],[6,-6],[6,0],[2,-4],[4,0],[3,-6],[2,-1],[5,-9],[6,-1],[1,-4],[5,-1],[2,-6],[4,0],[4,3],[0,-4],[-1,-3],[4,-11],[2,2],[2,-5],[2,2],[3,-2],[1,-13],[4,-5],[2,2],[2,0],[-2,-14],[5,-4],[-1,-5],[2,-2],[-1,-8],[3,-3],[-2,-3],[3,-1],[0,-2],[-2,-4],[4,-1],[0,-4],[2,-4],[8,-4],[0,-7],[3,1],[3,-1],[-1,-3],[3,-3],[1,3],[4,-2],[3,0],[3,-6],[3,1],[4,-4],[1,3],[5,-4],[1,4],[5,2],[2,-3],[1,4],[3,-1],[2,1],[0,6],[2,0],[3,-4],[2,1],[3,-2],[7,0],[3,-4],[7,3],[4,-7],[-3,-5],[2,-2],[1,1],[0,-5],[6,1],[1,-6],[6,2],[1,-2],[-3,-4],[3,-4],[0,5],[2,-3]],[[3668,3324],[3,6]],[[3671,3330],[7,0],[1,3],[3,-4]],[[3682,3329],[5,1],[9,6]],[[3696,3336],[4,-1],[2,-1],[2,-7]],[[3704,3327],[2,0],[0,4],[5,1],[4,-9],[5,1],[1,-2],[0,4],[3,0],[0,3],[2,-1],[-1,-4],[7,1],[3,-2],[0,2],[4,-2],[0,4],[3,0],[2,-4],[5,-2],[4,-5],[-1,-3]],[[3752,3313],[6,0],[3,-5]],[[3761,3308],[4,0]],[[3765,3308],[-1,-3],[4,0],[0,-6]],[[3769,3283],[-1,-2],[-2,-10]],[[3767,3267],[-4,-8],[-4,-3],[0,-2]],[[3755,3253],[-4,-5],[1,-6]],[[3748,3233],[0,-5],[5,-10],[17,-18],[6,-2]],[[3776,3198],[8,5],[1,-2],[-1,-5],[-11,-12]],[[3773,3184],[-6,8]],[[3752,3195],[-7,4],[-24,1],[-12,-2],[-4,2],[-6,7],[-11,2],[-10,-18],[0,-6],[4,-5],[8,-1]],[[3704,3170],[7,-4],[0,-2],[-1,-5],[-7,-5]],[[3701,3156],[-3,-1],[-23,12]],[[3532,3038],[-12,2],[-7,-5],[-8,-2],[-5,2]],[[3500,3035],[-11,24],[-1,22]],[[3481,3094],[-3,2],[-5,-1]],[[3420,3104],[-11,7],[-17,22],[-3,7],[-3,11],[0,21],[-4,7],[-16,9],[-9,1],[-6,6],[-9,15],[-3,10],[-6,3],[-6,6],[-16,6],[-6,7],[-10,2],[-6,6],[-5,14],[-3,3],[-14,2],[-10,-2],[-6,4],[-9,18],[-20,18],[-4,21],[1,3],[8,4],[8,8],[1,5],[-4,7],[-5,5],[-3,7],[-11,10],[-7,19],[-4,7],[-7,5],[-3,-1],[-5,-8],[-9,0],[-7,-3],[-10,-13],[-28,-2],[-5,-3],[-3,-8],[-3,-2],[-6,-1],[-15,3],[-7,-3],[-6,-8],[-3,-8],[-1,-18],[-4,-7],[-13,-11],[-10,0],[-9,-8],[-4,2],[-28,28],[-4,10],[1,9],[-2,5],[-10,13],[-7,7],[-11,7],[-4,0],[-14,-7],[-5,-4],[-16,-3],[-10,5],[-38,1],[-21,-8],[-5,-4],[-5,1],[-7,6],[-7,-1],[-4,-3],[-11,-23],[-3,-9],[0,-13],[2,-6],[11,-9],[2,-5],[0,-3],[-10,-13],[0,-14],[-4,-26],[-19,-31],[-3,0],[-12,6],[-17,11],[-10,21],[-3,37],[-2,5],[-7,9],[-17,14],[-8,-2],[-4,-3],[-2,-7],[0,-35],[-8,-20],[-2,-11],[-13,-17],[-3,-7],[-4,0],[-7,5],[-6,0],[-6,-8],[-3,-12],[-25,-13],[-13,3],[-12,0],[-10,5],[-9,12],[-19,8],[-7,22],[-2,3],[-9,-1],[-10,9],[-3,7],[0,17],[-23,41],[-8,8],[-10,5],[-11,-2],[-6,-5],[0,-6],[3,-9],[-2,-13],[-4,-12],[-2,-10],[3,-10],[19,-21],[8,-13],[1,-11],[0,-3],[-6,-7],[-11,-2],[-4,-5],[-12,-4],[-9,0],[-13,3],[-6,6],[-8,13],[-7,4],[-11,8],[-12,1],[-9,-1],[-3,-1],[-3,-6],[-14,-3],[-16,0],[-4,4],[-6,0],[-6,6],[-8,1],[-29,-8],[-15,-10],[-9,0],[-10,-7],[-7,-1],[-6,-3],[-16,-1],[-16,6],[-9,0]],[[6168,1465],[2,7],[-3,1]],[[6151,1530],[-1,2],[4,7]],[[6197,1548],[6,-4],[3,11]],[[6384,1976],[2,1],[3,6],[-2,8]],[[6305,2220],[-4,3],[2,5]],[[6365,2293],[1,3]],[[6366,2296],[4,2],[2,4]],[[6372,2302],[9,0],[2,2],[0,3],[4,1],[0,4],[3,10],[-2,9],[4,5],[0,6],[-2,2]],[[6390,2344],[1,1],[3,-1]],[[6394,2344],[1,-6],[5,-5],[8,7],[12,0],[2,4],[2,0],[2,3],[7,-6],[4,-1],[3,6],[-3,7],[7,2],[5,-2],[2,5],[3,-2],[7,4],[7,-8],[10,-6],[-3,-1],[-1,-4],[-6,-6],[-5,1],[-3,-7],[-2,-1],[2,-4],[-1,-4],[1,-3],[-3,-4],[0,-6],[8,-5],[-2,-5],[-2,-2],[2,-5],[1,-1],[1,2],[3,0],[2,4],[6,6],[9,-4],[4,-10],[6,-3],[3,-5],[4,4],[3,-1],[1,2],[14,3],[3,2],[5,0],[5,-4],[4,0],[0,-9],[9,0],[0,-5],[9,-2],[4,3],[3,8],[5,6],[2,4],[8,-4],[2,6],[8,2],[-1,6],[9,9],[4,5],[0,6],[7,8],[0,5],[3,-1],[2,-3]],[[6611,2329],[7,9],[2,5]],[[6620,2343],[2,0],[0,6],[5,7]],[[6627,2356],[0,8],[5,5]],[[6632,2369],[5,8],[1,-3],[-1,-6],[10,-5],[1,1],[2,7],[4,-2],[3,-4],[7,1],[1,-7],[5,-1],[0,-4],[4,0]],[[6674,2354],[6,10],[6,-2]],[[6686,2362],[3,-5],[2,-8],[-1,-6],[4,-2],[-1,-4],[-3,-5]],[[6690,2332],[2,-8],[9,-3]],[[6701,2321],[3,-8],[8,-8],[1,-9],[2,-5],[6,-2],[2,-5],[2,0],[-1,5],[3,5],[4,-1],[-1,-5],[6,2],[1,-8],[9,6],[3,-5],[4,-2],[3,5],[13,-1],[1,-3],[4,1],[6,5],[4,0],[6,9],[6,2],[3,2],[12,-1],[6,3],[7,10],[0,8],[5,2],[4,7],[5,1],[6,-5],[3,2],[2,10],[4,3],[5,7],[-3,8],[2,10],[11,3],[11,-4],[17,2],[6,-4],[-1,-9],[5,-3],[-1,8],[3,2],[3,9],[-2,10],[4,2],[7,-1]],[[6920,2381],[6,2],[0,-3],[-4,-4]],[[6932,2312],[9,-3],[-2,-6]],[[6945,2301],[2,-10],[-10,-6]],[[6983,2154],[-2,-3],[1,-8],[-3,-10],[-3,-5],[1,-4]],[[6792,2014],[-6,-3],[-1,-8],[2,-14]],[[6795,1933],[-3,-3],[0,-3],[5,-3]],[[6853,1914],[1,-2],[-4,-10]],[[6850,1902],[5,-15],[3,-2]],[[6858,1885],[-6,-5]],[[6811,1825],[-5,5],[0,2]],[[6812,1835],[-8,6]],[[6593,1770],[-5,-6],[-3,1]],[[6559,1539],[-3,4],[-2,6]],[[6507,1607],[-2,2],[-5,-3]],[[6233,1396],[-6,5],[1,2]],[[6225,1405],[1,1],[-1,5],[6,5]],[[6230,1423],[5,7],[0,9]],[[6229,1450],[-6,-4],[-2,1]],[[6218,1457],[-3,-1],[0,-3]],[[6215,1453],[-2,-2],[2,-5]],[[6213,1442],[-4,0],[-1,3]],[[6208,1445],[-8,5],[-2,3],[-4,-1]],[[7357,1438],[-3,11],[-4,1]],[[7350,1450],[-1,-11]],[[7349,1439],[-2,-2],[7,-9],[-1,-5],[-3,-5],[2,-5],[-2,0],[-1,-4]],[[7349,1409],[-6,-4],[-6,2]],[[7337,1407],[-1,-5],[-4,-1],[-5,-6],[-6,-1]],[[7321,1394],[-20,14],[-6,2]],[[7295,1410],[-4,10],[-3,-1],[-2,-5]],[[7286,1414],[-4,3],[-2,-2]],[[7280,1415],[-3,2],[-8,8]],[[7269,1425],[-2,7],[-4,6],[-1,3]],[[7262,1441],[8,10],[0,3],[6,2],[1,3],[2,-1],[2,5],[3,0],[2,2],[1,5],[6,2],[3,11],[4,3],[0,10],[2,1],[1,4],[5,3],[0,3],[-1,3],[1,4],[-5,5],[8,15],[-1,8],[1,3],[3,3],[-2,10],[3,4],[3,11],[1,11],[2,2],[-2,2],[2,5],[6,3],[0,2],[-1,6],[-6,13],[-3,2],[-1,-3]],[[7316,1616],[0,-1],[-1,0]],[[7315,1615],[1,1]],[[7316,1616],[-3,2],[2,8],[-6,1],[-2,-3],[-5,-1],[-5,-7],[0,-5],[-11,-8],[-1,1],[-2,8],[1,4],[-13,3],[2,3],[-1,2],[3,6],[7,6],[0,3],[4,1],[5,6],[3,3],[-5,4],[3,3],[0,2],[1,6],[5,4],[0,12]],[[7298,1680],[3,3],[-2,3],[-2,7],[-4,6],[-10,7]],[[7283,1706],[2,4],[-3,5],[6,3],[-5,13],[3,6],[-6,8],[-7,0],[-5,2],[3,6],[0,6]],[[7271,1759],[6,6],[1,6]],[[7278,1771],[4,3],[3,6],[0,4],[-13,8],[-9,-4],[-6,0]],[[7257,1788],[-3,-3],[-10,5],[-3,4]],[[7242,1804],[1,7],[2,5]],[[7230,1908],[3,7],[5,3],[4,-2]],[[7247,1918],[6,-1],[3,5]],[[7387,1901],[5,0],[4,3],[5,23]],[[7401,1927],[-1,5],[3,1]],[[7408,1962],[-5,7],[1,4],[6,5]],[[7410,1978],[3,-3]],[[7413,1975],[7,2],[7,-6]],[[7427,1971],[4,-1],[2,-2],[-1,-2],[1,-4]],[[7433,1962],[5,-3],[7,0],[6,-3],[6,3],[4,-7],[4,6],[2,0],[10,-10],[0,-3],[2,-5],[3,8],[5,3]],[[7487,1951],[5,9],[16,-3]],[[7508,1957],[5,-5]],[[7513,1952],[2,-7],[5,-6]],[[7520,1939],[1,-4],[7,-3]],[[7528,1932],[5,2],[0,6],[3,5]],[[7536,1945],[0,4],[10,2],[3,7],[1,0],[5,6],[10,0],[6,-4],[15,-5],[1,6],[4,0],[2,3],[1,2],[-2,4],[1,3],[5,-1],[7,9],[5,-4],[1,2],[4,-3]],[[7615,1976],[0,-4],[-2,-7],[-3,-1]],[[7610,1964],[0,-3]],[[7610,1961],[-2,-2],[-3,0]],[[7605,1959],[0,-2],[-1,-2],[4,-8],[5,-3],[2,1],[1,-3],[10,-6],[8,-2],[10,-7],[4,-5],[6,-5],[3,-8],[8,3]],[[7665,1912],[1,-5],[3,-4],[9,-1],[5,11],[2,6]],[[7685,1919],[12,-1],[5,2]],[[7702,1920],[3,-5],[5,-1],[1,-8],[9,-6],[2,-6],[0,-3],[6,-13],[-1,-11],[7,-2],[4,2],[2,-3],[4,2],[0,-3],[4,-4],[10,2],[16,-9],[4,1],[3,-3],[3,0],[4,-5],[6,2],[2,-3],[-2,-5],[2,-4],[2,0],[3,4],[8,-9],[10,-1],[6,-7],[5,-1],[3,-3],[4,1],[4,-1],[1,9],[3,1],[2,-1]],[[7847,1827],[0,-5],[4,-11],[6,-1],[11,9],[3,-3]],[[7871,1816],[2,2],[-1,-3],[1,-3],[6,-3],[-1,-3],[-2,-1],[0,-3],[2,-4],[0,-8],[-11,-6],[2,-6],[-10,-11],[1,-4],[12,-3],[0,-10],[-4,-4],[-9,-2],[-3,-3],[-5,0],[0,3],[-4,4],[0,2],[-2,3],[-7,-6],[-3,-5],[0,-6],[3,-4],[0,-12],[-5,-5],[1,-3],[-6,-8],[2,-5],[-3,-2],[-4,-13],[13,-8],[6,0],[2,-3],[-2,-3],[-1,-4],[15,-12],[-3,-11],[-4,-4],[-2,0],[-2,-5],[-1,2],[-1,-2],[-4,-1],[-3,-9],[-2,-1],[0,-5],[-4,-6],[1,-4],[-2,-3],[-4,0],[-7,5],[-5,-6],[-3,0],[3,-12],[-3,-7],[-3,-1],[0,-6],[-5,-5],[-6,-3],[-5,1],[-2,-3],[-1,-1],[3,-2],[0,-3],[3,-5],[-19,-14],[-6,-11]],[[7769,1532],[-14,7],[-3,0],[-2,-5],[-6,3],[-4,-1],[-1,2],[0,3]],[[7739,1541],[-10,6],[-2,2],[-5,1]],[[7722,1550],[-1,-7],[-2,-4]],[[7719,1539],[0,-8],[-3,-5],[3,-3],[-4,-6],[3,-3],[-4,-4],[-2,1],[-4,-2],[-3,-11],[0,-6],[4,-8],[-10,-5],[-4,-10],[-5,-1],[-2,3],[1,4],[-4,1],[-2,5],[1,1],[-1,2],[-6,-6],[1,-2],[-1,-4],[-4,0],[-2,-3],[1,-3],[-6,-3],[-3,-7],[-6,8],[-3,-1],[-5,-7],[-3,1],[-10,-4],[-13,7],[-9,-1],[-6,6],[-5,-2],[-2,-5],[0,-4],[-2,-10],[-3,-3],[-4,1],[-5,-9],[-2,0],[-1,-4],[-8,-1],[-3,2],[-11,-1],[-2,-3],[-1,-4],[-4,-1],[-2,-3],[1,-6],[-4,-1],[0,-2],[-10,-3],[0,-4]],[[7540,1402],[-3,-1],[-10,4]],[[7527,1405],[5,3],[0,8],[-6,0],[-5,-3],[-4,2],[-3,7],[-9,1],[0,-9],[-7,0],[-4,4],[-5,-3],[-10,1],[0,8],[-2,1],[-9,0],[-2,-4],[-8,3],[-5,6],[0,4],[-6,0],[-3,6],[-3,1],[-2,3],[-5,1],[-3,6],[0,9],[-4,-1],[-5,6],[-6,-2],[-3,-7],[-3,2],[-6,-4],[-10,1],[-1,2],[-2,-1],[-14,7],[0,-4],[-3,0],[-1,-2],[-2,1],[-3,-1],[-1,-5],[-4,3],[-3,-2],[0,-9],[-3,-6]],[[3928,2006],[-5,0],[-5,-2],[-3,-12],[-1,-2],[-8,0],[-9,4]],[[3822,2025],[-9,-1],[-3,2],[0,3],[10,10]],[[3820,2039],[3,7],[4,4],[1,5],[-3,5],[2,9],[3,7],[4,4]],[[3849,2086],[15,-4],[4,6]],[[3877,2087],[2,-2],[6,1]],[[3914,2096],[4,9],[12,6]],[[3932,2129],[4,4],[2,17],[-1,2],[-4,0]],[[3926,2156],[-1,7],[3,3],[0,3]],[[3932,2301],[5,12],[5,-1]],[[3889,2303],[-2,-1],[0,-3],[-2,-2],[-4,1]],[[3881,2298],[-6,-7],[-6,3]],[[3851,2284],[-5,3],[-3,-2],[-4,-7]],[[3761,2568],[2,1],[-1,1],[2,3]],[[3764,2573],[-8,9],[0,2]],[[3757,2659],[-1,12],[3,5]],[[3760,2774],[-6,14]],[[3754,2788],[-12,6],[-3,13]],[[3740,2814],[-2,9],[5,5]],[[3743,2828],[4,2],[6,0],[9,-4]],[[4091,2817],[3,-1],[-6,10]],[[4070,2904],[-8,7],[0,3]],[[4062,2914],[2,9],[-1,5]],[[4063,2928],[5,-3],[5,-1]],[[4080,2917],[4,-1],[11,-13]],[[4095,2903],[11,-6],[5,4]],[[4125,2888],[7,-2],[1,-8]],[[4281,2611],[1,-6],[0,-19],[2,-10],[12,-5]],[[4353,2402],[4,-9],[5,-2]],[[4362,2391],[8,4],[22,26]],[[4415,2424],[38,-8],[6,-5],[3,-6],[0,-26]],[[4473,2374],[14,1]],[[4562,2338],[-3,-1],[-2,-5],[3,-23]],[[4609,2276],[1,-3],[-2,-1]],[[4573,2213],[3,-6],[17,-9],[2,-6],[0,-6],[-14,-14],[-5,-10],[-5,-5],[-8,-13],[-20,-27],[-5,-47]],[[4501,2025],[-3,-2],[-2,-5]],[[4496,2018],[-2,-8],[0,-5]],[[4494,2005],[2,-5],[-5,0]],[[4388,2137],[-5,14],[-11,4]],[[4259,2210],[-12,5],[-3,0]],[[4240,2203],[-7,-1],[-8,6]],[[4225,2208],[-7,0],[-6,-4],[-2,-8],[-6,-2]],[[4192,2189],[4,-5],[0,-11]],[[4196,2173],[4,-5],[0,-3],[-2,-17]],[[4198,2148],[-7,-5],[0,-3],[3,-4],[6,-2]],[[4206,2108],[1,-6],[3,-2]],[[4246,2088],[7,-12],[-1,-3]],[[4240,2012],[-4,-6],[-4,1]],[[4205,2005],[-9,1],[-7,-6]],[[4189,2000],[-8,-3],[-7,0],[-9,-6]],[[3972,1987],[-3,-3],[-4,0],[-8,6]],[[3952,2004],[-3,3],[-7,1]],[[3938,2004],[-2,5],[-3,0],[-5,-3]],[[6366,3655],[-9,-16]],[[6351,3636],[-4,-1],[-2,-8],[0,-7]],[[6345,3620],[-11,-1]],[[6270,3636],[-5,-1],[0,-4]],[[6260,3625],[-1,0],[-8,4]],[[6251,3629],[-2,5],[-1,4]],[[6181,3689],[-4,5],[1,4]],[[6178,3698],[-3,3],[-4,1],[-1,4],[-2,1],[-1,6],[-3,2],[2,1],[-3,10],[-5,0],[-2,2],[0,3],[2,1],[-4,4],[0,3],[-2,-7],[-10,1],[-3,-4]],[[6139,3729],[-8,1],[-9,11],[0,10]],[[6122,3751],[-3,6],[-1,16],[9,15]],[[6145,3812],[1,9],[2,4],[2,1],[4,-4]],[[6176,3827],[7,-2],[6,9],[5,14]],[[6194,3848],[6,8],[0,6]],[[6202,3871],[0,3],[-7,11]],[[6198,3929],[1,9],[3,4]],[[6276,3999],[13,1],[4,3],[2,10]],[[6299,4022],[-1,5],[5,4]],[[6302,4032],[2,2],[5,3],[0,2],[-3,6],[0,4]],[[6308,4049],[5,9]],[[6336,4017],[5,4],[3,-2],[0,-3],[-1,-1],[-5,-2]],[[6335,4015],[-1,-12],[2,0],[6,6]],[[6359,4003],[-1,-3],[-4,-4]],[[6467,3808],[6,4],[4,-2],[-1,-10],[-4,-6],[-2,0]],[[6527,4231],[-1,1],[-1,7],[1,2],[5,1]],[[6526,4243],[-5,-1],[1,6]],[[6522,4248],[-3,3],[1,2],[5,4]],[[6525,4257],[0,6],[-6,4]],[[6521,4272],[-2,2],[0,4]],[[6500,4426],[-3,-4],[-7,2]],[[6486,4423],[-1,2],[2,4]],[[6500,4446],[-5,7],[2,5]],[[6502,4460],[-1,4],[-2,0]],[[6494,4470],[4,5]],[[6523,4486],[1,5],[5,2],[2,0]],[[6531,4493],[2,-4]],[[6536,4493],[6,2],[3,-3]],[[6634,4426],[9,-29]],[[6671,4382],[14,-8],[3,-8]],[[6724,4322],[4,8],[2,1],[3,-4],[1,-5]],[[6734,4322],[3,-2]],[[6737,4320],[-1,-5],[-5,-6],[2,-5]],[[6725,4229],[-14,-18],[2,-14]],[[6729,4137],[-4,-5],[-4,0],[-2,-3]],[[6638,4116],[-5,6],[-5,0]],[[6626,4118],[-7,-4],[-2,1],[-1,4],[-6,1],[0,7]],[[8711,3435],[2,2],[4,10],[-1,5]],[[8716,3452],[-7,14],[1,8]],[[8732,3479],[1,6],[-1,9]],[[8718,3503],[2,4],[-1,4]],[[8719,3511],[1,5],[-1,3]],[[8719,3519],[2,3],[-8,3]],[[8630,3753],[3,6],[17,2],[4,6],[0,3]],[[8653,3785],[0,1],[-15,10],[1,7]],[[8639,3803],[-7,9],[1,4]],[[8637,3837],[-12,1],[-1,10]],[[8593,3889],[-2,3],[-7,0]],[[8565,3908],[2,7],[-3,5]],[[8564,3920],[0,5],[-3,5],[-5,1]],[[8540,3919],[-2,-4],[-5,-3]],[[8533,3912],[-5,-7],[-3,1],[0,4]],[[8480,3990],[-1,5],[-12,-4]],[[8455,3979],[-6,-1],[3,6]],[[8452,3984],[1,20],[12,9]],[[8364,4083],[-5,3],[-1,4],[1,11]],[[8368,4248],[-8,2],[-1,5]],[[8359,4255],[-5,8],[5,15],[4,-1]],[[8371,4283],[8,-3],[6,-12]],[[8391,4265],[3,2],[1,2]],[[8492,4440],[5,-4],[1,5]],[[8517,4486],[2,1],[5,-5]],[[8577,4506],[8,2],[5,-1],[7,-8]],[[8597,4499],[1,2],[10,-4]],[[8646,4483],[10,3],[2,3],[-3,11]],[[8736,4666],[6,2]],[[8742,4668],[4,-2],[5,5]],[[8760,4682],[4,-5],[2,2],[6,-2],[5,-12],[8,-10],[5,3],[-2,7],[1,9],[2,7],[7,-9],[10,-2],[21,7],[6,-7],[3,-12],[1,-8],[2,-6],[8,2],[6,-6],[3,-2],[2,-2],[4,-1],[4,-9],[3,-1],[-1,-5],[5,-6],[-3,-10],[5,-1],[2,-3],[0,-3],[6,-3],[0,-4],[12,-1],[2,-3],[5,0],[3,-1],[-2,-7],[1,-3],[1,-1],[6,6],[4,0],[3,-3],[0,-18],[2,-8],[3,-1],[7,3],[1,-2],[-2,-7],[5,-2],[3,-5],[2,-1],[6,1],[3,6],[11,1],[1,-1],[0,-5],[-9,-8],[-4,-6],[-17,-9],[-10,-8],[-3,0],[-1,-1],[1,-3],[0,-8],[-6,-9],[6,-16],[2,-1],[-2,-6],[1,-4],[-1,-4],[3,-1],[2,-7],[6,-1],[0,-3],[-2,-5],[1,-3],[17,-3],[2,-3],[5,-2],[2,-5],[5,5],[6,0],[0,-11],[-2,-8],[2,1],[5,7],[2,2],[1,-2],[-5,-11],[1,-5],[4,-3],[7,1],[3,-1],[7,1],[1,-2],[-2,-3],[4,-9],[7,-3],[4,-9],[6,2],[2,-2],[4,-8],[-6,-11],[0,-5],[4,-2],[9,5],[3,-3],[0,-4],[-4,-7],[5,-6],[3,-5],[-2,-14],[1,-6],[3,-3],[4,3],[2,-2],[-1,-4],[6,-4],[-3,-5],[-1,-5],[7,-7],[-5,-5],[-3,-16],[-5,-2],[0,-3],[-4,-4],[-1,-4],[2,-6],[6,-4],[-5,-8],[17,-3],[3,-8],[-5,-13],[2,-1],[-7,1],[-6,-2],[-8,-8],[-1,-2],[5,-7],[7,2],[3,-1],[-2,-7],[-2,-5],[1,-4],[6,-3],[5,3],[4,-1],[4,-4],[2,-5],[-6,-11],[-7,-3],[0,-10],[-6,-1],[-3,-9],[-6,-9],[1,-11],[-2,-4],[11,-10],[-4,-8],[3,-4],[0,-5],[-14,-11],[-6,-1],[-5,-7],[-5,-11],[2,-13],[-1,-2],[-4,-1],[-2,-4],[0,-5],[8,-10],[-1,-5],[2,-8],[7,-9],[5,-4],[-6,-5],[2,-9],[-4,0],[-5,-6],[-11,-18],[-1,-13],[-14,-3],[-24,2],[-9,6],[-11,10],[-8,6],[-3,-18],[8,-15],[0,-10],[-4,-16],[5,-8],[3,-13],[-1,-16],[-18,-8],[2,-6],[-1,-2],[-14,0],[-2,-16],[-15,3],[-1,-7],[-7,-3],[0,-12],[-5,-17],[-3,-4],[1,-4],[-1,-3],[-5,-3],[-5,3],[-7,-2],[-7,-11],[-2,-9],[-10,-6],[-9,3],[-3,-4],[-5,-9],[-5,-17],[2,-6],[-5,-7],[0,-5],[0,-6],[3,-9],[-5,-5],[-2,-14],[2,-5],[0,-4],[-8,-7],[-2,1],[2,-13],[12,-12],[0,-6],[3,-7],[-2,-3],[0,-6],[7,-7],[-1,-7],[3,-9],[-1,-4],[-6,-8],[-3,-10],[-10,-3],[0,-2],[5,-3],[4,-8],[-2,-4],[-1,-5],[-4,-2],[0,-22],[-1,-25],[-8,-4],[-11,-12],[-6,4],[-6,-1],[-7,-4],[-4,-17],[-11,-21],[-4,0],[-2,4],[-3,2],[-9,-6],[-1,-2],[-3,-3],[-11,0],[-8,2],[-7,3]],[[3931,800],[8,9],[4,2],[3,5]],[[4333,1007],[14,5],[0,5]],[[4348,1032],[-1,17],[3,9]],[[4350,1058],[6,-2],[11,4],[8,6],[7,10]],[[4418,1175],[4,11],[7,9],[-1,14],[2,9]],[[4433,1223],[5,1]],[[4437,1219],[2,-3],[-1,-3]],[[4448,1210],[5,-5],[1,0]],[[4468,1210],[6,-7],[1,-5],[5,-5]],[[4492,1204],[6,3],[23,-13],[4,-3],[-1,-9]],[[4609,1169],[8,-2],[3,2],[3,8]],[[4626,1178],[2,3],[4,0]],[[4636,1188],[-6,7]],[[4628,1193],[-5,14],[1,2],[-2,2],[1,1],[-1,8]],[[4651,1302],[3,3],[5,-3],[4,-9]],[[4672,1281],[0,-7],[14,-7],[3,-1]],[[4691,1269],[10,-4],[10,9]],[[4744,1284],[5,2]],[[4752,1271],[0,-6],[-9,-7]],[[4745,1267],[-4,1],[-1,-13]],[[4745,1252],[0,-8],[-1,-4],[-4,-6],[-6,3],[-1,-2],[11,-17]],[[4764,1210],[3,-7],[-1,-2]],[[4850,1040],[6,2],[7,-1]],[[4926,1054],[5,6],[8,-1]],[[4939,1059],[9,7],[11,2]],[[4966,1073],[8,3],[3,-3],[-5,-4],[-2,-10],[-5,-6]],[[4965,1053],[2,-3],[3,-10]],[[4970,1040],[15,-6],[2,-4],[2,-8],[2,-6],[7,-2],[0,-7],[-3,-6],[2,-7],[3,-3],[-2,-8],[0,-9],[-5,-6],[12,3],[24,3],[13,4],[11,0],[7,-2],[5,3],[6,1],[6,-4],[-5,-5]],[[5072,971],[-3,-10]],[[4971,904],[-10,-1],[-7,-3],[6,-12]],[[4672,479],[-7,-3],[-7,6]],[[4618,490],[-1,-2],[-1,1],[-2,-3]],[[4613,487],[-2,13],[-4,7]],[[4611,524],[-4,5],[-4,0]],[[4603,529],[-1,-6],[-2,-3],[-12,-4]],[[4552,467],[-4,-12],[0,-9]],[[4547,147],[-4,-7],[4,-2],[0,-2],[-3,-5]],[[4544,131],[4,-7],[-5,-32]],[[4548,84],[-3,-10],[-4,3],[-3,-5],[-5,-4],[-1,-5],[-5,1],[-12,-3],[3,-7],[-3,-4],[-5,1],[-2,-2],[-6,-11],[-4,4],[-5,-3],[-8,5],[-13,-7],[-5,-6],[-3,-1],[-8,2],[-4,4],[-7,-2],[-2,0],[-1,3],[-7,-1],[-6,-4],[-5,1],[-6,-9],[-3,0],[-3,-4],[-5,-1],[-8,-4],[-14,-15],[-10,7],[-3,5],[6,5],[8,15],[1,5],[-1,6],[-4,5],[1,15],[-3,12],[-9,-8],[-9,0],[-15,-3],[-3,-2],[-6,4],[-7,-6],[-3,0],[-23,-13],[-5,0],[-4,-14],[-3,4],[-15,0],[-3,14],[-4,3],[-11,-3],[-2,-7],[-6,-4],[-3,-7],[-3,-4],[-7,3],[-2,4],[-6,1],[-3,4],[-20,-11],[-7,-10],[-5,7],[-5,-1],[-3,5],[-4,2],[-3,9],[-4,4],[-1,5],[-4,-1],[2,10],[-4,-1],[-4,2],[3,7],[4,0],[3,4],[1,4],[-3,5],[1,10],[3,6],[0,4],[-5,8],[2,13],[6,18],[4,8],[1,6],[5,4],[3,0],[4,9],[4,0],[3,4],[-1,6],[6,1],[2,2],[-2,7],[-10,0],[-8,4],[-5,-5],[-3,6],[-3,3],[0,2],[-5,5],[-5,1],[-6,7],[-8,-4],[-9,5],[-2,-2],[-6,3],[-1,4],[-5,2],[-2,0],[-3,-3],[-5,2],[-5,3],[-2,6],[-4,-2],[-2,2],[-6,-1],[-3,4],[1,8],[-2,11],[-5,1],[0,1],[-5,5],[-3,-6],[-6,8],[0,2],[4,1],[3,3],[-7,10],[-2,6],[1,3],[8,5],[8,-3],[2,5],[7,1],[3,3],[7,0],[3,4],[8,4],[7,-4],[6,6],[7,-4],[0,-2],[-3,-5],[1,-3],[2,-1],[11,11],[-1,5],[2,6],[-4,8],[-9,7],[-7,0],[-6,3],[-3,5],[1,10],[17,4],[-15,26],[-1,-2],[-2,1],[3,3],[0,3],[5,5],[3,5],[-7,3],[-8,-1],[0,5],[-4,6],[1,3],[4,6],[5,2],[3,6],[4,2],[3,4],[3,7],[1,10],[-5,3],[-1,-4],[-4,-3],[0,-5],[-3,-1],[-5,1],[-2,4],[-3,0],[-7,4],[1,7],[-9,4],[-1,5],[-4,5],[-9,-1],[-2,5],[-4,0],[-5,-2],[-3,2],[-4,-1],[-4,4],[-2,7],[-6,-4],[-2,-4],[-4,0],[-1,2],[-1,9],[-31,15],[5,8],[0,4],[5,15],[-6,0],[-2,3],[-3,1],[-6,-3],[-2,12],[3,5],[-5,10],[-9,-1],[-7,-7],[-3,6],[2,3],[-11,7],[-5,2],[-3,-4],[-8,-2],[-8,9],[-4,-4],[-1,2],[-5,-1],[-7,2],[-5,6],[-3,6],[-6,-4],[-3,7],[-4,0],[-10,9],[-2,9],[4,9],[0,9],[-1,6],[1,4],[-2,2],[4,9],[1,9],[-14,-4],[-6,13],[-4,1],[0,9],[-3,3],[-3,-2],[1,6],[-4,0],[1,3],[-1,3],[2,3],[-3,3],[1,7],[-3,1],[0,5],[-9,2],[0,8],[-6,-5],[-5,12],[7,0],[9,12],[0,3],[-3,0],[-2,10],[7,5],[1,3],[-4,7],[-4,2],[0,9],[15,18],[5,-2],[-4,12],[3,6],[10,10],[-2,9]],[[7237,2243],[5,-10],[-1,-3],[-4,0],[-6,20]],[[7136,2399],[6,2],[-3,9],[-6,6]],[[7117,2424],[2,7],[2,-1]],[[7133,2441],[3,3],[4,2],[5,-3]],[[7159,2455],[1,7],[-2,7],[2,5]],[[7110,2539],[-7,9],[-8,-1]],[[7087,2548],[-3,-2],[-1,-6],[-3,-3],[-4,0],[-2,-2]],[[7045,2523],[-2,11]],[[7043,2534],[-8,5],[-1,4],[3,12]],[[7037,2555],[2,15],[3,-1],[2,2],[8,0],[2,1],[2,-2],[6,1],[3,-1]],[[7065,2570],[2,2],[1,6]],[[7068,2578],[-1,4]],[[7067,2582],[-7,6],[-9,2],[-3,4]],[[7048,2594],[1,5],[-6,4],[1,7],[3,0],[3,3],[0,3],[-5,2],[4,6],[-1,2],[-5,1]],[[7043,2627],[-10,11],[0,9]],[[7033,2647],[-3,6],[1,6]],[[7031,2659],[-2,2],[-3,10],[0,6],[-2,4],[2,3],[-3,5],[3,4],[0,4],[2,-3],[4,2],[2,-3]],[[7034,2693],[2,1],[3,11],[3,3],[5,-4],[4,2]],[[7051,2706],[2,-1],[1,-8]],[[7054,2697],[5,-3],[2,8]],[[7061,2702],[3,3],[3,12]],[[7067,2717],[3,-4]],[[7070,2713],[2,-5],[9,-5],[0,-3],[-9,-4],[3,-3],[1,-7],[9,-2]],[[7085,2684],[-1,-4],[-3,-2],[-1,-4],[3,-6],[3,4]],[[7086,2672],[5,1],[4,5],[4,1]],[[7099,2679],[10,10],[4,0]],[[7113,2689],[6,5],[4,-4],[2,0],[4,-7],[6,-4],[1,-4],[8,-2],[9,1],[2,2],[4,1],[8,-4],[6,-1],[3,-4],[-1,-7]],[[7175,2661],[7,-12],[-5,-6]],[[7177,2643],[0,-6],[1,-2],[-5,-5],[-2,-20],[8,-4],[14,1],[5,-5],[1,-4],[2,0],[1,-4],[5,6],[-2,-1],[-2,7],[7,2],[2,-2],[3,0],[-1,-7],[4,-4],[1,1],[0,-5],[2,-1]],[[7221,2590],[-1,-7],[8,3]],[[7228,2586],[0,4],[2,2],[14,1],[4,2],[1,5],[5,4],[-1,4],[-3,-1],[-2,2],[1,5],[-6,3],[-1,8],[2,7],[-1,5],[4,5],[-4,2],[-6,8],[1,2],[8,9],[-3,5],[4,7],[2,2],[6,2],[4,-2],[5,2],[3,10],[5,2],[4,-3],[8,5],[1,3],[-1,3],[12,5],[1,3],[-1,2],[8,4],[2,5],[6,3],[2,-2],[0,-8],[8,-8],[2,-4],[7,-5],[3,0],[3,-7],[1,-8],[5,-1],[4,-4],[4,0],[3,-9],[4,3],[4,-3],[2,2],[7,-1],[1,6],[4,3],[-2,6],[2,5],[4,2],[2,9],[5,-1],[4,5],[-2,7],[-2,3],[1,6],[-11,2],[2,6],[-3,8],[8,10],[0,8],[9,2],[1,-4],[5,-3],[1,-7],[7,-9],[3,3],[3,-2],[2,2],[4,0],[1,3],[3,3],[4,0],[3,-3],[-1,6],[5,0],[3,6],[-1,4],[-4,-2],[0,5],[-2,0],[5,10],[5,-1],[3,-8],[9,-2],[7,-6],[17,4],[4,-2],[1,-6],[9,-3],[2,-2],[1,-10],[4,0],[1,-4],[4,-5],[7,5],[1,3],[3,-7],[5,-6],[-1,-8],[-6,-2],[-2,-3],[1,-3],[0,-9],[4,-3],[1,1],[-1,-6],[3,-1],[4,-6],[5,2],[2,-5],[2,3],[0,-3],[3,-1],[2,0],[0,3],[2,-2],[0,-4],[3,-2],[2,1],[2,-1],[3,2],[2,6],[2,1],[9,-2],[6,-7],[0,1],[4,1],[4,4],[3,-2],[2,3],[5,2],[1,0],[4,3],[2,-7],[5,-1],[2,-3],[-1,-4],[3,0],[6,5],[0,14],[-2,6],[3,8],[1,-2],[4,0],[1,4],[3,-1],[1,-3],[-1,-2],[2,-3],[9,3],[2,7],[5,-2],[3,-5],[9,4],[2,2],[-1,8],[0,8],[2,8],[3,-2],[10,0],[7,3],[2,-9],[5,7],[7,-2],[8,1],[6,-3],[0,-5],[4,1],[2,-6],[3,0],[0,-4],[-2,-4],[2,-3],[3,1],[2,-3],[1,7],[5,-4]],[[7717,2697],[3,2],[3,-5]],[[7723,2694],[2,-1],[4,-5],[7,2],[5,-4],[4,-1]],[[7745,2685],[2,-10],[-3,0]],[[7744,2675],[-2,-2],[-6,0],[-2,-6],[1,-1],[-1,-3],[-5,-6],[-4,-10]],[[7725,2647],[-4,-6],[-1,-4],[1,-4]],[[7721,2633],[-4,-1]],[[7717,2632],[-1,-16],[3,-8]],[[7719,2608],[-7,0],[-3,-4],[0,-3],[3,-3],[-1,-2],[-11,-1],[-4,-6],[-4,-2],[-2,-7],[-7,-7],[0,-6],[-5,1],[-3,5],[-11,-4],[-2,-7],[0,-6],[-4,-6],[2,-8],[3,-2],[0,-4],[-9,-4],[3,-10],[-1,-4],[2,-9],[5,-9]],[[7663,2500],[-7,-12]],[[7454,2403],[-2,-5],[-2,-1]],[[7439,2435],[-8,4],[-7,-3],[-2,-8],[-7,-3],[-7,-2]],[[7278,2375],[-5,-1],[0,-14]],[[7276,2355],[-5,-2],[-3,-7],[2,-8]],[[2835,4710],[11,2],[5,-1],[9,-9],[6,-3],[7,1],[9,6]],[[2882,4706],[35,-9],[16,5],[11,9]],[[2944,4711],[27,-2],[4,-11]],[[2975,4698],[14,-22],[10,-35],[0,-8],[-5,-14],[-6,-11],[-6,-5],[3,-8],[8,-6],[15,-7],[9,-1],[4,-10],[9,-7],[5,-14],[8,-17],[11,-7],[4,-14],[8,-7],[1,-4],[4,-4],[4,-2],[16,7],[13,-3],[-7,-19],[-13,-17],[-2,-22],[2,-3],[14,-13],[2,-7],[0,-6],[4,-3],[-1,-9],[3,-8]],[[3106,4392],[-9,-8]],[[3097,4384],[-7,-11],[-5,-2]],[[3085,4371],[-7,-8],[-4,0],[-3,1],[-4,-2],[-1,-2],[1,-10],[-4,-11],[-7,-4],[-4,0],[-3,-3],[-11,-3],[2,-8],[-1,-7],[2,-10],[-2,-6],[5,-6],[1,-2],[-10,-12],[-5,-4],[2,-4]],[[3032,4270],[0,-9],[-2,-6],[3,-10]],[[3033,4245],[-1,-6],[11,-23],[4,-22],[3,-4]],[[3050,4190],[-4,-15],[2,-7]],[[3048,4168],[-3,-2],[-2,-17],[1,-12],[-3,-8],[2,-20],[-6,-12],[-3,-15]],[[3034,4082],[1,-7],[8,-12]],[[3043,4063],[1,-7],[3,-5]],[[3047,4051],[2,-9],[0,-6]],[[3049,4036],[7,-5]],[[3056,4031],[-3,-10],[2,-2],[7,3]],[[3064,4014],[-1,-11],[-8,-2]],[[3055,4001],[-6,-15],[1,-25]],[[2934,3916],[-3,-2],[-1,8]],[[2907,4076],[-3,0],[0,6]],[[2902,4114],[1,5],[-1,5],[1,8],[3,5],[2,7]],[[2371,4044],[-8,-4],[-1,-8]],[[2366,3976],[4,-9],[-1,-5],[-3,-2]],[[2344,3949],[-9,-7],[-4,-5],[-4,-9]],[[2327,3923],[-2,-3],[-5,0]],[[1968,3834],[-1,-3],[2,-13],[-2,-5],[-9,-5],[-1,-3],[-5,-3],[-10,1],[-4,-1],[-4,2],[-5,6],[-1,11],[2,3],[-10,13],[-9,6],[-4,0],[-3,3],[-2,-3],[-7,2],[-6,6],[-2,-3],[-1,2],[-6,-2],[-2,3],[-5,-2],[-6,1],[-3,3],[-8,1],[-1,-1],[-1,-2],[-7,3],[-7,-3],[-1,2],[-3,-2],[-3,2],[-3,-2],[-5,3],[-7,-6],[-7,1],[-10,-5],[-10,3],[-1,-1],[-7,5],[-3,0],[-2,4],[-4,1],[-1,-2],[-1,0],[-3,2],[-6,-5],[-1,-2],[-1,2],[-1,-2],[-8,-1],[-2,-5],[-3,0],[1,-2],[-1,-3],[-4,-1],[0,-2],[1,-3],[-2,-2],[1,-2],[-5,-3],[-4,0],[-2,3],[-2,-5],[1,-1],[-2,-1],[-3,-1],[0,2],[-2,-2],[-3,2],[-4,-6],[-4,1],[-3,5],[-1,-2],[-1,3],[-4,1],[-4,4],[-2,-1],[0,-4],[-7,-4],[-4,2],[-5,-2],[-2,3],[-1,-1],[-1,4],[-1,-1],[-4,3],[-5,-1],[-2,6],[-3,3],[-1,-2],[-3,0],[-2,4],[-4,2],[-1,-1],[-1,2],[-2,-1],[1,-1],[-4,-1],[1,2],[-6,7],[1,5],[-1,2],[-2,-1],[-3,-5],[-2,-1],[-4,3],[-3,6],[-4,-8],[-1,0],[-1,2],[-4,-2],[-3,6],[-1,6],[-3,-1],[0,4],[-2,2],[-5,4],[-2,-1],[-2,3],[-4,0],[-1,3],[-8,1],[-5,6],[-6,0],[-5,10],[-3,2],[-3,-1],[-2,2],[1,2],[-6,-2],[-2,2],[-4,-3],[-3,1],[-3,-5],[-3,2],[-1,2],[1,1],[-3,5],[-4,-2],[-5,-5],[-3,3],[-3,0],[-4,-3],[-6,-2]],[[1514,3889],[-4,4],[-3,1]],[[1507,3894],[-2,-2]],[[1505,3892],[-3,2],[6,8]],[[1543,3984],[9,3],[6,18],[-3,12]],[[1458,4227],[5,0],[3,6]],[[1492,4330],[-4,13],[0,11],[4,9]],[[1492,4363],[-1,6],[3,3],[15,4]],[[1524,4372],[6,3],[16,-4],[9,-16]],[[1597,4582],[-1,6],[1,4]],[[1716,4707],[13,8],[5,8],[1,13]],[[1746,4753],[7,2],[4,-2],[7,-7]],[[1764,4746],[6,-1],[6,10]],[[1776,4755],[8,2],[1,3],[-6,12],[2,18]],[[1640,5060],[-5,2],[-6,-6]],[[1620,5065],[-2,-5],[2,-5]],[[1619,5046],[-3,0],[-5,5]],[[1613,5057],[-3,4],[-4,2],[2,5],[1,13],[6,9],[9,22],[11,16],[15,7],[6,12],[-1,10],[-8,14],[-8,8],[0,6],[2,2],[6,1],[15,-6],[11,4],[11,-3],[3,3],[3,13],[13,9],[7,10],[6,4],[6,-2],[10,-1],[0,-3],[-6,-8],[2,-3],[4,-5],[10,0],[2,-4],[-1,-3],[4,-4],[8,0],[3,-4],[2,0],[4,5],[13,7],[8,10],[3,10],[3,14],[5,5],[6,4],[5,1],[6,-4],[10,-3],[9,4],[5,14],[8,2],[-2,18],[6,-1],[4,6],[1,7],[3,3],[8,5],[4,7],[10,7],[6,6],[3,1],[14,0],[3,-2],[4,-9],[2,-1],[17,-1],[5,-2],[3,-4],[1,-6],[5,-6],[19,-8],[13,-2],[4,-6],[4,-33],[11,-5],[4,4],[5,13],[7,7],[10,6],[14,-6],[12,16],[2,0],[12,-9],[5,-2],[19,7],[6,1],[10,-3],[18,7],[6,-3],[13,5],[8,-2],[5,4],[0,8],[7,7],[9,-1],[19,-8],[4,0],[6,1],[8,8],[8,-1],[10,5],[4,-3],[3,-6],[0,-18],[6,-5],[8,2],[6,-1],[5,-4],[0,-4],[5,-8],[4,-2],[6,3],[15,12],[4,1],[3,-1],[2,-3],[1,-5],[-5,-10],[0,-3],[2,-8],[3,-2],[6,2],[4,9],[14,9],[4,7],[4,2],[3,-2],[2,-8],[3,-2],[14,3],[9,6],[2,0],[4,-6],[0,-9],[4,-2],[42,5],[10,-3],[13,-12],[15,-6],[2,0],[3,4],[-2,3],[-8,4],[-2,11],[1,3],[18,11],[8,9],[5,9],[1,7],[5,5],[4,-1],[8,-2],[2,-5],[0,-6],[3,-2],[25,-2],[2,-3],[-2,-11],[6,-6],[11,0],[4,-2],[7,1],[10,-9],[13,-5],[6,4],[2,0],[3,-5],[0,-11],[3,-6],[4,-4],[4,-18],[18,-8],[9,-10],[5,-4],[6,3],[9,-5],[16,1],[7,4],[5,14],[5,1],[9,-5],[5,-10],[3,-10],[6,1],[8,-4],[7,-7],[2,-8],[3,-3],[11,0],[14,12],[4,-11],[-3,-12],[2,-8],[-1,-7],[2,-2],[7,3],[3,-3],[3,-10],[-1,-9],[6,-7],[3,1],[0,6],[11,7],[10,0],[1,2],[3,17],[10,6],[2,-1],[9,-7],[12,-5],[1,9],[3,1],[5,-7],[7,0],[6,6],[1,3],[-2,5],[-8,3],[2,6],[5,1],[1,6]],[[2843,5148],[7,-5],[2,2]],[[2852,5145],[7,0],[0,-2],[-6,-6],[4,-1],[4,3],[1,-10],[4,-2],[4,0]],[[2870,5127],[6,-7],[1,-3]],[[2877,5117],[-4,-4],[0,-5],[-1,-2],[2,-9],[7,-4],[1,3],[4,-5],[4,1],[5,-3],[-2,-3],[-6,-1]],[[2887,5085],[-2,-6],[14,-6]],[[2899,5073],[6,0],[1,3],[2,1],[3,-5],[1,-5],[2,-3],[6,0],[-1,-2],[-5,-2],[3,-11],[3,-5],[-2,-8],[2,-4],[7,3],[3,-3],[-1,-6],[5,-8],[-2,-4],[5,-2],[-6,-2],[0,-3],[7,-3],[-4,-8],[-3,-3],[-6,-2],[-4,2],[-2,-1],[-2,-4],[3,-2],[-5,-6],[-7,2],[-3,-1],[-2,-11],[2,-6],[-1,-11],[-9,-5],[-4,-6],[3,-5],[-1,-3],[1,-4],[-2,-1],[2,-3],[-22,-3],[-11,-19],[-12,-12],[-4,-10],[-9,-1],[-18,6],[-1,-4],[2,-6],[4,-9],[10,-12],[3,-11],[0,-9],[-4,-29],[0,-14],[3,-21],[-2,-7],[-7,-8],[-2,-9]],[[2824,4748],[11,-38]],[[6228,3431],[-6,6],[-6,2],[-6,5]],[[6210,3444],[-9,3],[-5,-10],[-8,0],[-4,5],[-1,5],[-9,1],[-2,3],[-3,-1],[-4,3],[-3,1],[-1,6],[-4,6],[1,11],[-3,14],[3,3],[2,22],[1,2],[2,12]],[[6163,3530],[-3,3],[0,3],[-3,2],[-2,5],[-3,2]],[[6152,3545],[2,4],[4,-2]],[[6158,3547],[0,1],[-1,2],[1,3]],[[6158,3553],[-4,4],[1,5]],[[6155,3562],[2,4],[3,0],[6,5],[-2,7],[6,3],[1,6],[4,0],[1,3]],[[6176,3590],[0,5]],[[6281,3306],[-1,-5]],[[6280,3301],[-5,-6],[-15,-4]],[[6260,3291],[-15,-14],[-9,-10],[-12,-5],[-6,-6],[-13,-3],[-3,-3],[-17,-1]],[[6185,3249],[-5,7],[-6,1]],[[6174,3257],[-7,5],[-4,18]],[[6163,3280],[1,10],[-3,8],[-6,2],[-2,4],[-3,-2],[-15,8],[1,5],[4,5],[-1,2],[-4,0],[1,6],[12,1],[3,6],[1,-3],[4,-1],[0,-2],[4,0],[1,4],[-2,2],[0,3],[3,5],[8,-2],[4,-13],[5,3],[5,-2],[2,1],[0,8],[6,-2],[0,2],[5,0],[-1,2],[-8,2],[-1,3],[-5,0],[-2,1],[0,6],[5,1],[8,8],[4,1],[-1,2],[1,3],[-1,3],[2,3],[-1,4],[2,2],[10,-1],[5,8],[6,1],[3,6],[-1,6],[2,4],[2,-3],[3,1],[7,12],[0,5],[-2,5],[-5,3],[-1,2],[0,3]],[[5958,2805],[-1,1],[-3,6],[2,7]],[[5956,2819],[0,3],[1,4],[5,-2],[0,4],[-4,4],[-2,5],[-5,3],[0,5],[-2,0],[-1,4],[-5,4],[0,6],[-2,14],[-1,1],[-9,-1],[-11,16],[-6,1],[0,7],[5,5],[-1,7],[6,5],[1,5],[3,5],[-3,6],[-3,0],[-3,-4],[-3,1],[-2,5],[0,9],[-6,8],[-2,-2],[-5,2],[-1,8],[6,3]],[[5906,2960],[-4,17],[4,3]],[[5906,2980],[-1,8],[-4,3],[-3,0],[-1,2]],[[5897,2993],[3,11],[-3,4],[3,7],[7,6]],[[5907,3021],[1,15],[6,-1],[2,3],[-1,8],[7,21],[-1,5],[2,-2],[12,3],[3,-3],[9,-3],[6,3],[2,3],[9,3],[1,3],[9,-2],[5,8],[1,2],[-7,3],[-3,12],[7,9],[-2,7],[6,12],[2,12],[-2,4],[-8,5],[-2,10],[7,9],[5,5],[0,5],[5,3],[2,5],[-1,8],[6,7],[1,5],[-1,18],[-29,-7],[-13,1],[-5,-3],[-15,-2],[-6,-4],[-3,0],[-11,-9],[-14,-9],[-5,7],[-1,5],[-8,16]],[[5885,3221],[0,10],[-5,8]],[[5880,3239],[-8,3]],[[5872,3242],[-3,7],[3,5],[-2,9]],[[5870,3263],[1,8],[-4,3],[-4,-5],[0,5],[-2,3],[-9,-2],[0,3],[-3,2],[0,3],[-4,3],[0,5],[6,9],[-4,8]],[[5847,3308],[-3,8],[1,5],[-2,3]],[[5843,3324],[10,8],[-3,5],[1,12],[-9,7]],[[5842,3356],[-6,9],[0,6],[2,4]],[[5838,3375],[-2,9],[-5,2],[-4,7],[-4,-1],[-5,6],[-6,3]],[[5820,3416],[6,2],[0,10]],[[5867,3736],[3,9],[-1,2]],[[5845,3747],[-4,3],[3,11]],[[5842,3766],[6,1],[4,9],[0,3],[1,-2]],[[5872,3778],[5,2],[10,-6],[5,5]],[[5932,3803],[-3,21],[11,14]],[[5944,3837],[0,3],[3,4],[1,4]],[[6007,3835],[6,-3],[4,1]],[[6072,3848],[6,2],[2,-1],[3,-13]],[[6118,3785],[2,-9],[-2,-8],[1,-13],[3,-4]],[[6122,3751],[-1,-7],[1,-4],[8,-10],[3,-1],[2,2],[4,-2]],[[6178,3698],[-4,-3]],[[6173,3685],[-3,-7],[0,-9]],[[6177,3600],[-1,-3],[0,-7]],[[6155,3562],[-1,-4],[4,-5]],[[6158,3553],[0,-6]],[[6152,3545],[11,-15]],[[6210,3444],[7,-5],[5,-1],[6,-7]],[[6163,3280],[3,-17],[8,-6]],[[6174,3257],[6,-2],[5,-6]],[[6260,3291],[14,4],[6,6]],[[6280,3301],[5,-7]],[[6318,3152],[-3,-3],[2,-18],[-1,-8],[1,-14],[4,-7]],[[6324,3080],[4,-15]],[[6157,2958],[-2,-6],[0,-3]],[[6166,2839],[1,-7],[-2,-4],[-4,-3]],[[6150,2804],[-3,-1],[-3,1],[-2,-7],[-1,-4],[2,-5]],[[6155,2775],[-5,0]],[[6150,2775],[-3,-4],[-1,-11]],[[6128,2750],[-5,-2],[-5,3]],[[6118,2751],[-7,11],[-6,-1]],[[6095,2768],[-1,-4],[-3,-10]],[[6020,2706],[-2,-2],[-3,-15]],[[6015,2689],[-14,19]],[[6001,2708],[-1,8],[3,5],[-4,4],[-2,9],[-4,3],[-4,0],[-2,3],[2,11],[6,1],[3,5],[-1,6],[8,12]],[[6005,2775],[-1,6],[1,2]],[[6005,2783],[-3,-1],[-5,2]],[[5997,2784],[-3,-3],[-8,0]],[[5986,2781],[1,5],[-5,1],[4,4],[-4,4],[-7,1],[-10,8],[-7,1]],[[5578,1538],[-6,0],[1,-7]],[[5573,1531],[-5,0],[-2,-4],[-2,0],[1,1],[-6,5],[-6,-5],[1,-4],[-6,1],[-1,-2],[-3,0],[-5,-5],[-8,-4],[-8,-1],[-5,3],[-1,-12],[-7,-6]],[[5510,1498],[2,-8]],[[5494,1481],[-11,-7],[-5,5]],[[5348,1624],[-2,2],[-2,4]],[[5191,1784],[-3,8],[-3,-5]],[[5168,1781],[-4,-1],[-1,2],[-4,-3]],[[5053,1875],[0,6],[5,8],[4,1]],[[5103,2118],[-3,4],[-2,8],[-1,3]],[[5097,2133],[3,7],[11,10]],[[5111,2150],[7,-1],[9,1],[13,11],[11,-1],[3,-10]],[[5154,2072],[0,-7],[11,-2],[27,-12],[13,0],[15,4]],[[5220,2055],[0,2],[-2,4]],[[5212,2068],[1,2],[6,5],[1,2]],[[5234,2123],[3,1],[2,0],[-1,-5]],[[5258,2119],[4,10]],[[5263,2158],[5,8],[1,-1]],[[5289,2151],[4,-6],[7,10],[-6,6],[1,3],[16,18]],[[5331,2281],[5,0],[2,-6]],[[5348,2221],[5,-14],[-3,-2]],[[5357,2167],[8,-5],[2,1]],[[5396,2169],[11,-4],[1,3]],[[5424,2180],[2,-1],[4,-16]],[[5454,2132],[5,-4],[0,-3],[-3,0]],[[5464,2037],[4,0],[5,7]],[[5754,1826],[-1,5],[2,5],[4,3],[6,1],[13,-4]],[[5778,1836],[0,11],[-1,7],[1,2],[8,1],[15,-5],[6,-16]],[[5840,1805],[-1,-6],[-9,-6],[7,-8]],[[5837,1783],[-5,-4],[-4,-7]],[[5819,1769],[2,-9],[10,1]],[[5833,1747],[5,-4],[6,11],[3,4]],[[5887,1712],[10,-4],[-1,-7]],[[5900,1636],[5,-6],[-4,-4]],[[5856,1571],[1,-2],[-4,-1],[1,-5]],[[5854,1563],[3,-2],[-3,-8]],[[5853,1549],[-16,0],[-5,-6],[-6,6],[-2,1],[-4,-9],[-5,0],[-4,-6],[-31,-3],[-6,-4]],[[5774,1528],[4,-2],[1,-2],[-1,-3]],[[5778,1521],[-4,-4],[-9,-6],[-7,0]],[[5758,1511],[-4,2],[-3,-7],[-10,2],[-2,-1],[-4,-6],[-15,-2],[0,-8],[-2,-4],[1,-5]],[[5719,1482],[-2,-3],[-4,-4]],[[5713,1475],[-17,-2],[-10,10]],[[5686,1483],[-16,7],[-3,5],[-19,-1],[-3,4],[-1,3],[-8,1],[-6,11],[-6,3],[-9,-5],[-6,1],[-7,-2],[-3,-3],[-2,4],[-4,-1],[0,5],[3,2],[1,3],[-6,4],[-2,-1],[0,3],[-4,-1],[-1,3],[1,3],[-3,0],[-4,7]],[[5225,708],[8,-4]],[[5262,696],[5,4],[-4,4]],[[5217,747],[-9,5],[-4,-5]],[[5113,941],[0,2],[-3,1],[-4,-3]],[[5073,964],[-1,2],[0,5]],[[4970,1040],[-5,13]],[[4965,1053],[4,5],[2,11],[4,4],[5,-2]],[[5006,1088],[4,-1],[6,2]],[[5018,1094],[5,-1],[4,2],[4,5],[1,4]],[[5057,1114],[4,-2]],[[5063,1115],[5,2],[3,0],[13,6],[2,3]],[[5086,1126],[5,0],[12,9]],[[5109,1141],[16,8]],[[5153,1167],[8,-1]],[[5167,1154],[-4,-4],[2,-7]],[[5187,1148],[9,6]],[[5236,1185],[8,9],[9,5]],[[5260,1204],[9,3],[2,4]],[[5282,1222],[17,10],[5,7]],[[5300,1246],[-3,13],[1,12]],[[5303,1277],[0,7],[-1,3]],[[5523,1295],[9,-2],[1,2],[-1,4]],[[5522,1299],[-4,6],[-5,14]],[[5505,1452],[2,12],[1,2],[1,15]],[[5509,1481],[3,7],[-2,10]],[[5573,1531],[-2,7],[7,0]],[[5686,1483],[9,-10],[10,1],[8,1]],[[5713,1475],[6,7]],[[5758,1511],[9,1],[11,9]],[[5778,1521],[1,4],[-5,3]],[[5853,1549],[2,-3],[-5,-3]],[[5798,1463],[-7,0],[-4,-4]],[[5774,1367],[5,-11],[-2,-10]],[[5777,1346],[4,-7],[1,-9],[3,-7],[6,1]],[[5821,1310],[3,-14],[-1,-4],[5,1]],[[5828,1293],[4,5],[2,7],[6,3]],[[5855,1301],[1,3]],[[5856,1304],[9,-7],[4,2],[2,4]],[[5900,1216],[3,-8]],[[5954,1116],[0,-7],[-5,-3]],[[5933,1050],[0,-5],[-2,-4]],[[5703,635],[-6,-4],[-4,3],[-4,-3],[-7,2],[-2,3],[-5,-2],[-8,5],[-3,-2],[-12,10],[-4,2],[-4,-3],[-13,-16],[-10,1],[-5,-4],[-5,0],[-8,-7],[-4,1],[-6,-6],[-5,2],[-3,-4],[-7,-4],[-1,-8],[-4,-5],[2,-6],[0,-5],[-8,-4],[-7,-2],[-4,-4],[-4,-9],[-2,0],[-4,4],[-9,1],[-4,-2],[-5,6],[-10,-1],[-4,-5],[-6,-1],[-7,-3],[0,-5],[-7,-15],[0,-4],[-5,-2],[-4,3],[-5,-4],[-16,4],[-8,-1],[-2,-4],[-8,-8],[-7,-4],[-6,-10],[-3,4],[-11,4],[-6,-1],[-3,3],[-5,-3],[-11,3],[-15,-4],[1,6],[-2,2],[-11,-7],[-13,-2],[-5,-2],[-5,-5],[-5,0],[-10,-11],[-8,4],[-5,-2],[-5,-6]],[[7907,2365],[-4,5],[-4,2],[-2,4],[-1,4],[9,10],[-3,0],[-2,3],[2,5],[-4,9],[-3,3],[0,5],[4,7],[5,2],[-4,13],[-3,4],[0,4],[-7,5],[-1,2],[1,10],[5,1],[1,5],[-2,5],[6,12],[-4,4]],[[7896,2489],[-5,2],[-3,10],[-8,7],[-6,2]],[[7874,2510],[-7,5],[-7,-1],[-1,-2],[1,-6]],[[7860,2506],[-4,0],[-3,-4],[4,-4],[-1,-2],[-5,0],[-5,-4],[-4,0],[-4,3],[-1,2],[7,5],[0,5],[-4,2],[-2,4],[-2,-2],[-3,3],[-3,-1],[-9,4],[-4,-1],[1,5],[-10,9],[1,17],[-12,6],[-3,-6],[1,-5],[-2,-11],[0,-5],[-3,-6],[2,-3],[2,-15],[-2,-5],[-8,-2],[-2,-2],[2,-4],[-2,-4],[1,-3]],[[7783,2482],[-13,-14],[-9,0]],[[7761,2468],[1,4],[-4,3],[-2,4],[-6,3],[-4,-2],[-3,1],[-1,7],[-3,3],[-4,-1],[0,4],[-2,2],[-9,-5],[0,-5]],[[7724,2486],[-5,-4]],[[7719,2482],[-5,0]],[[7714,2482],[-3,-4],[-5,0],[0,5]],[[7706,2483],[-4,5],[-1,4],[-4,1],[-1,6],[-9,-3],[-3,2],[-7,0],[-2,3]],[[7675,2501],[-7,2],[-5,-3]],[[7719,2608],[-3,7],[0,6],[1,11]],[[7721,2633],[-1,5],[1,5],[4,4]],[[7744,2675],[3,1],[-2,9]],[[7723,2694],[-4,9]],[[7719,2703],[-4,1]],[[7715,2704],[0,7],[-2,3],[4,18]],[[7717,2732],[4,2],[0,16],[2,3],[8,3],[2,9],[3,2],[0,6]],[[7736,2773],[3,6],[-4,16]],[[7735,2795],[-1,0],[-8,6],[0,4],[-3,3],[-1,7],[-3,5],[-1,10],[5,12],[0,4],[-1,1],[-5,0],[-11,4],[-10,11]],[[7696,2862],[13,24]],[[7708,2936],[-4,4],[-2,6],[1,4]],[[7749,2911],[8,-13],[5,3]],[[7762,2901],[5,-3],[8,11]],[[7802,2740],[-4,-6],[6,2]],[[7820,2730],[6,-5],[2,0]],[[7845,2769],[9,9],[1,3],[-3,7]],[[7864,2792],[4,21],[2,2],[5,-2]],[[7901,2861],[-3,6],[8,-3]],[[7906,2864],[10,0],[-1,-5],[2,-4],[1,-9],[8,1]],[[8089,2805],[2,3],[5,1]],[[8172,2796],[5,-11],[8,8]],[[8236,2804],[4,3],[0,-2],[5,-15],[1,-6],[1,-2],[5,-13],[0,-3],[3,-12],[0,-2],[4,-8],[0,-6],[-4,-8],[-3,1],[-6,-4],[-1,1],[0,-3],[-4,1],[-4,-4],[-2,-10],[-3,-3],[-3,-14],[-3,-7],[1,-4],[-1,-12],[-3,-1],[0,-5],[-1,-1],[-7,-1],[-3,-9],[5,-7],[11,-4],[14,1],[2,2],[3,-2],[-3,-4],[1,-7],[-1,-4],[5,-4],[3,4],[0,-2],[3,-2],[1,-4],[-4,0],[-4,-3],[3,-8],[-4,-2],[-2,-3],[-3,2],[-4,0],[0,-3],[3,-2],[0,-3],[-8,-9],[-6,-14],[-3,0],[-1,-3],[-4,-1],[-5,-22],[-6,-1],[-2,-5],[2,-2],[4,-2],[-2,0],[0,-5],[-2,-4],[-4,0],[2,-8],[3,0],[-1,-1],[1,-2],[-1,-1],[0,-6],[3,-3],[-2,-2],[3,-2],[0,-4],[-3,-1],[-1,5],[0,1],[-1,-2],[-1,3],[-4,-2],[-5,1],[-1,-1],[1,-3],[-3,-1],[-3,-14],[1,-3],[4,-4],[1,-6],[-6,-3],[1,-6],[-1,-2],[-4,-3],[-1,-3],[-4,0],[-4,-3],[-2,0],[-5,-9],[-3,-1],[-9,5],[-12,-2],[3,-9],[-4,-7],[1,-4],[-1,-1],[-2,-15],[-3,-2],[3,-4],[3,-1],[2,-8],[-4,-13],[-4,-6],[-13,-3],[0,-4],[-3,-4],[4,-9],[-3,-7],[-7,-5],[1,-8],[-4,-3],[-1,-5],[-2,-2],[3,-5],[0,-4],[-2,-12],[-3,-1],[-3,2],[-2,-5],[-2,0],[-2,-3],[2,-4],[1,-11],[-9,4],[-3,3],[-3,0],[-5,4],[-5,-6],[-4,3],[-8,0],[-5,5],[-4,-4],[-9,2],[-9,-9],[-4,0],[-12,-5],[-7,3],[-12,-4],[-6,5],[-4,-3],[-3,-7],[-4,-1],[-5,-6],[-2,0],[-1,-10],[-5,-2],[-5,5],[-11,-5],[-7,-7],[-4,-9]],[[7949,2242],[-8,-3],[-4,4]],[[7937,2243],[0,8]],[[7937,2251],[-3,3],[3,7],[-3,3]],[[7934,2264],[0,4],[2,4],[6,4],[-1,9],[-4,2],[-4,7],[0,3],[2,2],[-5,3],[1,17],[-1,4]],[[7930,2323],[2,9],[-2,3],[0,4],[-5,5]],[[7925,2344],[-2,10]],[[7923,2354],[-7,8],[-8,4],[-1,-1]],[[3702,6281],[-4,1],[-5,-3],[-5,0],[-2,-2],[-7,-2]],[[3679,6275],[-4,-4],[-4,-2]],[[3671,6269],[-7,1],[-2,-7]],[[3662,6263],[-5,-6],[-5,-3],[-4,-5]],[[3648,6249],[-10,-3],[-1,-7]],[[3637,6239],[1,-5],[2,-5],[0,-8],[-6,-8],[-4,0],[-2,-5],[-4,-1],[-1,-5],[-8,-7],[-3,-10],[1,-14],[-4,-12],[-9,5],[-15,-7],[-10,2],[-2,-3],[-4,-3]],[[3569,6153],[-4,-8],[-2,-1]],[[3563,6144],[-4,1]],[[3559,6145],[0,6],[-2,4],[-11,10],[-5,13]],[[3541,6178],[-10,5],[-5,6],[-5,2],[-11,-3],[-1,-1],[1,-14],[-1,-2],[-2,0],[-3,8],[-5,6],[0,9],[1,5],[-13,8],[0,14],[-2,9],[-3,5],[-1,8],[-29,6],[-2,-3],[-4,-1],[-9,2],[-5,-1],[-3,4],[-6,-4],[-5,-7],[-12,-7],[-3,-5],[-4,0],[-2,2],[0,4],[-3,1],[-2,4],[-3,1],[3,6],[0,5],[-7,7],[-5,3],[1,5]],[[3381,6265],[-5,2],[-1,-2]],[[3375,6265],[-1,1],[-2,-1],[-7,-1],[-4,3],[-2,-3],[1,-11],[-7,-11],[-4,-15],[1,-23],[-8,-4],[-6,-10]],[[3336,6190],[-11,23],[-8,2],[-10,-5],[-4,0],[-5,3],[-17,0],[-8,9],[-1,4],[-3,-2],[-8,3],[-3,-1],[-13,-10],[-15,-3],[-1,-3],[-3,0],[-10,-7],[-2,1],[-1,-5],[-4,-7],[-5,6],[-6,3],[-2,9],[-5,6],[-2,9],[-5,2],[-2,-6],[-5,-3],[-13,13],[-3,10],[0,3],[5,7],[0,7],[-2,6],[-6,2],[-2,8],[1,7],[-1,4],[-7,3],[-5,-3],[-12,7],[1,5],[-1,5],[5,-1],[0,5],[5,0],[2,4],[0,12],[6,3],[-3,4],[-2,-4],[-1,1],[-3,13],[-6,3],[0,3],[2,1],[3,-3],[3,0],[3,-5],[1,5],[-9,11],[1,7],[-4,1],[-2,6],[9,-1],[1,2],[-4,9],[1,1],[3,1],[1,-5],[2,-1],[5,3],[0,5],[3,-1],[2,3],[-3,9],[3,11],[-6,0],[-1,4],[5,8],[9,5],[2,5],[-1,1],[-3,-2],[-3,4],[-1,9],[3,2],[1,-1],[-2,-5],[1,-2],[3,1],[7,-4],[3,-12],[4,1],[4,-5],[7,2],[2,3],[3,1],[7,-13],[7,3],[1,3],[-4,2],[1,5],[8,-1],[3,-5],[6,2],[-4,8],[-4,3],[0,4],[-4,3],[-1,3],[4,2],[0,4],[4,3],[4,-1],[3,5],[3,1],[1,0],[3,-5],[6,-3],[1,1],[1,9],[-7,9],[7,5],[2,9],[-2,10],[-4,4],[-6,0],[-2,3],[0,5],[6,6],[9,1],[1,7],[-1,2],[-4,1],[0,1],[5,4],[8,1],[1,1],[-4,5],[1,4],[2,2],[11,4],[6,-3],[1,-5],[3,2],[2,5],[-4,3],[0,2],[7,3],[-2,2],[-4,9],[5,4],[1,4],[4,-2],[1,2],[-2,3],[6,0],[3,-5],[3,-1],[0,3],[-2,9],[3,3],[0,6],[4,2],[5,-4],[1,4],[0,7],[-7,2],[-4,8],[0,3],[5,-4],[4,3],[8,-4],[3,3],[-11,6],[0,4],[3,2],[-4,8],[1,4],[9,0],[2,3],[5,-2],[4,8],[-2,5],[4,7],[2,-1],[-1,-6],[2,-2],[2,4],[3,0],[7,7],[2,-3],[-1,-11],[2,-1],[4,6],[-1,8],[6,6],[1,4],[7,-6],[5,-1],[1,3],[-2,4],[1,3],[-1,6],[2,3],[3,-3],[2,4],[-4,1],[-1,4],[2,2],[3,-2],[1,6],[-1,2],[-4,-2],[-1,3],[7,11],[7,-9],[-1,6],[3,2],[-1,8],[2,2],[3,-4],[3,8],[1,-1],[1,-5],[5,1],[1,19],[3,-6],[4,4],[8,-7],[3,3],[2,-1],[2,3],[-4,2],[-4,-3],[-2,4],[4,3],[5,-3],[-1,7],[4,-1],[2,2],[5,-5],[4,0],[0,2],[-2,5],[2,8],[2,-1],[0,-3],[4,0],[3,-2],[5,3],[0,3],[-2,-1],[-2,2],[1,7],[5,-2],[2,4],[4,-6],[2,1],[5,9],[-6,2],[1,8],[-3,7],[1,4],[2,2],[3,-7],[10,-8],[2,3],[-4,2],[0,4],[2,1],[1,-3],[2,0],[1,4],[-1,6],[1,2],[3,2],[1,-5],[2,1],[-1,4],[1,3],[3,-7],[5,1],[0,5],[-2,4],[4,-3],[1,5],[5,3],[-3,2],[8,8],[0,5],[-6,1],[-5,-5],[0,8],[3,-3],[1,9],[-4,-2],[-3,2],[-2,-2],[-2,3],[7,8],[10,2],[3,4],[2,8],[-2,4],[-12,4],[-3,5],[2,5],[-7,-3],[-6,3],[-1,3],[5,3],[1,5],[-13,1],[1,4],[6,6],[2,4],[-6,4],[-5,-3],[-1,7],[-3,3],[5,3],[3,7],[4,1],[-1,3],[-3,2],[-2,4],[-3,-4],[-3,-1],[-2,10],[-5,9],[-7,-2],[-1,-4],[-6,-4],[-1,2],[2,4],[2,9],[-1,2],[-7,3],[0,4],[7,4],[1,4],[-8,2],[1,8],[-6,-1],[-1,10],[0,2],[7,1],[2,8],[-5,3],[-1,17],[3,2],[3,9],[5,5],[-2,3],[-3,-5],[-12,-1],[0,6],[2,0],[3,3],[-4,2],[-1,7],[-5,2],[-2,2],[0,7],[4,2],[-3,4],[2,5],[-2,5],[2,8],[-2,4],[-9,2],[-1,10],[1,2],[3,0],[2,5],[-8,-4],[-3,11],[3,9],[-2,3],[7,4],[-4,9],[7,4],[2,7],[-3,2],[-3,11],[-9,6],[-3,5],[-6,-5],[-3,4],[5,2],[1,2],[0,19],[-1,3],[-3,-4],[-6,-1],[-2,9],[9,3],[-1,12],[-6,-2],[-3,0],[2,4],[3,-1],[0,1],[-5,11],[-2,-1],[-1,-7],[-3,1],[-6,-3],[0,4],[-3,-1],[-2,7],[0,7],[-3,-1],[-5,6],[4,4],[0,2],[-3,1],[-1,5],[-3,0],[-2,-4],[-2,1],[-1,7],[2,4],[-3,1],[-9,-7],[2,9],[-4,2],[-1,4],[-5,3],[-3,-2],[4,9],[0,5],[-3,3],[-3,-7],[-5,-1],[-5,-7],[-2,0],[-2,3],[0,4],[4,0],[-1,6],[-3,1],[1,8],[-4,-2],[-3,4],[1,2],[2,-1],[-1,2],[-4,1],[-2,-2],[-3,2],[-4,5],[-1,-5],[-6,-3],[-2,-7],[-6,2],[-2,-2],[3,7],[-1,10],[-2,7],[-5,2],[-4,-1],[1,-7],[0,-4],[-5,2],[1,3],[-5,3],[-1,2],[3,5],[-3,4],[-5,0],[-2,-2],[-8,-2],[0,4],[4,5],[-3,3],[3,4],[-1,3],[-2,-2],[2,4],[4,-2],[0,3],[-4,7],[-1,1],[-1,-1],[-2,3],[-6,-4],[-5,4],[-2,-5],[-2,3],[1,4],[-2,-2],[-1,4],[2,1],[1,3],[-7,-3],[-5,3],[2,3],[-2,0],[0,-2],[-1,2],[0,3],[2,0],[-1,2],[2,6],[-3,0],[0,4],[-2,3],[1,5],[-6,5],[-1,5],[-5,5],[2,7],[-2,5],[2,1],[1,2],[2,1],[-2,2],[0,2],[-1,0],[3,6],[-2,4],[0,3],[2,0],[0,6],[-2,-1],[0,4],[2,3],[5,1],[-2,4],[2,0],[2,3],[0,3],[-1,1],[0,3],[2,3],[5,-1],[2,7],[1,-1],[2,2],[2,-1],[2,2],[-4,3],[2,1],[0,1],[2,3],[0,-2],[2,4],[0,5],[2,1],[-1,9],[0,1],[1,-1],[0,3],[2,2],[-2,3],[2,1],[-2,6],[1,2],[-1,1],[1,2],[-3,5],[2,2],[-2,4],[4,2],[1,2],[1,-2],[1,8],[-1,2],[2,2],[1,-1],[13,7],[6,16],[9,13],[1,-1],[4,5],[1,5],[4,5],[-1,2],[9,8],[-1,3],[5,5],[2,9],[2,2],[4,8],[-3,14],[7,9],[-4,13],[7,12],[4,1],[5,6],[-1,6],[1,6],[5,-2],[1,2],[-1,6],[2,1],[0,2],[1,2],[0,5],[3,4],[-2,3],[1,3],[-5,5],[-1,8],[1,0],[0,4],[3,0],[3,3],[-6,6],[-4,0],[-3,2],[2,4],[4,3],[-2,5],[2,7],[-5,0],[-1,-1],[-4,1],[2,3],[5,1],[2,2],[-2,4],[1,5],[-6,5],[-2,4],[-4,0],[1,4],[4,3],[-2,2],[-6,1],[1,3],[4,2],[1,3],[-7,0],[0,6],[2,3],[-3,3],[2,3],[-4,3],[3,1],[0,3],[3,-2],[8,3],[-3,3],[1,3],[-1,2],[4,2],[-2,6],[2,2],[1,5],[3,1],[-1,2],[1,6],[-2,3],[2,4],[-3,-1],[-2,2],[4,8],[1,0],[2,-4],[6,7],[2,-3],[-1,-5],[9,4],[-1,2],[2,4],[-5,3],[7,1],[0,5],[-3,7],[-3,1],[7,5],[2,4],[-2,4],[-1,7],[-1,2],[1,3],[-2,2],[2,3],[-3,-1],[-1,1],[3,6],[-1,6],[2,2],[2,-1],[2,4],[4,1],[-1,1],[1,6],[-1,1],[0,2],[4,-1],[-1,3],[4,1],[2,0],[1,-2],[1,3],[-1,2],[2,3],[3,-3],[2,0],[0,3],[3,1],[1,2],[1,-3],[-3,-3],[7,-3],[1,3],[3,0],[-1,-3],[2,0],[1,2],[3,-1],[-1,-4],[3,-1],[2,1],[3,-3],[1,3],[5,2],[-1,-2],[3,0],[5,4],[3,-3],[0,2],[2,-2],[3,4],[2,0],[-2,-2],[3,-1],[5,4],[1,-3],[3,0],[0,6],[1,1],[-1,5],[5,1],[-1,5],[3,2],[0,-2],[2,3],[-3,4],[1,2],[1,-2],[1,1],[-1,1],[0,1],[-1,0],[0,4],[5,-2],[2,3],[3,-2],[0,4],[2,-2],[-1,2],[3,0],[-1,0],[1,2],[-2,4],[2,1],[1,-2],[3,-1],[-1,-3],[2,0],[1,2],[2,-2],[0,3],[-2,2],[3,0],[-2,2],[2,0],[-1,1],[0,2],[-2,0],[1,1],[-2,0],[0,3],[1,-2],[0,2],[1,-1],[1,2],[1,-3],[1,2],[1,0],[2,-7],[2,2],[0,2],[2,0],[1,2],[2,-2],[-1,3],[4,3],[0,2],[-2,-1],[0,1],[3,1],[-5,0],[2,3],[2,-1],[-4,3],[1,2],[-2,1],[3,1],[1,3],[-3,-1],[0,3],[5,3],[-1,3],[2,0],[1,4],[3,-2],[0,2],[-2,3],[2,-2],[2,4],[5,-2],[1,4],[2,-2],[0,4],[-1,-1],[-1,2],[0,2],[3,-1],[2,4],[3,-4],[0,3],[3,3],[-3,2],[0,3],[4,-3],[1,0],[-2,2],[2,0],[0,-1],[2,0],[-1,-4],[4,-3],[1,-4],[-2,0],[0,-3],[-2,-2],[1,-2],[-2,-3],[1,-4],[5,2],[0,3],[3,1],[5,-5],[1,-3],[3,0],[1,-3],[2,-2],[2,1],[0,-2],[2,1],[1,-3],[4,-1],[6,3],[3,-1],[2,-4],[1,0],[7,3],[4,0],[15,21],[6,4],[17,2],[3,4],[4,0],[4,3],[34,5],[142,44],[10,-1],[4,3],[2,4],[2,17],[-1,8],[-6,17],[-4,5],[-5,18],[2,9],[-3,5],[1,8],[7,11],[2,10],[-13,41],[0,25],[-14,17],[-6,26],[-5,11],[2,13],[0,21],[-2,9],[-3,7],[4,13],[-1,11],[-17,5],[-7,5],[-6,5],[-2,6],[-5,8],[-19,4],[-22,26],[-5,11],[4,45],[4,22],[4,8],[2,11],[-1,26],[4,23],[7,15],[6,14],[2,4],[14,11],[5,2],[6,9],[16,7],[15,15],[-1,6],[-14,3],[-3,5],[2,4],[6,8],[12,5],[11,25],[-2,4],[-18,20],[-16,23],[-12,2],[-2,5],[3,11],[-2,14],[1,16],[-2,8],[-14,-2],[-2,-1],[-3,-10],[-9,-5],[-5,-5],[-3,3],[-4,18],[-4,7],[4,3],[2,5],[-3,10],[0,12],[15,31],[7,25],[2,4],[4,11],[6,7],[9,25],[0,5],[-7,9],[-1,10],[-11,7],[-3,7],[-11,10],[-2,7],[1,7],[6,12],[2,2],[9,4],[12,12],[27,17],[7,12],[11,1],[21,-2],[15,-7],[20,-3],[12,-5],[13,-10],[12,-2],[12,-5],[24,-17],[16,-6],[27,-30],[21,-5],[16,6],[9,-4],[4,4],[7,3],[11,-3],[5,5],[4,7],[13,11],[5,-2],[2,5],[10,6],[9,-1],[6,-5],[10,9],[1,3],[-6,12],[-2,12],[-7,11],[-1,8],[-9,10],[3,19],[4,5],[6,2],[-1,11],[-3,6],[-7,3],[-5,4],[2,4],[-6,4],[-2,3],[1,15],[-6,11],[0,4],[3,13],[-1,11],[2,10],[2,5],[6,4],[2,5],[7,28],[1,10],[-6,9],[-3,15],[-2,2],[-11,6],[-11,1],[-1,2],[-1,6],[3,6],[0,4],[-5,9],[-3,12],[2,6],[14,10],[5,7],[-1,18],[6,6],[13,3],[11,8],[3,7],[-2,18],[5,14],[2,1],[10,-8],[14,6],[6,-5],[4,-25],[15,-1],[5,-12],[10,-12],[6,-4],[17,-5],[9,-13],[10,-7],[5,-10],[8,-3],[2,-7],[10,1],[17,-10],[1,-4],[1,-7],[10,-2],[2,-7],[-1,-8],[1,-10],[-4,-13],[5,0],[4,-8],[10,-1],[3,-3],[-8,-22],[-6,-3],[-2,-4],[-1,-20],[3,0],[9,-13],[10,4],[2,-15],[5,-8],[12,-2],[4,3],[8,-3],[9,5],[2,4],[8,-1],[4,2],[2,-1],[7,-22],[8,-2],[3,7],[5,0],[6,-2],[7,-7],[14,-5],[4,2],[9,19],[-4,26],[3,3],[3,-2],[0,-7],[4,-4],[4,-8],[4,-3],[6,-2],[6,8],[6,-1],[5,3],[9,-20],[11,-2],[9,3],[2,5],[5,31],[4,0],[7,-6],[5,3],[1,7],[11,27],[10,4],[3,-6],[11,-5],[10,-15],[6,-6],[0,-7],[-4,-15],[1,-5],[5,-3],[5,1],[4,-10],[4,-6],[7,-7],[7,-2],[5,-19],[-1,-16],[-3,-15],[-7,-7],[3,-7],[1,-25],[-3,-9],[1,-5],[-10,-14],[-8,-4],[0,-6],[-14,-15],[-6,-10],[-1,-13],[-8,-11],[0,-3],[1,-6],[-1,-5],[-5,-3],[-9,-1],[-6,-17],[1,-4],[5,-8],[0,-4],[-3,-4],[1,-8],[-1,-8],[-6,-9],[-7,-4],[-10,-2],[-5,2],[-2,-8],[-11,-3],[-2,-7],[-2,-2],[-15,2],[-4,-2],[-2,-3],[2,-8],[2,-3],[5,-3],[11,-11],[-2,-15],[4,-15],[4,-6],[6,3],[4,-3],[1,-4],[0,-10],[2,-5],[17,2],[5,4],[-2,10],[4,4],[-1,3],[1,4],[3,-1],[0,7],[5,0],[0,5],[3,1],[-1,3],[1,2],[-2,5],[1,6],[7,3],[1,5],[-1,4],[2,5],[17,7],[8,0],[3,-4],[3,-1],[1,5],[5,-1],[3,1],[0,5],[3,4],[4,12],[-2,4],[4,6],[2,0],[0,5],[2,2],[-2,10],[2,-1],[2,6],[6,4],[1,3],[6,5],[8,1],[5,4],[14,0],[4,2],[2,-3],[3,1],[1,-4],[3,-1],[1,-2],[4,1],[1,-2],[3,-1],[0,-3],[6,-3],[11,-9],[7,-3],[2,3],[2,0],[1,3],[2,-1],[5,6],[-1,3],[0,2],[5,1],[1,-2],[1,3],[2,-3],[4,0],[3,7],[2,3],[4,0],[1,6],[-1,2],[3,3],[-2,0],[1,4],[4,1],[-1,4],[3,4],[4,-3],[3,5],[2,-1],[4,3],[1,-3],[2,1],[5,-5],[9,3],[3,4],[0,-3],[4,1],[6,-4],[4,1],[0,1],[1,-3],[3,2],[2,-2],[2,2],[1,-2],[6,0],[5,-4],[0,3],[4,-2],[4,3],[2,-2],[2,3],[2,-1],[3,3],[1,-1],[2,4],[6,1],[-2,10],[5,-1],[2,1],[1,2],[-2,1],[-2,5],[2,4],[1,-4],[3,-1],[2,5],[4,0],[5,4],[3,-3],[3,3],[-1,4],[1,3],[3,-1],[0,-3],[4,1],[5,3],[1,5],[2,1],[2,-2],[5,10],[1,8],[6,4],[1,8],[4,7],[0,4],[-1,0],[-3,7],[2,12],[5,5],[2,0],[0,-2],[2,3],[1,-5],[-3,-1],[2,-4],[1,0],[3,17],[3,-7],[5,-1],[4,4],[5,-1],[3,5],[4,3]],[[4852,9100],[-1,-4],[-3,-2],[3,-6],[5,-4]],[[4894,9085],[4,2],[5,-1]],[[4941,9062],[3,2],[3,-4],[6,-18]],[[4953,9042],[3,-2],[4,-25]],[[5001,8969],[16,-6],[12,-14],[-1,-9]],[[4991,8879],[-9,-13],[1,-2]],[[4987,8803],[14,-8]],[[5115,8728],[8,-4],[4,-11],[2,-3],[5,2]],[[5149,8704],[2,0],[2,5],[2,-1],[3,-6]],[[5179,8651],[-4,-11],[1,-3],[6,-2],[1,-2]],[[5193,8556],[-2,-12],[6,-7]],[[5197,8537],[-2,-4],[1,-4]],[[5196,8529],[3,0],[3,-5],[1,3]],[[5319,8441],[-7,-8]],[[5312,8433],[-3,0],[-4,-4],[0,-9]],[[5305,8420],[-3,-2],[-3,-8],[0,-6]],[[5299,8404],[-6,-9],[-12,-13]],[[5281,8382],[-13,-6],[-18,-17],[-13,-17],[-5,-9],[-16,-18],[-6,-9],[-3,-9],[-6,-2],[-5,-5],[-7,-4],[-4,-4],[-4,-17],[-3,-3],[-4,-1],[-1,-5],[1,-6],[7,-10],[-2,-8],[3,-10],[-1,-5],[3,-5],[0,-7],[6,-13],[0,-8],[4,-6],[-1,-5],[2,-5],[-2,-3],[2,-8],[3,-3],[3,-8],[-6,-2],[1,-3],[-2,-3],[-5,1],[-1,-5],[-2,0],[-1,3],[-1,1],[-2,-3],[-6,-6],[-2,-5],[-2,0],[0,4],[-3,-3],[1,-1],[-1,-1],[-4,0],[0,-10]],[[5165,8113],[-6,-7],[-2,1]],[[5157,8107],[-4,-2],[-2,-3],[-8,7],[0,-8],[-7,-10],[-1,-5],[-4,-1],[-4,-4]],[[5127,8081],[-9,11],[-2,12]],[[5116,8104],[-4,-5],[-7,0],[0,-5]],[[5105,8094],[-6,-9],[-3,2]],[[5096,8087],[-3,0]],[[5093,8087],[-6,2],[-7,5]],[[5080,8094],[-4,-1],[-6,6],[-6,-5],[-7,0]],[[5057,8094],[-5,14]],[[5052,8108],[2,8],[-2,8],[-10,1],[-2,8],[-5,-1],[0,6],[-3,7],[-3,1],[0,4],[-2,1],[-1,4],[-5,1],[-3,9],[-3,1],[-1,-1],[-3,3],[-6,2],[-6,8],[-2,8],[1,14],[-7,16],[-5,3],[-11,-4],[-14,-1],[-6,-2],[-4,1],[-2,16],[0,4],[-7,12]],[[4942,8245],[-9,1],[-4,2],[-5,4]],[[4924,8252],[-16,23],[-12,1],[-10,4],[-4,3],[-3,7],[-5,-5],[1,-6],[-7,-9],[0,-6],[-6,0],[-3,2],[-1,-2],[0,-6],[-4,1],[1,-4],[-3,0],[-1,4],[-1,-2],[0,-4],[-2,-2],[-3,4],[0,-5],[2,-3],[-1,-4],[-5,2],[2,-8],[-5,-4],[-1,1],[0,-6],[-5,-1],[1,-3],[-2,-1],[-5,-1],[1,-4],[-1,-5],[3,-3],[-6,0],[-2,2],[-2,-4],[-5,-2],[-3,-7],[2,-5],[-7,-1],[-2,-5],[-5,-5],[-1,-8],[-3,0],[-2,-3],[2,-6],[-9,-5]],[[4786,8161],[-1,-7],[-5,-2]],[[4780,8152],[-1,-6],[-4,-1],[-1,-6],[-4,-4],[-4,-11],[-9,-4],[-3,-15],[-9,-7],[2,-4],[-2,-15],[0,-4],[-1,-6],[-3,-3],[-1,0],[0,-4],[-2,-3],[1,-2],[-7,-2],[0,-4],[-2,1],[-1,-3],[-4,-2],[-7,-16],[-2,0],[-4,-8]],[[4712,8023],[-4,-2],[1,-6]],[[4709,8015],[-2,-1],[-2,-10],[-1,-1],[0,-3],[-5,-6],[0,-11],[-5,-12],[1,-2],[2,1],[-1,-3],[1,-1],[1,-4],[-2,0],[1,-2],[-3,-1],[-4,-4],[1,-3],[-3,-5],[1,-2],[-2,-3],[1,-5],[2,-2],[-2,-7],[2,-1],[-2,-9],[-5,-11],[1,-7],[-1,-6],[-3,-1],[-1,-2],[-1,0],[-1,-3],[-3,-2],[-4,-7],[-2,1],[-3,-3],[-2,1],[-5,-3],[-1,-5],[-14,-10],[-3,0],[-3,3],[-5,0],[2,-8],[-6,4],[-3,-4],[-2,0],[-3,-5],[-4,-1],[-3,-4],[-2,2],[-6,-6],[-2,5],[-3,-3],[-6,1],[-1,-3],[-3,-3],[-5,3],[-2,-3],[0,-6],[2,-1],[6,1],[3,7],[4,-3],[-1,-3],[-5,-1],[-1,-5],[2,-10],[5,-15],[4,-6],[18,-13],[13,-12],[9,0],[6,5],[0,14],[11,1],[2,-2],[14,-21],[9,-5],[37,31],[2,5],[0,13],[8,5],[21,-13],[3,-6],[5,-3],[6,5],[0,13],[5,0],[3,-9],[-3,-9],[1,-4],[5,-1],[5,4],[2,-2],[0,-11],[-6,-7],[1,-4],[5,-3],[12,4],[9,-17],[3,1],[1,4],[-2,14],[5,8],[4,0],[4,-12],[-5,-10],[2,-3],[0,-4],[3,0],[1,-3],[-5,0],[3,-9],[-3,-1],[-1,4],[-3,-5],[-2,-1],[-3,6],[-2,-6],[-2,3],[-2,0],[-3,-16],[4,-6],[-2,0],[1,-4],[-2,1],[-1,-2],[1,-1],[-1,-3],[-1,-8],[4,-8],[-3,-1],[-2,2],[-4,-7],[3,-1],[-1,-3],[2,-3],[-7,-5],[2,-3],[-2,-7],[2,-3],[-4,-2],[2,-7],[-6,-2],[0,-3],[-5,-4],[2,-9],[2,-2],[-2,-2],[-2,-8],[-4,0],[-3,-5],[1,-6],[2,-2],[-2,-5],[1,-3],[-3,-6],[4,-8],[-7,0],[0,-2],[3,-2],[-3,-4],[1,-1],[3,2],[-1,-9],[8,-4],[-1,-2],[-2,1],[-1,-2],[0,-2],[4,-1],[0,-3],[-4,2],[-2,-1],[6,-7],[0,-3],[-1,-2],[-3,0],[-1,-3],[-8,0],[1,-2],[-1,-6],[-4,0],[-1,-2],[3,-8],[-3,-7],[1,-10],[6,-3],[-2,-3],[-3,-1],[-2,-3],[3,-5],[5,0],[0,-2],[-2,-2],[-4,0],[-4,-3],[1,-1],[2,2],[3,-3],[-5,-9],[-16,-3],[-5,-5],[-2,-14],[-5,-7],[-22,-10],[-3,-7],[-3,4],[-2,8],[-3,0]],[[4698,7443],[-2,-9],[1,-8]],[[4697,7426],[-4,-11],[-5,-3],[-2,-9],[-6,-2],[-8,-14],[-5,0]],[[4667,7387],[-8,-4],[-12,4],[-6,-5]],[[4586,7351],[4,-4],[-2,-3],[-5,-2]],[[4509,7191],[8,-23],[-1,-4]],[[4516,7164],[-12,3],[-4,0],[-1,-21]],[[4259,6653],[3,-6],[-2,-16]],[[4259,6607],[0,-14],[-4,-10],[-2,-3],[-7,-1]],[[4246,6579],[-8,-7],[-6,-1]],[[4154,6548],[1,7],[4,-1],[2,-7]],[[4173,6532],[-3,-5],[-3,-1]],[[4165,6539],[-6,0],[-4,-6],[0,-4],[5,-9]],[[4144,6512],[-3,4],[1,11],[-1,2],[-6,-1],[-2,-3]],[[4133,6525],[1,-8],[-2,-4],[-6,-3],[-6,4],[0,9]],[[4077,6507],[1,-9],[2,-2]],[[4081,6508],[7,5],[0,-5]],[[4090,6504],[7,-4],[1,-4]],[[4098,6496],[-6,-5],[-6,-9],[-13,-3],[-6,-9],[10,-1]],[[4088,6362],[2,-5],[-1,-3],[-2,-2]],[[4077,6358],[-7,-2],[-16,-22]],[[4025,6326],[-5,-2],[-1,-3],[3,-4],[1,-7]],[[4022,6286],[-9,-7],[-8,-13]],[[4005,6266],[2,-5],[12,-2]],[[4019,6259],[1,-2],[-1,-3],[-16,-7],[-5,-10],[-4,-3]],[[3987,6226],[-1,-3]],[[3986,6223],[-4,-5],[-2,1]],[[3980,6219],[0,2],[7,9]],[[3987,6230],[-2,3],[-7,3],[3,-3],[0,-2],[-6,-5],[-5,13],[-5,4],[-4,-2],[-5,1],[-3,-8],[3,2],[0,-3],[8,-7],[-3,-3],[-3,1],[2,4],[-5,-3],[-2,1],[-2,-1],[1,-2],[5,-3],[-2,-8],[-7,0],[1,5],[-4,3],[-1,-3],[0,-4],[-3,-8],[-3,0],[-4,4],[-1,-3],[-1,0],[-2,2],[0,-3],[2,-5],[-3,-2],[1,-3],[-2,1],[-1,6],[-12,-6],[-4,-8],[-3,-2],[1,-1],[-2,-5],[2,-5],[3,-1],[-1,-2],[3,-1],[-1,-4],[-2,0],[-2,-6],[-6,-7],[-3,2],[-4,-2],[-1,1],[-3,-1],[1,-2],[-3,-2],[-2,0],[0,-2],[-1,1],[1,-8],[3,-3]],[[3891,6138],[0,-1],[-2,0]],[[3889,6137],[-2,-4],[-2,0],[-1,-1],[-3,3],[-1,-4],[-2,-3],[-2,1],[-3,-7],[-1,0],[0,1],[-3,-1],[2,-2],[-1,-1],[-3,1],[1,-2],[-2,-3],[-1,-4],[-3,2],[-3,-3],[1,-2],[1,0],[-2,-2],[0,1],[-4,0],[-1,-4],[-1,3],[-1,-2],[-5,0],[1,-1],[-3,0],[-2,-2],[-1,6],[-2,0],[0,2],[-1,-1],[-1,3],[-3,0],[0,-2],[-2,1],[-1,2],[-7,-3],[0,2],[-2,0],[-2,3],[-1,-5],[-3,3],[-4,-1],[-1,9],[-2,2],[-4,-1],[-3,7],[-4,2],[-2,3],[-4,0],[-1,3],[-2,-2],[0,-5],[-3,-6],[-3,2],[-4,-6],[-3,1],[-1,1],[-1,-3],[-3,3],[-1,-2],[-1,3],[-1,-3],[-3,1],[-2,-2],[-4,0],[-3,-5],[0,-3],[-1,1],[-1,-2],[-2,1],[-3,-2]],[[3750,6108],[-5,0],[-10,7],[-1,3],[-7,6]],[[3727,6124],[-3,5],[-6,2],[2,11],[-3,10],[1,2],[0,6],[-4,6],[-4,17],[-6,13],[0,3],[3,7],[10,2],[7,6]],[[3724,6214],[2,8],[8,16]],[[3734,6238],[1,5],[-1,7]],[[3734,6250],[-7,1],[-2,3]],[[3725,6254],[-4,10],[-3,4],[-8,2],[-8,11]],[[5436,2799],[-2,4],[-6,2],[-10,-1],[-5,-2],[0,-4],[-2,0],[-1,-4],[-3,0]],[[5392,2761],[-6,-9],[1,-5]],[[5388,2680],[4,-7],[-2,-5]],[[5390,2668],[-3,-16],[-10,-5]],[[5377,2647],[-1,-8],[-6,-5],[-16,2]],[[5343,2657],[-3,3],[0,8]],[[5322,2692],[3,5],[5,3],[0,1]],[[5323,2704],[-3,7],[-5,2],[-2,0]],[[5313,2713],[-1,-5],[-3,0],[-6,-5],[-3,1],[-4,4]],[[5296,2708],[2,4],[0,3],[-7,4],[-11,-2]],[[5276,2712],[-5,2]],[[5271,2714],[-13,-12],[-8,-3]],[[5176,2620],[-6,-6]],[[5148,2678],[-7,3],[11,18]],[[5163,2707],[3,1],[2,7]],[[5154,2739],[-19,19],[-3,6],[1,8],[4,9]],[[5117,2829],[5,12],[-3,4]],[[5123,2949],[-7,11]],[[5116,2960],[4,2],[5,0],[11,-9]],[[5153,2941],[9,-5],[1,-3]],[[5163,2933],[-2,-5],[1,-2]],[[5171,2924],[5,-4],[3,-13],[3,4]],[[5301,2980],[0,24]],[[5280,3116],[-1,2],[-2,3]],[[5263,3162],[0,2],[3,-1]],[[5272,3172],[-2,4],[2,3],[7,-1]],[[5281,3178],[8,5],[1,1]],[[5311,3203],[2,5],[-2,10]],[[5334,3297],[4,4],[2,9]],[[5353,3330],[9,12],[-2,2]],[[5179,3440],[-6,13],[-7,8]],[[5166,3461],[-1,12],[2,11]],[[5167,3484],[-3,2],[1,6]],[[5165,3492],[4,6],[0,5]],[[5253,3598],[4,3],[2,1],[1,-3]],[[5288,3615],[1,-6]],[[5510,3516],[-7,5],[-4,9]],[[5499,3530],[2,0],[8,-5]],[[5549,3502],[5,2],[3,-2],[1,-8]],[[5621,3441],[3,-2],[1,-3],[-2,-4]],[[5625,3419],[5,-8],[3,-12]],[[5623,3349],[1,-9],[-5,-8],[0,-11],[5,-11]],[[5633,3294],[1,-11],[2,-4],[9,-5]],[[5651,3271],[4,-7],[4,-2]],[[5659,3262],[1,-5],[-2,-3],[-2,-15]],[[5656,3239],[4,-1],[3,-4],[7,1],[7,-6],[7,-1],[7,-8],[5,0],[5,-5],[-1,-4],[4,-4],[0,-5],[3,-2],[6,1],[0,-4],[7,-1],[1,-5],[3,-1],[6,-9],[4,-2],[7,0],[2,-4],[1,-7],[-2,-4],[1,-7],[6,-6],[0,-6],[-3,-3],[0,-5],[5,-5],[6,-3],[6,0],[4,5],[8,-4],[2,-4],[0,-7],[4,-3],[4,-9],[2,-2],[-2,-5],[2,-2],[-1,-5],[3,-2],[1,-2]],[[5790,3089],[-6,-7],[0,-9],[1,-9],[3,-7]],[[5788,3057],[0,-4]],[[5788,3053],[7,-3],[-3,-3]],[[5792,3047],[-1,-5],[-10,-3],[-4,3],[-6,-5],[-3,-6],[0,-9],[-3,-2],[-11,-4],[-2,4],[-2,1],[-4,-3],[-6,1],[-7,-13],[2,-4],[-2,-3]],[[5733,2999],[-1,-6],[-9,-3]],[[5723,2990],[-4,3],[-4,1],[-1,-7],[-6,-12],[4,-4],[2,1],[2,-1],[-5,-4],[1,-3],[-1,-6],[4,-8],[0,-2],[-3,-1]],[[5712,2947],[0,-4],[4,-1]],[[5716,2942],[2,-4],[5,1],[2,-6],[-2,-5],[7,-1],[2,-7],[2,-2],[-2,-3],[2,-1],[-2,-1],[0,-2],[-2,-1],[3,-5],[0,-8]],[[5733,2897],[2,0],[-1,-14],[-11,-17]],[[5638,2726],[-2,-2],[-4,3]],[[5543,2776],[-1,-1],[-5,5]],[[5537,2780],[0,8],[-3,7],[-9,13],[-11,5]],[[5451,2798],[-3,2],[-6,-4]],[[8826,6953],[-7,-5],[1,-4]],[[8792,6894],[-6,-3],[-11,-9],[5,-8]],[[8774,6858],[-6,-13],[-8,-10],[-3,-2],[-5,1],[-6,7],[-2,0],[-1,-6],[-4,-12]],[[8729,6785],[0,-7]],[[8694,6746],[-5,2],[-2,-3],[-4,1],[-2,2]],[[8561,6891],[-14,10],[-5,1],[-6,-5]],[[8536,6897],[-7,-1],[-10,-7],[-14,-16]],[[8460,6915],[-15,-6]],[[8424,6884],[-4,-5],[-5,0],[-3,2]],[[8331,6941],[-8,-6],[-10,-3],[-7,1]],[[8306,6933],[-1,1],[0,9]],[[8279,7016],[-15,17],[-12,3]],[[8063,7385],[3,9],[0,6],[-2,5]],[[7994,7457],[-4,6],[7,21],[0,8],[-4,8]],[[8251,7789],[0,3],[12,2]],[[8263,7794],[10,-5]],[[8353,7773],[4,5],[6,10]],[[8363,7788],[1,5],[-6,8]],[[8358,7801],[-2,10],[1,5],[8,8]],[[8365,7824],[1,13],[22,8]],[[8436,7877],[8,-1],[3,-7]],[[8484,7893],[3,0],[3,-3]],[[8563,7912],[3,1],[3,-2],[7,-16],[7,8]],[[8606,7888],[-1,-10],[-2,-3],[-7,2]],[[8596,7877],[-4,-1],[-7,-8]],[[8712,7769],[6,-5],[10,-3]],[[8728,7761],[1,-10],[-6,-6]],[[8702,7599],[5,-11],[0,-6],[-11,-2]],[[8853,6963],[-2,-5],[-8,-3]],[[7549,5674],[-3,4],[-5,-4],[-3,11]],[[7513,5733],[-4,20],[-9,3],[-7,-4]],[[7491,5757],[5,8],[-1,5],[-17,9]],[[7478,5779],[-1,6],[-1,9],[-3,6],[-12,3]],[[7464,5806],[-3,9],[6,2],[-1,-2]],[[7466,5815],[2,0],[1,1]],[[7469,5816],[-1,4],[3,-2]],[[7485,5828],[3,3],[-4,4]],[[7502,5866],[-4,8]],[[7515,5928],[1,8],[2,3]],[[7525,5953],[5,3],[0,5]],[[7530,5969],[3,4],[1,7],[2,1]],[[7536,5981],[3,8],[4,2]],[[7550,5987],[9,-4],[-1,4]],[[7116,6524],[1,10]],[[7117,6534],[8,9]],[[7125,6543],[0,13],[6,2]],[[7158,6588],[3,7],[2,3]],[[7167,6601],[11,-2]],[[7432,6966],[-9,15],[5,10]],[[7428,6991],[-3,13],[1,7]],[[7426,7011],[7,7],[8,2]],[[7441,7020],[7,7],[26,7],[19,34]],[[7491,7077],[1,16],[9,3],[3,-2],[4,-12]],[[7508,7082],[2,-2]],[[7508,7075],[-1,-5],[4,-18],[9,-8]],[[7722,6701],[11,-22],[5,-1],[12,12],[10,1]],[[7773,6671],[3,-12],[9,-27],[0,-8]],[[7785,6624],[-6,-15],[1,-5],[14,-5],[7,2],[6,4],[13,12],[10,17]],[[7842,6648],[3,10],[8,-15]],[[7862,6638],[1,-3],[1,-6]],[[7917,6531],[7,0],[11,-4],[4,-6]],[[7949,6521],[5,-5],[-1,-10]],[[7974,6460],[4,-5],[3,-4]],[[7981,6451],[2,-15]],[[7983,6436],[14,-15],[0,-5],[-6,-9]],[[7991,6407],[0,-3],[7,-16]],[[7748,6047],[1,-6]],[[7749,6041],[2,-1],[3,-7],[6,-4]],[[7760,6029],[0,-1],[5,-5]],[[7795,5941],[-1,-25],[1,-3],[-2,-2]],[[7765,5915],[-2,6],[-7,5]],[[7651,5754],[-2,-6],[-10,-10]],[[7285,1260],[4,-4],[6,1],[1,-2],[-5,-10],[4,-5],[-2,-7]],[[7293,1233],[-1,-1]],[[7161,1101],[2,7],[-2,2]],[[7161,1110],[0,4],[-6,4]],[[7122,1073],[-5,5],[-2,0]],[[7115,1078],[-2,-3],[-1,-9]],[[7096,1069],[-11,-1]],[[7082,1090],[-1,4],[-4,5],[-3,0]],[[7074,1099],[-2,3],[4,4]],[[7037,1463],[-4,-2],[-2,2],[-1,5]],[[7154,1712],[-2,6],[-3,5],[-6,-6]],[[7136,1717],[3,7]],[[7148,1746],[1,6],[8,1]],[[7217,1761],[5,-6],[6,8]],[[7246,1789],[9,-4],[2,3]],[[7278,1771],[-1,-7],[-6,-5]],[[7283,1706],[13,-11],[5,-13],[-3,-2]],[[7262,1441],[7,-16]],[[7280,1415],[1,2],[3,0],[2,-3]],[[7295,1410],[3,-2],[2,1],[8,-6]],[[7308,1403],[-1,-2],[-4,-2],[0,-7],[-3,-2]],[[7300,1390],[-5,0],[0,-15],[2,-3]],[[7297,1372],[5,-16],[6,-9],[5,-4]],[[7313,1343],[2,-1]],[[7315,1342],[3,2],[5,-2],[1,-2],[-1,-9],[-3,-4]],[[7320,1327],[1,-3],[0,-4]],[[7321,1320],[-7,-16],[1,-3],[-2,-4],[-9,-2],[-2,-3],[-5,1]],[[7297,1293],[-2,-3],[3,-3]],[[7298,1287],[-2,-2],[-4,-3]],[[7292,1282],[-3,-6]],[[7289,1276],[-4,1],[4,-12],[-4,-5]],[[6642,8125],[-5,7],[0,4],[1,5]],[[6627,8189],[-2,4],[0,2]],[[6640,8205],[2,1],[0,3]],[[6642,8209],[-7,5],[7,4]],[[6638,8227],[-1,9],[9,3]],[[6667,8270],[-2,6],[-6,7]],[[6429,8532],[-24,20],[-19,-8]],[[6371,8545],[0,-16],[-3,-5],[-3,-1],[-8,2]],[[6335,8505],[-7,2],[-5,-2],[-3,1],[-5,6],[-3,7]],[[6302,8529],[-5,1],[-2,3],[1,3],[13,14]],[[6334,8590],[5,-2],[5,5],[4,1]],[[6348,8594],[6,9],[0,5]],[[6361,8746],[3,9],[-4,7]],[[6360,8762],[-7,1],[-4,4],[-3,5]],[[6265,9010],[10,9],[7,23]],[[6282,9042],[2,15],[-2,19],[-3,11]],[[6280,9100],[5,7],[7,6]],[[6292,9113],[5,28],[5,6],[9,8]],[[6329,9203],[11,17],[11,30]],[[6356,9275],[12,22],[0,23]],[[6390,9593],[5,13],[8,14],[3,0],[0,-1],[-9,-23],[0,-2],[4,-2],[-3,-10],[2,-5],[1,1],[2,10],[4,-1],[2,-4],[-2,-5],[0,-12],[6,-4],[-4,-2],[3,-9],[-3,0],[-7,-8],[5,-3],[2,-5],[-9,3],[-1,-2],[0,-3],[7,-3],[0,-2],[-6,-1],[1,-1],[3,-2],[-3,-8],[2,-1],[2,-5],[2,7],[3,-2],[1,-11],[5,2],[3,-1],[0,-8],[3,-6],[2,2],[2,-1],[7,2],[8,-4],[6,1],[3,-2],[0,-2],[7,-1],[7,-6],[11,-4],[13,2],[9,-7],[10,0],[2,-5],[6,-5],[12,0],[14,3],[5,-5],[2,-10],[6,-4],[0,-2],[-7,-5],[-2,-7],[2,-3],[9,-1],[6,6],[5,2],[5,-2],[4,4],[-3,-5],[1,-3],[2,3],[4,-3],[2,-4],[1,2],[5,1],[-2,3],[3,1],[1,-4],[-2,-4],[3,-5],[4,0],[1,-4],[5,-5],[20,-6],[6,0],[5,-6],[9,-5],[8,0],[6,7],[7,3],[9,0],[2,-2],[4,-14],[15,-8],[7,-5],[7,-3],[4,-5],[3,-6],[-3,-2],[-2,-18],[9,-12],[1,3],[3,0],[3,9],[6,1],[5,-3],[-2,13],[4,2],[3,-4],[3,2],[2,-1],[4,7],[3,-2],[1,2],[5,2],[5,-3],[7,5],[2,3],[-1,6],[-10,8],[-1,6],[2,2],[2,0],[1,4],[3,0],[5,-4],[4,0],[5,9],[0,4],[-3,4],[-1,6],[4,7],[10,4],[5,9],[1,0],[4,2],[0,4],[2,0],[1,-3],[3,-1],[-1,5],[3,3],[10,-5],[14,16],[14,5],[4,5],[5,3],[17,1],[7,2],[1,5],[9,5],[4,9],[3,2],[3,-1],[4,1],[3,6],[4,4],[6,-2],[6,-6],[9,0],[4,3],[2,9],[4,1],[4,-1],[5,5],[5,-2],[14,8],[4,-3],[5,3],[6,-5],[3,3],[16,0],[4,2],[2,7],[2,1],[7,-2],[5,-9],[5,-2],[1,3],[0,7],[2,2],[22,-18],[10,1],[6,-3],[5,2],[5,-10],[5,-5],[5,0],[3,7],[3,-1],[11,-11],[3,-10],[4,-7],[3,4],[1,5],[7,2],[2,7],[3,2],[6,-5],[-1,-3],[4,-4],[7,1],[9,9],[4,-3],[6,-1],[-1,-6],[1,-3],[4,0],[3,-4],[3,0],[4,-5],[8,6],[5,-4],[10,-3],[3,3],[4,2],[22,-12],[12,1],[2,-15],[5,-4],[1,-5],[5,-6],[-2,-12],[6,0],[3,-4],[5,4],[4,-12],[0,-5],[3,-3],[3,7],[4,-9],[5,-4],[5,0],[4,-3],[3,2],[3,4],[5,-3],[1,-6],[-4,0],[-1,-4],[11,-6],[3,-6],[1,-5],[5,-6],[5,1],[2,-2],[6,-13],[9,-6],[5,-9],[10,-7],[2,-4],[14,-11],[13,-2],[3,-4],[6,3],[10,-5],[1,-1],[0,-5],[2,-3],[-1,-3],[5,-12],[8,-7],[2,-4],[9,-2],[0,-4],[2,-4],[4,0],[5,2],[-1,4],[1,2],[9,-5],[4,-8],[-1,-5],[4,-7],[11,-6],[3,3],[7,-10],[8,-5],[1,1],[0,6],[2,0],[3,-7],[0,-3],[4,-2],[-3,-3],[0,-1],[6,-3],[0,-4],[8,-2],[4,-4],[7,-7],[1,-4],[5,1],[2,5],[7,5],[6,11],[5,2],[12,-9],[-1,-4],[2,-3],[2,1],[4,-2],[2,-8],[13,-19],[5,3],[9,-4],[1,-2],[8,-2],[1,-2],[0,-7],[2,-3],[9,-7],[5,0]],[[7623,9136],[-9,-5],[-3,1],[-8,-12],[0,-3],[3,-3],[0,-9],[-12,-1],[-7,-5],[-5,-7],[-5,-2],[-1,-6],[1,-5],[-3,-2],[-3,-4],[5,-14],[-2,-1],[-6,4],[-3,0],[-3,-9],[-11,-10],[-3,0],[-4,3],[-3,7],[-6,-1],[-6,7],[-8,-1],[-6,19],[-17,-1],[-2,-11],[-12,-15],[-1,-8],[-4,-3],[-7,-8],[0,-3],[5,-4],[1,-3],[-4,-16],[-6,-8],[-4,2],[-13,-13],[-3,1],[-1,8],[-3,5]],[[7444,9000],[-3,1],[-6,-11],[-1,-15]],[[7434,8975],[-8,-18],[-15,-8],[-8,-11],[-7,2]],[[7396,8940],[-12,-11],[-3,-8]],[[7381,8921],[1,-14],[-3,-3],[-8,-3]],[[7371,8901],[-4,-8],[-4,-21]],[[7363,8872],[-5,-15]],[[7358,8857],[2,-5],[-1,-4],[-8,-5],[8,-3]],[[7359,8840],[5,-13],[7,-5],[0,-4],[-2,-10],[8,-1],[2,-8],[4,-3],[1,-12],[4,-11],[3,-5],[3,-1],[3,-4],[-2,-13],[3,-22],[4,-10],[0,-13],[2,-16],[-1,-8],[6,-23],[-3,-2],[0,-7],[-4,-12],[2,-4],[6,-4],[2,-6],[4,-4],[-1,-11],[3,-8],[1,-17],[-2,-3],[-3,0],[-8,-5],[-8,-2],[-4,-6],[2,-4],[-1,-5],[-7,3],[-3,-2],[-1,-19],[-3,-12],[-3,-6],[-1,-5],[2,-12],[5,-4],[-5,-11],[8,-15],[0,-13],[-3,-6],[0,-5],[-10,-3],[-5,-8],[-5,-4],[2,-26],[5,-14],[-2,-14],[1,-5],[-2,-4],[3,-4],[11,-3],[4,-5],[5,-4],[2,-6],[4,-9],[-5,-1],[-3,3],[-4,-3],[-3,2],[-1,-2],[6,-39],[3,-32],[1,-4],[3,-3],[0,-16],[3,-5],[6,-30],[0,-15],[-3,-4],[0,-6],[-2,-5],[-1,-7],[-4,-2],[-6,4],[-3,-6],[-9,-2],[-2,-3],[-4,-17],[-6,-5],[-1,-6],[7,-18],[-8,-6],[-4,-6],[1,-9],[-1,-18],[5,-9],[4,1],[2,-4],[0,-5],[3,-5],[7,-3],[3,-6],[13,-8],[6,4],[6,-2],[0,-6],[2,-6],[-2,-2],[1,-1],[-1,-6],[2,-4],[-1,-5],[2,-3],[-1,-7],[7,-14],[-2,-6],[1,-3],[2,1],[1,-4],[-1,-4],[2,-11],[5,-7],[3,2],[1,-2],[3,-1],[0,3],[5,2],[-1,-4],[2,-2],[-1,-5],[-3,-1],[6,-8],[1,-8],[-2,-3],[-3,1],[0,-4],[3,-5],[-2,-6],[4,0],[3,-2],[1,-4],[-3,-6],[4,0],[1,-4],[0,-5],[3,-3],[0,-2],[-2,0],[0,-4],[2,-3],[-2,-4],[3,-4],[-1,-5],[2,-3],[3,0],[0,-7],[2,-2],[-2,-5],[1,-7],[-1,-2],[1,-1],[1,-4],[-3,-4],[1,-5],[-2,-1],[2,-4],[-3,1],[0,-4],[2,-1],[-1,-7],[2,-1],[-2,-5],[-2,1],[-1,-2],[1,-6],[2,0],[-1,-4]],[[7450,7796],[4,-9]],[[7454,7787],[-1,-3]],[[7453,7784],[-2,0]],[[7451,7784],[1,-3]],[[7449,7780],[0,2],[-1,3]],[[7405,7809],[-1,4],[-5,-6]],[[6968,7797],[2,3],[-7,3]],[[6963,7803],[-1,8],[-3,0],[-1,16]],[[7090,8913],[0,0]],[[5142,7324],[-15,-7],[-3,2],[-8,9]],[[4889,7319],[-9,0],[-13,-15]],[[4837,7272],[-5,-9],[-4,-1],[-11,10]],[[4787,7300],[-2,5],[0,10],[-8,2],[-5,-1],[-4,1]],[[4725,7354],[-2,-1],[-3,-8],[-7,-8],[-7,-2]],[[4706,7335],[-8,2],[-9,8]],[[4668,7375],[-1,4],[-6,4]],[[4661,7383],[6,4]],[[4697,7426],[-1,9],[2,8]],[[4709,8015],[-1,7],[4,1]],[[4780,8152],[6,3],[0,6]],[[4924,8252],[6,-5],[12,-2]],[[5052,8108],[2,-7],[3,-7]],[[5080,8094],[13,-7]],[[5096,8087],[4,-2],[5,9]],[[5116,8104],[2,-11],[9,-12]],[[5157,8107],[3,-1],[5,7]],[[5281,8382],[13,14],[5,8]],[[5305,8420],[0,8],[3,4],[4,1]],[[5356,8471],[4,8],[7,-8]],[[5504,8312],[5,4],[2,-13]],[[5511,8303],[-2,-4],[0,-2],[4,-4]],[[5544,8262],[6,1],[1,-4],[4,-4]],[[5599,8202],[4,1],[2,-2],[-6,-10]],[[5599,8191],[-2,-4],[1,-2],[16,10],[22,17]],[[5799,8125],[-5,7],[-4,26]],[[5795,8187],[7,18],[10,9],[14,4],[16,1]],[[5859,8197],[-1,-5],[1,-3],[3,1]],[[5897,8146],[2,-10],[4,0],[4,2]],[[5907,8138],[1,-7],[5,3]],[[5913,8134],[3,-2],[9,-11],[-2,-9]],[[5845,7891],[-3,-7],[-4,0]],[[5352,7546],[-13,-17],[-2,-5],[0,-6],[8,-23],[10,-8]],[[5355,7487],[10,-3],[3,-2],[0,-17]],[[5368,7465],[-3,-10],[-7,-13]],[[5358,7442],[-16,-21],[-9,-3],[-9,3],[-12,0],[-9,-4]],[[3789,3330],[1,0],[0,-1]],[[3786,3327],[0,-4],[3,-7],[-3,0]],[[3774,3305],[-6,3],[-3,-3],[0,3]],[[3761,3308],[-2,5],[-7,0]],[[3704,3327],[-3,8],[-5,1]],[[3696,3336],[-10,-6],[-4,-1]],[[3671,3330],[-2,-3],[-1,-3]],[[3519,3631],[9,10],[5,3]],[[3544,3700],[2,10],[2,1],[10,1],[2,1],[0,3],[-8,6],[-30,14]],[[3089,4006],[-1,6],[-5,2]],[[3076,4022],[-10,3]],[[3066,4025],[-8,-6],[-4,1],[-1,2],[3,9]],[[3049,4036],[0,7],[-2,8]],[[3043,4063],[-9,13],[0,6]],[[3048,4168],[-2,6],[0,4],[4,12]],[[3033,4245],[-3,9],[2,8],[0,8]],[[3085,4371],[6,3],[6,10]],[[3097,4384],[10,8],[7,2]],[[3114,4394],[2,7],[4,2],[3,-6],[7,-5],[14,6]],[[3144,4398],[9,-7],[7,-3],[2,1],[5,8]],[[3167,4397],[2,0],[3,-4]],[[3172,4393],[7,-1],[2,-4],[-1,-4],[-10,-3],[4,-11],[0,-2],[-4,-1],[0,-2],[6,-4],[7,6],[6,3],[3,6],[3,1],[14,-8],[1,-6],[-3,-7],[1,-3],[8,3],[7,-1],[4,19],[2,3],[4,-3],[2,-8],[2,-2],[13,4],[1,-2],[1,-6],[3,-2],[8,8],[5,1],[12,-6],[10,4],[3,0],[2,-2],[1,-6],[2,-1],[4,3],[-2,7],[4,5],[7,-2],[8,3],[4,-9],[6,5],[4,-1],[3,-3],[2,-13],[4,-5],[-2,-7],[0,-9],[-6,-8],[2,-3],[19,0],[3,4],[-3,4],[1,3],[6,8],[4,1],[2,6],[15,5],[6,-6],[10,0],[3,-8],[5,4],[4,0],[0,5],[8,6],[5,1],[6,-7],[-1,-13],[3,0],[2,5],[4,3],[2,-1],[-1,-7],[9,5],[3,-11],[12,0],[3,-9],[11,-1],[1,-3],[-4,-2],[0,-2],[5,-1],[9,-10],[3,0],[3,3],[1,9],[2,0],[3,-8],[5,3],[-1,-7],[2,-2],[1,1],[5,10],[7,0],[-2,-11],[2,0],[3,8],[4,0],[1,-7],[8,6],[5,0],[1,-1],[0,-3],[-4,-4],[1,-5],[-10,-7],[-1,-4],[1,-3],[4,-1],[5,3],[4,-3],[1,-8],[6,-3],[4,5],[1,11],[4,0],[2,-5],[8,1],[6,-3],[2,-3],[-1,-6],[5,5],[6,1],[3,-8],[-4,-3],[-1,-5],[4,-5],[1,-6],[3,-2],[5,7],[2,-1],[0,-6],[3,0],[3,3],[2,-2],[-4,-12],[4,-9],[1,-8],[5,3],[1,3],[3,0],[4,5],[3,-8],[9,2],[-1,-5],[2,-13],[8,10],[1,0]],[[3642,4210],[-2,-12],[2,-2],[5,-1],[6,3]],[[3653,4198],[2,7],[4,0],[1,-2]],[[3660,4203],[-1,-10]],[[3659,4193],[-2,-6],[3,-3],[8,0]],[[3668,4184],[3,-2],[2,5],[3,1],[1,-8],[1,-1],[3,2],[7,10],[2,8],[6,3],[3,-3],[4,0],[5,3],[4,-10],[7,3],[2,-11],[14,2],[4,-5],[5,4],[5,-3],[1,-3],[-1,-4],[-3,-2],[0,-3],[5,-2],[3,4],[4,-5],[2,2],[2,-5],[6,0],[0,-4],[4,-2],[3,-8],[2,1],[4,0],[3,6],[6,-4],[7,10],[5,0],[2,-6],[3,5],[7,0],[2,3],[6,-1],[1,-9],[7,0],[4,4],[-4,3],[0,3],[7,4],[2,15],[1,2],[4,-7],[-1,-5],[1,-2],[9,8],[3,-10],[12,3],[2,-3],[2,-10],[2,2],[0,8],[6,-5],[8,-2],[6,2],[0,-3],[-7,-3],[-1,-3],[3,-2],[2,-4],[2,-3],[2,2],[4,0],[5,-4],[2,2],[-1,8]],[[3905,4155],[4,5],[4,-6]],[[3913,4154],[6,0],[1,-2],[2,2],[-2,-7],[3,-1],[3,-10],[2,1],[0,6]],[[3928,4143],[4,-3],[0,-4],[2,0],[2,6]],[[3936,4142],[2,-2],[3,1],[3,0],[5,4],[1,-2],[3,1],[-1,2],[1,3],[3,-2],[2,4],[2,1],[6,-9],[5,3],[0,1],[3,-2],[4,1],[1,2],[2,-1],[3,-4],[0,-4],[3,-3],[1,0],[3,6]],[[3991,4142],[2,2],[7,-1],[2,-1]],[[4002,4142],[0,-6],[7,2],[2,-3],[0,-4],[2,-2],[4,2],[0,-3],[4,-2],[0,5]],[[4021,4131],[3,1],[7,-6]],[[4031,4126],[1,8],[3,1],[0,3],[2,1],[1,4],[3,-1],[3,-5],[3,-3],[2,5],[-1,2],[7,1],[11,11]],[[4066,4153],[3,-5],[4,-3]],[[4090,4150],[16,5],[7,0]],[[4113,4155],[3,-4],[3,-9]],[[4140,4093],[7,-17],[7,-9]],[[4154,4067],[4,-13],[2,-2],[20,6]],[[4413,3979],[1,-1],[-2,-13]],[[4416,3842],[-2,-9],[2,-15]],[[4416,3818],[-2,-8],[7,-4]],[[4424,3802],[17,-10],[7,-6],[2,-6]],[[4450,3780],[-3,-14],[-6,1],[-6,-2],[-2,-8],[-7,-7]],[[4393,3600],[-1,-8],[-6,-10]],[[4380,3589],[-2,-1],[-1,2],[-12,-2]],[[4243,3591],[-14,-13],[-6,-3],[-8,6],[-5,1],[-1,-2],[1,-5],[13,-13],[-2,-26]],[[4231,3521],[-2,-8],[-4,-3],[-6,5]],[[3962,3437],[-15,-7],[0,-9]],[[3966,3366],[-9,6],[-5,2],[-4,-6],[-1,-3]],[[3915,3307],[-2,-2],[0,-2],[-2,0]],[[3809,3330],[-4,5],[-6,0]],[[6134,5891],[-4,4],[-3,1],[-4,-7]],[[6061,5871],[-8,1],[-17,13]],[[6036,5885],[-7,-2]],[[6029,5883],[0,4],[7,7]],[[6041,5974],[-1,19],[-3,12],[-3,3]],[[5897,6114],[-17,3],[-3,4],[-1,18]],[[5885,6171],[-5,8],[0,4],[4,14]],[[5894,6206],[-7,29],[3,7]],[[5900,6252],[6,14],[2,8],[1,17]],[[5909,6291],[12,9],[3,8],[-1,8]],[[5921,6350],[-2,52],[16,38]],[[5979,6507],[-4,-1],[-1,3],[9,1]],[[6003,6528],[2,-2]],[[6005,6526],[-1,-9]],[[6004,6517],[-9,-11],[10,-3]],[[6020,6483],[0,-8],[2,1],[6,14]],[[6121,6543],[-2,13],[5,8],[3,3]],[[6219,6658],[11,-1],[12,10]],[[6560,6977],[-1,4],[3,5],[1,1]],[[6563,6987],[4,-3],[7,-23]],[[6754,6610],[3,4],[4,-6],[2,4]],[[6763,6612],[2,-1],[3,5]],[[6771,6615],[4,4],[4,-2]],[[6781,6618],[2,-4],[6,3]],[[6790,6620],[5,-3],[2,5]],[[6807,6625],[1,3],[5,2]],[[6985,6657],[9,14],[4,16],[6,7]],[[7004,6694],[4,-5]],[[7008,6689],[4,-1],[1,-7]],[[7094,6663],[3,-3],[1,-4],[7,-18]],[[7113,6566],[4,2],[5,-1],[3,2],[2,-1],[3,-3]],[[7128,6557],[-3,-2],[0,-12]],[[7117,6534],[0,-5],[-3,-10]],[[7084,6482],[-12,0],[-1,-7]],[[7075,6470],[-2,-4],[-3,-1]],[[7057,6455],[-3,0],[-4,5],[-1,5]],[[7038,6480],[-15,2],[-3,-3]],[[7015,6368],[-2,-10],[2,-8]],[[7015,6350],[-5,-1],[-5,5]],[[6985,6327],[-3,-5],[-3,-2],[-5,11],[-7,7]],[[6953,6356],[-16,19],[-9,4]],[[6916,6215],[-1,-6],[-10,11]],[[6648,5952],[2,-4],[0,-3],[-1,0],[-2,4],[-2,-1]],[[6578,5839],[7,-6],[1,-5],[-3,-2]],[[6583,5826],[-15,-19],[-11,-2]],[[6551,5798],[-11,-2],[-10,5]],[[6512,5763],[1,-8],[-2,-4]],[[6511,5751],[-3,0]],[[6395,6084],[2,2],[-2,5]],[[6381,6120],[0,2],[3,5]],[[6379,6128],[-2,1],[1,10]],[[6367,6156],[1,4],[-7,8]],[[6232,5860],[-7,-11],[-5,-18],[-8,-2]],[[6203,5819],[-1,2],[1,11]],[[6156,5874],[-3,-1],[-4,4]],[[8417,8190],[18,14],[3,0],[0,-10]],[[8443,8168],[3,-7],[9,-9],[2,-13],[-1,-5],[-2,-6]],[[8450,8130],[-9,-4],[-3,-4]],[[8403,8098],[-8,-17],[11,-23]],[[8419,8046],[5,-7]],[[7544,8013],[-4,6],[-6,3]],[[7534,8022],[-2,-1],[-10,-13]],[[7513,7969],[2,-10],[5,-5]],[[7501,7898],[-4,-8],[-8,-11],[-3,-35]],[[7454,7787],[0,4],[-4,5]],[[7359,8840],[-7,2],[6,4],[2,3],[-2,8]],[[7363,8872],[4,22],[4,7]],[[7381,8921],[4,8],[11,11]],[[7434,8975],[1,14],[5,12],[4,-1]],[[7623,9136],[5,-5],[13,-8],[1,-3],[4,-4],[13,-19],[12,-4],[16,0],[6,-3],[1,-3],[-5,-11],[-2,-23],[1,-7],[19,-5],[11,-6],[7,-7],[4,-1],[14,8],[6,0],[3,-3],[6,-18],[9,-10],[15,20],[4,2],[4,-4],[5,-13],[7,-7],[9,-6],[11,-4],[9,-11],[7,5],[2,-2],[5,-11],[2,0],[5,3],[11,15],[9,5],[6,2],[3,4],[3,0],[6,-7],[7,1],[6,5],[9,-3],[8,4],[3,14],[6,2],[8,-13],[8,-1],[2,-2],[1,-6],[-2,-7],[4,-11],[8,-10],[11,-3],[11,-14],[6,-14],[2,-12],[1,-2],[7,0],[2,-16],[4,-5],[6,0],[3,6],[7,6],[9,4],[20,3],[39,13],[3,0],[6,-11],[3,-1],[7,3],[20,-11],[11,3],[8,-1],[5,16],[11,0],[4,7],[12,3],[8,11],[7,6],[4,7],[1,12],[4,6],[14,-3],[5,1],[9,6],[20,4],[6,8],[5,2],[3,-2],[390,-451]],[[8382,8202],[-12,-1],[-15,-7],[8,-8],[5,-3],[14,2],[7,-2],[2,-1]],[[7262,1091],[-5,-6],[-2,1],[-3,5],[-1,6]],[[7302,1226],[0,1],[-3,6]],[[7299,1233],[-6,0]],[[7285,1260],[4,6],[-4,12],[4,-2]],[[7292,1282],[4,2],[2,3]],[[7298,1287],[-3,2],[2,4]],[[7321,1320],[-1,7]],[[7320,1327],[4,5],[0,10],[-6,3],[-3,-3]],[[7313,1343],[-10,13],[-6,16]],[[7297,1372],[-3,4],[1,13],[1,2],[4,-1]],[[7308,1403],[13,-9]],[[7337,1407],[5,-2],[7,4]],[[7349,1439],[0,10],[1,1]],[[7350,1450],[4,-2],[3,-10]],[[7527,1405],[11,-4],[2,1]],[[7719,1539],[2,3],[0,6],[1,2]],[[7722,1550],[17,-9]],[[7769,1532],[-2,-5],[-6,-8],[-2,-12],[-5,-7],[3,-1],[0,-5],[5,4],[4,-5],[-3,-2],[0,-5],[-5,-1],[-5,-8],[4,-8],[9,-2],[7,7],[1,-3],[0,-4],[2,-3],[-2,-2],[4,-5],[-1,-3],[3,0],[0,-3],[4,2],[2,0],[-1,-2],[3,1],[6,6],[3,-6],[4,7],[0,-2],[5,-4],[3,3],[0,-3],[6,6],[11,-15],[5,-3],[0,-3],[-4,0],[1,-5],[2,1],[2,-3],[-1,-2],[6,5],[3,-2],[1,-4],[1,0],[-1,-4],[6,-10],[-2,-1],[0,-4],[-4,-2],[-1,-4],[4,-3],[-1,-2],[2,-1],[-4,-6],[4,1],[1,-2],[-3,-3],[-9,-1],[-8,-4],[-13,-8],[-3,0],[-7,-11],[-17,-9],[-17,2],[-6,4],[-13,-6],[-11,-9],[-7,-4],[-2,-5],[-30,-16],[-8,-1],[-10,-4],[-43,-26],[-79,-42],[-16,-7],[-2,-2],[1,-4],[-8,-6],[-13,-4],[-10,-8],[-38,-14],[-51,-35],[-43,-24],[-20,-10],[-5,2],[-16,-8],[-8,-6],[-2,2],[-9,-3],[-24,-11],[-1,-4],[4,-4],[-14,-11],[-5,-5],[2,-1],[0,-3],[-11,-9]],[[5740,2893],[-4,1],[0,3]],[[5736,2897],[-3,0]],[[5716,2942],[-4,3],[0,2]],[[5723,2990],[8,2],[2,7]],[[5792,3047],[3,2],[-7,4]],[[5788,3057],[-3,8],[-2,16],[7,8]],[[5656,3239],[4,20],[-1,3]],[[5659,3262],[-4,3],[1,7],[3,9]],[[5659,3286],[-3,6],[6,12]],[[5658,3312],[0,5],[2,10]],[[5668,3330],[3,1],[1,8]],[[5675,3343],[-1,16],[1,6],[3,3]],[[5838,3375],[-2,-8],[6,-11]],[[5843,3324],[4,-16]],[[5870,3263],[2,-8],[-2,-4],[0,-3],[2,-6]],[[5880,3239],[5,-7],[0,-11]],[[5907,3021],[-10,-10],[0,-4],[3,-4],[-3,-10]],[[5906,2980],[-4,-4],[4,-11],[0,-5]],[[5956,2819],[-2,-8],[4,-6]],[[5986,2781],[7,0],[4,3]],[[6005,2783],[-1,-3],[1,-5]],[[6001,2708],[10,-13],[7,-12]],[[6023,2679],[4,0],[2,-9],[-3,-2],[-6,2]],[[6016,2663],[-3,-1],[0,-6],[-5,2]],[[5982,2664],[-15,0]],[[5934,2695],[-1,13],[-6,-1]],[[5906,2699],[-9,4],[-2,0]],[[5895,2703],[-1,-3],[-6,-5]],[[7113,2689],[-3,0],[-5,-3],[-6,-7]],[[7086,2672],[-4,-3],[-2,4],[1,4],[4,4],[0,3]],[[7070,2713],[-8,8]],[[7062,2721],[-1,7],[-3,1],[3,11],[-1,2],[-8,2],[3,2],[-1,4],[3,4],[-3,4],[-1,13],[-3,3],[-6,-1],[-4,3],[-6,-8],[-5,-3],[-3,-6],[-2,1],[-3,-2],[-2,3],[-4,-1],[-5,-6],[-9,0],[-9,-10],[-5,4],[-3,0],[-9,-11],[-6,-1],[-3,-3],[-4,6],[-1,9],[-6,4],[5,3]],[[6960,2755],[0,7],[-2,1],[-1,4]],[[6957,2767],[-3,3],[-5,2]],[[6949,2772],[-6,-2],[-2,4],[2,8],[-5,3],[-4,-1],[-4,8]],[[6930,2792],[4,-3]],[[6950,2834],[-5,1],[-1,3],[2,4]],[[6986,2849],[-1,-4],[1,-1]],[[6986,2844],[7,6],[0,-6]],[[7002,2849],[0,7],[5,0]],[[7015,2867],[2,4],[7,1]],[[7028,2874],[5,-3],[4,-6]],[[7066,2821],[4,0],[4,8],[0,7],[-2,6]],[[7081,2868],[-2,1],[-12,5]],[[7047,2900],[-7,3],[0,6],[2,3],[0,4]],[[7049,2966],[12,1],[10,4],[-3,6]],[[7029,3038],[-2,3],[3,0]],[[7030,3041],[3,6]],[[6995,3118],[-7,3],[-2,11],[-9,9],[-6,-1]],[[6971,3140],[-6,3],[-1,3],[-5,-4]],[[6929,3116],[-5,-3],[-8,8]],[[6916,3121],[-6,-2],[-6,2]],[[6875,3182],[6,7],[2,4],[-2,5]],[[6881,3198],[4,13]],[[6885,3211],[2,14],[3,8]],[[6890,3233],[-1,4],[7,3]],[[6911,3281],[10,8]],[[6926,3294],[4,-1],[1,6]],[[7018,3304],[9,12],[3,-1]],[[7389,3411],[11,17],[1,4]],[[7391,3498],[-1,7],[-5,5],[1,3],[4,2]],[[7653,3471],[5,-3],[9,2]],[[7753,3525],[1,-12],[4,-5]],[[7769,3456],[-5,-6],[1,-3],[3,-2]],[[7768,3445],[8,1],[15,-3]],[[7883,3444],[1,-1],[5,0]],[[7896,3449],[18,4],[12,-4]],[[7927,3442],[6,-9],[2,-12]],[[7938,3416],[4,-5],[-2,-21]],[[7941,3383],[-4,-12],[-6,-3],[0,-3],[-3,3]],[[7923,3367],[-4,-5],[-7,0],[-5,-3]],[[7907,3359],[-1,6],[-5,1]],[[7894,3373],[-1,4],[-2,1],[-3,-2]],[[7835,3403],[-8,-8],[0,-4],[4,-1]],[[7829,3384],[2,-5],[6,5],[5,1],[2,-4]],[[7844,3381],[-2,-4],[8,-4]],[[7819,3354],[-13,0],[-1,-1]],[[7805,3353],[2,-4],[-2,-5]],[[7797,3342],[1,-7],[5,-11]],[[7798,3313],[-4,-11],[1,-2],[3,-3]],[[7862,3267],[-3,-8],[2,-4],[-16,-3]],[[7590,3062],[-2,-5],[0,-3],[2,-4],[0,-4],[2,-6]],[[7676,2859],[11,-2],[3,2]],[[7694,2858],[2,4]],[[7735,2795],[4,-12],[0,-5],[-3,-5]],[[7717,2732],[-4,-17],[2,-11]],[[7719,2703],[0,-5],[-2,-1]],[[7228,2586],[-4,-1],[-2,-2],[-3,0],[2,2],[0,5]],[[7177,2643],[4,7],[-6,11]],[[7508,1957],[-15,3],[-6,-9]],[[7433,1962],[-1,7],[-5,2]],[[7413,1975],[-2,4],[6,2]],[[7528,2171],[-1,5],[-4,4],[-2,5],[1,8]],[[7522,2193],[-2,2],[0,5],[7,6],[1,3],[-2,3]],[[7576,2292],[5,23],[4,1],[3,11]],[[7591,2329],[2,6],[7,5],[4,1],[11,-5]],[[7650,2481],[9,11],[2,6],[6,5],[8,-2]],[[7706,2483],[-1,-5],[3,-1],[6,5]],[[7719,2482],[3,2],[2,2]],[[7761,2468],[9,1],[13,13]],[[7860,2506],[-1,8],[4,1],[5,0],[6,-5]],[[7874,2510],[5,-1],[9,-7],[2,-11],[3,-2],[3,0]],[[7907,2365],[3,0],[8,-4],[2,-6],[3,-1]],[[7925,2344],[7,-11],[-2,-10]],[[7934,2264],[3,-2],[-3,-7],[3,-4]],[[7937,2243],[5,-4],[7,3]],[[7949,2242],[1,-7],[9,-9],[-1,-5],[11,-7],[2,-6],[3,4],[5,-1],[1,-3],[0,-7],[2,-2],[6,-3],[5,0],[7,-7],[8,-3],[0,-7],[4,-1],[0,-5],[-2,-2],[-9,1],[-1,-5],[-1,3],[-6,3],[3,-6],[-5,-7],[2,-4],[-2,-3],[-1,-4],[-5,-4],[-3,-7],[-6,-4],[2,-6],[-2,-4],[-11,-4],[1,-8],[-3,-4],[-4,-15],[-10,0],[-9,4],[-3,-1],[-6,-15],[2,-3],[-2,-3],[1,-3],[-3,-2],[2,-6],[-6,-5],[-4,-12],[-8,-4],[-2,-10],[-2,-2],[1,-7],[-5,-5],[0,-6],[-7,-6],[2,-10],[2,-1],[1,-4],[7,-12],[-6,-5],[-2,-8],[2,-3],[-2,-5],[4,-6],[2,0],[2,3],[3,-1],[3,-8],[-6,-10],[4,-13],[-9,-7],[-8,-11],[-3,-7],[-7,0],[-7,-11],[0,-11],[-1,-6],[0,-13],[-4,-4],[-1,-5],[-3,-4],[1,-6],[7,-4],[4,-11],[-12,-8]],[[7871,1816],[-4,3],[-2,-3],[-10,-6],[-5,2],[-3,15]],[[7702,1920],[-6,-3],[-11,2]],[[7685,1919],[-6,-16],[-9,-1],[-4,4],[-1,6]],[[7605,1959],[5,2]],[[7610,1964],[4,2],[1,10]],[[7536,1945],[-3,-6],[1,-4],[-3,-3],[-3,0]],[[7520,1939],[-2,1],[-5,12]],[[3114,4394],[-8,-2]],[[2975,4698],[-4,10],[-27,3]],[[2944,4711],[-12,-9],[-16,-5],[-34,9]],[[2835,4710],[-2,10],[-3,7],[-6,21]],[[2899,5073],[-13,5],[-1,3],[2,4]],[[2877,5117],[-1,4],[-6,6]],[[2852,5145],[-3,-2],[-6,5]],[[2843,5148],[0,2],[4,8],[2,1],[8,-2],[9,-12],[6,2],[1,7],[-5,9],[5,12],[0,13],[1,3],[13,6],[4,7],[8,-4],[4,-4],[-3,-5],[2,-5],[8,-2],[5,-6],[5,-1],[3,4],[12,8],[2,3],[9,-2],[1,1],[1,7],[-8,7],[-1,3],[2,6],[6,6],[5,11],[2,1],[4,-3],[2,3],[-5,9],[-1,5],[3,1],[11,-1],[7,2],[4,-17],[2,-3],[9,0],[5,5],[7,12],[0,8],[3,3],[11,-3],[8,26],[4,8],[4,2],[6,-5],[0,-2],[-2,-3],[-1,-4],[1,-2],[21,11],[1,9],[12,7],[0,3],[-7,7],[-6,3],[-4,8],[-3,8],[-5,5],[4,4],[4,8],[10,8],[-1,5],[-5,6],[7,14],[2,0],[3,-3],[-3,-10],[1,-3],[6,-2],[5,9],[0,5],[-5,6],[1,2],[9,5],[4,5],[10,1],[0,2],[-4,2],[-3,6],[6,3],[4,-3],[2,6],[4,0],[3,12],[-2,6],[1,2],[2,0],[4,-6],[2,0],[2,3],[4,2],[2,6],[5,5],[4,2],[3,-2],[1,-2],[-2,-9],[2,-6],[-3,-6],[0,-11],[2,-7],[4,-1],[4,5],[-2,7],[0,4],[11,8],[1,2],[-1,11],[4,4],[9,4],[2,-1],[1,-5],[3,-1],[4,6],[7,0],[-3,5],[0,4],[6,8],[7,-2],[6,4],[3,0],[3,10],[8,11],[3,0],[4,-2],[5,-8],[5,1],[4,6],[-6,5],[-1,7],[5,6],[0,6],[3,1],[6,-1],[4,-3],[3,-6],[3,7],[10,1],[0,4],[-7,2],[-2,5],[7,5],[3,0],[-1,6],[2,2],[0,4],[2,0],[5,-5],[1,3],[3,2],[11,1],[3,8],[5,5],[5,0],[1,5],[0,6],[-1,0],[-2,-2],[-3,0],[3,13],[5,1],[2,-4],[3,0],[3,9],[3,-1],[6,7],[10,7],[9,1],[7,-7],[1,5],[-3,8],[4,1],[7,-2],[3,4],[6,2],[0,7],[-2,4],[3,6],[-1,22]],[[3362,5636],[1,3],[5,4],[0,4],[3,2],[6,14],[9,-5],[5,0],[5,2],[5,6],[15,7],[9,10],[3,14],[5,10],[7,1]],[[3440,5708],[8,6],[11,29],[7,9],[4,1],[8,-9]],[[3478,5744],[0,-6],[-4,-7]],[[3474,5731],[-5,-33],[-1,-5],[-7,-8],[1,-10]],[[3462,5675],[-2,-11],[-8,0]],[[3452,5664],[5,-3],[11,1],[2,-2],[1,-7],[4,-4],[2,-4],[-3,-16],[4,-6],[2,-13],[3,-3],[9,-2],[6,3],[9,18],[3,-1],[3,-6],[-1,-8],[-7,-14],[1,-9],[9,-23],[5,-2],[5,3],[0,-11],[9,-9],[3,-15],[0,-7],[-8,-15],[-5,-20],[9,-8],[2,-18],[7,-14],[0,-7],[-4,-8],[-1,-5],[5,-3],[5,2],[6,-1],[5,-3],[6,1],[7,-5],[13,0],[12,9],[7,3],[7,7],[5,3],[2,-3],[-3,-4],[0,-3],[4,-4],[2,-13],[4,-9],[7,-3],[7,1],[10,8],[4,4],[5,10],[5,3],[4,7],[8,-4],[0,-6],[3,-6],[1,-7],[-2,-10],[-3,-5],[0,-6],[3,-8],[4,-3],[7,-20],[-6,-3],[-7,-8],[-1,1],[0,13],[-5,5],[-1,-1],[1,-4],[-3,-3],[1,-7],[-1,-1],[-2,-1],[-2,5],[-6,7],[-3,-1],[-1,-2],[1,-9],[-1,-2],[-5,0],[-4,6],[-3,0],[-1,-7],[2,-4],[0,-8],[2,-5],[-9,-4],[-3,1],[-1,4],[7,7],[-1,3],[-1,1],[-5,-1],[-7,-6],[-1,-3],[2,-8],[0,-9],[3,-4],[-1,-4],[-10,1],[0,-3],[-2,0],[-2,-4],[2,0],[1,-6],[2,1],[3,-5],[-1,-6],[1,-9],[11,1],[5,-6],[1,-4],[6,-1],[1,-3],[-5,-6],[1,-6],[2,1],[1,-6],[-3,-2],[-4,-7],[2,-5],[3,0],[3,-5],[-2,-3],[2,-5],[-2,-1],[2,-2],[1,-4],[-1,-3]],[[3643,5211],[1,-4],[5,-4]],[[3649,5203],[2,-7],[2,0]],[[3653,5196],[1,3],[3,-2],[3,1],[4,-4],[1,4],[6,3],[0,5],[4,1],[2,-1],[3,-6],[-2,-2],[1,-4],[4,-2],[1,-4],[0,-5],[3,-7],[2,0],[0,-6],[1,-5],[4,-7],[6,-3],[2,-5],[-1,-24],[2,-1],[4,4],[4,0],[3,-1],[3,-6],[0,-4]],[[3717,5118],[-3,-8],[1,-5]],[[3715,5105],[6,-5],[9,-16],[6,-3],[3,-5],[8,-1]],[[3747,5075],[7,-14],[15,-1]],[[3769,5060],[8,-5],[5,0],[8,4],[2,-2],[0,-17]],[[3792,5040],[-3,-10]],[[3789,5030],[8,-3]],[[3797,5027],[2,-4],[-12,-7]],[[3787,5016],[-5,-13]],[[3782,5003],[-5,-5],[-2,-9],[1,-10],[4,-9],[1,-7],[-1,-13],[-7,-8]],[[3773,4942],[11,-5]],[[3784,4937],[4,-4],[0,-7],[-4,-20],[-3,-10],[-3,-3],[-14,0]],[[3764,4893],[-8,5],[-6,-4],[-6,-12],[-7,-24],[-1,-13],[2,-11],[-1,-9],[2,-5],[5,-4],[10,2],[14,11],[4,-5],[2,0],[1,-3],[4,-10],[-2,-8],[0,-3],[2,-1],[-1,-5],[2,-3],[0,-9],[-3,-4],[-2,-7],[-8,-7],[0,-7],[2,-7],[-4,-1],[-10,-6],[5,-4],[6,4],[10,-2],[7,6],[4,0],[5,-9],[5,-6],[2,-7],[6,-6],[6,-4],[1,-6],[-4,-2],[-7,-1],[-3,2],[-6,-1],[-1,-3],[3,-6],[-1,-4],[-5,-5],[-2,-12],[-6,-7],[1,-13],[6,-9],[5,-9],[10,-7],[0,-8],[-3,-17],[9,-3],[1,-10],[4,-2],[7,0],[4,-4],[4,1],[4,-4],[7,-2],[-2,-2],[-11,-1],[-7,-9],[-2,-10],[1,-8],[-1,-7],[1,-9],[4,-5],[11,-4],[2,-5],[0,-8],[1,-3],[-13,-22],[0,-8],[-3,-4],[-4,-2],[-9,0],[0,-2],[-1,-10],[3,-7],[0,-4],[-3,-2],[0,-7],[2,0],[-3,-11],[3,-3],[-1,-8],[3,-2],[0,-3],[2,-3],[0,-8],[2,-2],[3,2],[2,-4],[-2,-2],[-1,-9],[-4,-2],[-1,1],[-2,-4],[-3,0],[1,-4],[3,-4],[-1,-5],[-4,0],[2,-4],[-1,-3],[-6,-1],[-7,-14],[-1,-4],[-3,-3],[-1,-8],[-3,0],[-1,-3],[-14,-1],[-3,3],[-3,-1],[-7,2],[-2,2],[0,4],[-1,0],[-1,-3],[-6,-9],[-1,-11],[-3,0],[4,-9],[-4,-9],[-3,-1],[-1,-3],[-2,-2],[-4,1],[0,-3],[-2,0],[-1,-7],[-4,-4],[-1,-3],[-4,-2],[-1,-3],[-1,1],[-1,-3],[1,-1],[-2,-3],[-5,-1],[-3,-5],[-6,0],[1,-1],[-4,-1],[-4,-8],[-1,-11],[-8,-1],[-7,-10],[-4,-2],[-4,-8],[-5,-2],[-4,2],[-1,-5],[-3,0],[-2,-4],[-3,-3]],[[3654,4208],[-1,-10]],[[3653,4198],[-7,-3],[-6,2],[2,13]],[[3172,4393],[-5,4]],[[3167,4397],[-6,-9],[-7,2],[-10,8]],[[273,4269],[7,3],[3,-1],[5,-9]],[[356,4267],[6,-1],[5,-5],[5,-8]],[[477,4205],[-4,9],[7,6]],[[516,4242],[2,3],[3,0],[2,-4],[2,2]],[[528,4242],[0,-4],[4,-1],[3,5]],[[544,4242],[2,-1],[0,2]],[[548,4242],[-1,-3],[5,1]],[[582,4256],[3,1],[5,-5]],[[613,4254],[2,-2],[1,1],[1,-2]],[[788,3780],[1,-6],[0,-5],[7,-9]],[[831,3650],[23,-22],[9,-1]],[[863,3627],[25,0],[8,3]],[[918,3658],[-2,14],[1,5],[6,1],[6,-3]],[[929,3675],[3,0],[3,-3]],[[935,3672],[8,2],[-4,5]],[[1129,3768],[9,-8],[14,1]],[[1222,3754],[27,-17],[5,-2],[12,1]],[[1328,3738],[4,-8],[2,2]],[[1334,3732],[5,-1],[0,9]],[[1380,3758],[4,0],[5,-3],[1,1]],[[1402,3848],[3,9],[-1,3]],[[1404,3860],[-3,0],[1,7],[2,3]],[[1463,3899],[2,-3],[5,3],[5,7]],[[1478,3899],[1,-8],[7,6]],[[1496,3891],[5,3],[4,-2]],[[1507,3894],[7,-5]],[[1980,3575],[-1,-2],[3,-3]],[[2242,3209],[-16,4],[-24,-2],[-17,-9],[-23,-23],[-14,-7],[-18,-1],[-10,7],[-13,-3],[-17,4],[-18,11],[-7,1],[-16,-4],[-15,-10],[-10,-2],[-40,2],[-24,-18],[-4,-7],[-1,-18],[4,-12],[0,-11],[-5,-15],[-11,-11],[-6,-16],[-6,-12],[-2,-11],[1,-11],[-2,-11],[2,-7],[8,-12],[2,-4],[-4,-39],[1,-9],[8,-26],[2,-27],[-4,-17],[-6,-14],[-12,-13],[-6,-1],[-22,19],[-25,17],[-11,8],[-6,16],[0,9],[4,22],[-2,19],[3,20],[-1,29],[1,23],[-1,5],[4,18],[-10,64],[-7,30],[-5,13],[-13,11],[-14,8],[-15,5],[-23,-2],[-8,-4],[-4,-8],[-4,-21],[-11,-37],[-12,-28],[-9,-16],[-9,-27],[-10,-12],[-23,-16],[-10,-9],[-2,-7],[-10,-3],[-7,8],[-3,-1],[-7,5],[-20,-1],[-3,2],[-10,19],[-5,6],[-12,25],[-1,9],[1,5],[-5,19],[-8,20],[-9,16],[-2,9],[-12,29],[-1,27],[-7,46],[1,50],[8,31],[2,20],[11,13],[8,1],[11,-4],[4,1],[9,8],[0,2],[1,26],[-3,6],[-8,7],[-6,2],[-14,-1],[-14,3],[-13,-5],[-16,-12],[-3,-6],[-3,-2],[-18,-6],[-70,5],[-9,3],[-12,5],[-19,17],[-12,12],[-2,5],[-4,23],[-3,7],[-10,7],[-33,10],[-7,-7],[-19,2],[-15,-5],[-13,-5],[-12,-12],[-8,-3],[-38,-2],[-1,4],[-8,-2],[-23,0],[-19,6],[-44,2],[-16,-8],[-20,0],[-11,-2],[-18,-16],[-4,3],[-25,-1],[-15,9],[-37,16],[-14,4],[-7,0],[-30,-7],[-14,1],[-25,12],[-29,33],[-16,12],[-30,3],[-28,-6],[-10,4],[-3,3],[-17,6],[-10,1],[-8,0],[-20,-11],[-6,-1],[-36,10],[-10,-1],[-9,-6],[-35,8],[-6,3],[-4,12],[-7,4],[-3,5],[-4,1],[-6,9],[-9,10],[-5,10],[-20,22],[-9,5],[-12,3],[-26,16],[-8,-1],[-7,-5],[-11,-12],[-16,-1],[-9,-4],[-16,-11],[-12,-4],[-10,1],[-8,-5],[-26,-47],[-13,-8],[-13,-12],[-10,-23],[-9,-14],[-20,-9],[-26,-6],[-23,-11],[-43,-9],[-12,-6],[-19,-18],[-17,-9],[-13,-4],[-10,-14],[-9,-9],[-3,-1],[-19,1],[-10,-5],[-2,-4],[-1,-6],[-12,-10],[-8,-4],[-12,-19],[-5,-3],[-8,2],[-6,-5],[-11,-24],[-14,-23],[-3,-9],[-9,15],[-7,30],[1,5],[6,9],[4,10],[1,30],[-3,10],[-9,20],[-2,6],[-1,10],[10,28],[7,12],[2,9],[1,12],[-18,41],[-1,16],[2,22],[-5,39],[-3,6],[-9,12],[-3,7],[0,6],[10,18],[1,5],[-2,6],[-11,12],[-3,6],[1,10],[6,9],[-1,7],[1,25],[14,36],[9,9],[2,9],[4,8],[2,9],[10,22],[4,25],[3,4],[9,5],[11,-1],[6,-2],[8,-9],[8,-1],[6,3],[6,10],[1,11],[-1,15],[-6,19],[-29,48],[0,19],[6,9],[6,6],[13,4],[15,-5],[11,-7],[15,-3],[36,-20],[5,-1],[7,3],[8,10],[2,8],[-2,11],[-11,15],[-19,18],[-7,10],[-6,12],[-1,9],[1,6],[3,7],[10,14],[7,16],[10,31],[5,27],[15,41],[5,7],[13,10],[11,17],[3,2],[11,0],[6,12],[16,12],[2,6],[3,25]],[[7395,4378],[2,0],[6,-14]],[[7181,4398],[-6,18],[-5,3]],[[7137,4440],[-4,0],[-3,4]],[[7130,4444],[-5,1],[-6,-1],[-8,-5]],[[7111,4416],[3,-3],[0,-3],[-8,-13]],[[7047,4384],[-10,-9]],[[6966,4353],[-15,3]],[[6942,4365],[5,14],[3,4]],[[6924,4405],[-13,5],[-5,5],[1,7]],[[6929,4464],[-5,14],[4,7]],[[7061,5231],[5,7],[-2,9]],[[7058,5249],[1,6],[-1,1]],[[6978,5301],[-3,-11],[-7,-4],[-3,3],[-5,14]],[[6960,5303],[-3,4],[-2,5]],[[6955,5312],[4,16],[0,4],[-3,5],[-4,3]],[[6952,5340],[-7,13],[2,9]],[[6977,5348],[2,2],[0,4]],[[6982,5354],[2,4],[0,4]],[[6990,5378],[2,3],[1,6],[-3,3]],[[7113,5554],[4,4],[3,15]],[[7120,5583],[3,3],[13,-3]],[[7301,5533],[8,-10]],[[7309,5523],[-1,-3],[-10,-10]],[[7253,5455],[-4,-12],[-2,-17]],[[7247,5426],[-8,-17],[2,-7]],[[7241,5402],[-2,-4],[0,-4],[3,-3]],[[7266,5337],[3,-6],[3,-2]],[[7292,5347],[6,0],[3,-4]],[[7300,5339],[5,-2],[5,-11]],[[7310,5305],[-5,-7],[-1,-7],[8,-30],[-5,-7]],[[7307,5254],[0,-8],[-5,-5]],[[7299,5241],[0,-5],[-3,-2],[2,-4]],[[7295,5216],[-4,-4]],[[7270,5213],[-5,-2],[-3,1],[1,-6]],[[7253,5163],[-1,-6],[3,-4]],[[7265,5117],[5,-20],[-2,-4]],[[7280,4980],[8,-8],[-1,-8]],[[7310,4911],[6,-5],[3,-5],[1,-8]],[[7327,4891],[4,-4],[6,1],[4,3],[8,1]],[[7349,4892],[1,2],[0,5]],[[7414,4943],[5,5],[3,1]],[[7542,4849],[10,-5],[22,10],[7,-3]],[[7593,4840],[8,-2],[5,-7]],[[7564,4817],[-7,1],[-1,-2]],[[7553,4806],[-8,-8],[-4,1],[-4,7]],[[7522,4797],[-4,-4],[0,-7]],[[7517,4738],[4,-9],[-1,-3],[3,-19]],[[7526,4692],[4,-6],[-3,-14]],[[7530,4661],[2,-3],[4,1]],[[7536,4659],[2,-3],[4,1],[5,8]],[[7560,4697],[9,5],[3,-2]],[[7574,4694],[11,4],[2,-2]],[[7588,4690],[5,1],[2,-1],[-2,-6]],[[7582,4624],[-6,-10],[3,-3]],[[7587,4586],[-4,-14]],[[7583,4572],[1,-3],[1,-9],[-3,-3],[-4,1],[-8,-1]],[[7570,4557],[-2,3],[-6,0]],[[7535,4531],[-2,-6],[-2,0],[-15,9]],[[7432,4602],[-5,-3],[-4,0]],[[7415,4621],[-5,3],[-3,4],[-3,0]],[[7399,4624],[-9,-2],[-2,1]],[[7384,4634],[-2,0],[-5,-5],[-3,-5]],[[7374,4624],[2,-6],[-2,-7]],[[7374,4611],[9,-4],[1,-7],[-8,-5]],[[7389,4556],[1,-15],[-9,-11]],[[7363,4494],[2,-8],[11,-4]],[[7363,4425],[0,-7],[2,-4],[2,-4]],[[6620,2343],[-9,-14]],[[6394,2344],[-3,0],[-1,0]],[[6372,2302],[-1,-4],[-2,0],[-3,-2]],[[6366,2296],[-6,2],[-6,6]],[[6329,2333],[-2,11],[-8,5]],[[6319,2349],[-1,12],[1,10],[-14,17]],[[6304,2404],[-4,-2],[-4,4]],[[6296,2406],[-1,5],[2,1],[0,2]],[[6292,2434],[0,7]],[[6292,2441],[2,1],[3,6]],[[6624,2683],[11,-7],[6,5]],[[6642,2687],[11,4]],[[6735,2655],[7,-3],[1,-6]],[[6756,2644],[7,1],[6,-4]],[[6776,2640],[5,-4],[10,4]],[[6791,2640],[4,6],[-8,17]],[[6787,2663],[0,12],[0,3]],[[6853,2732],[9,-1]],[[6922,2791],[8,1]],[[6949,2772],[8,-5]],[[6957,2767],[0,-4],[4,-2],[-1,-6]],[[7062,2721],[5,-4]],[[7061,2702],[-2,-9],[-5,4]],[[7051,2706],[-3,-2],[-4,4],[-4,-1],[-2,-2],[-1,-11],[-3,-1]],[[7031,2659],[-1,-7],[3,-5]],[[7033,2647],[0,-10],[10,-10]],[[7048,2594],[4,-4],[7,-2],[8,-6]],[[7068,2578],[0,-5],[-3,-3]],[[7037,2555],[-3,-13],[1,-4],[8,-4]],[[7043,2534],[1,-4]],[[7044,2530],[-5,2],[-10,-2]],[[6974,2520],[-6,7]],[[6968,2527],[-3,-4],[-6,-15]],[[6951,2504],[-3,0],[-1,-5]],[[6947,2499],[-4,-3],[-3,-6],[0,-5],[-1,-2],[1,-8],[5,-6]],[[6923,2425],[-4,-4],[0,-4],[2,-3]],[[6914,2394],[11,-6],[1,-7]],[[6926,2381],[-1,2],[-5,-2]],[[6701,2321],[-9,2],[-2,9]],[[6686,2362],[-4,2],[-4,-1],[-4,-9]],[[6632,2369],[-4,-3],[-2,-3],[1,-7]],[[3936,4142],[-1,-6],[-2,0],[-2,5],[-3,2]],[[3913,4154],[-3,6],[-5,-5]],[[3668,4184],[-5,0],[-6,2],[2,7]],[[3660,4203],[-3,3],[-3,-2],[0,4]],[[3764,4893],[10,-1],[4,2],[4,5],[6,33],[-4,5]],[[3773,4942],[8,9],[0,16],[-5,14],[0,13],[1,5],[5,4]],[[3787,5016],[11,5],[1,4],[-2,2]],[[3797,5027],[-6,1],[-2,2]],[[3792,5040],[0,14],[-1,5],[-12,-4],[-6,1],[-4,4]],[[3769,5060],[-14,1],[-8,14]],[[3715,5105],[-1,6],[3,7]],[[3653,5196],[-3,1],[-1,6]],[[3649,5203],[-5,5],[-1,3]],[[3452,5664],[8,1],[2,10]],[[3474,5731],[4,9],[0,4]],[[3478,5744],[-1,3],[-5,5],[-3,1],[-7,-6],[-8,-12],[-6,-20],[-8,-7]],[[3362,5636],[1,-17],[-3,-5],[-1,4],[-4,3],[-1,9],[-6,1],[-1,2],[4,0],[-1,2],[1,1],[0,3],[-2,1],[4,5],[-2,0],[1,2],[-2,1],[2,2],[-3,2],[1,2],[-2,-1],[-1,2],[-3,2],[-1,-1],[-2,2],[0,-3],[-4,2],[-1,6],[-1,0],[1,2],[-2,-1],[-2,3],[1,1],[2,-2],[1,3],[-2,2],[-4,-2],[1,4],[-1,1],[1,1],[-2,0],[2,3],[-2,0],[1,4],[-2,-1],[-1,3],[2,1],[-1,1],[1,2],[4,0],[0,3],[3,1],[0,6],[2,2],[-4,2],[2,6],[-5,3],[1,2],[-5,-2],[0,5],[-1,-1],[-1,3],[-4,-1],[0,4],[-3,0],[0,3],[-2,1],[1,4],[1,1],[-2,2],[1,3],[-1,1],[-1,4],[-1,-4],[-1,3],[-1,-2],[-1,0],[2,2],[-2,1],[1,5],[-2,1],[3,0],[0,4],[-2,2],[-2,-2],[0,2],[-1,1],[1,4],[0,-2],[2,1],[0,2],[-2,2],[3,1],[-1,2],[3,2],[-6,5],[2,3],[-1,0],[2,2],[-2,0],[0,4],[1,1],[-1,1],[-3,3],[-1,-2],[-2,3],[-2,-3],[-3,3],[-1,-1],[0,6],[1,0],[-1,2],[-1,-1],[0,6],[-1,0],[1,2],[-1,4],[4,3],[-1,0],[0,5],[2,0],[-1,2],[2,1],[-2,1],[0,4],[-2,1],[0,-2],[-1,1],[1,7],[1,0],[-2,3],[1,3],[-3,1],[0,4],[-4,6],[0,5],[-2,0],[0,2],[2,0],[-1,5],[-6,5],[1,4],[2,-1],[2,1],[-1,1],[4,2],[1,10],[3,-1],[-1,2],[1,0],[2,-2],[0,2],[5,1],[0,6],[-3,0],[0,3],[-3,0],[2,3],[3,-1],[1,8],[2,-2],[2,3],[-2,2],[-1,-1],[-1,2],[-3,0],[0,9],[5,0],[-2,4],[3,-1],[0,3],[3,3],[3,0],[1,3],[-3,1],[5,5],[1,3],[1,-2],[0,2],[2,-1],[1,3],[-3,4],[-1,5],[2,2],[0,2],[-5,0],[1,5],[-3,-2],[1,3],[-1,6],[2,5],[3,0],[-1,3],[3,-2],[0,2],[1,0],[1,4],[1,-1],[0,2],[3,2],[2,-1],[0,3],[2,-2],[0,4],[5,3],[0,3],[2,2],[2,11],[1,1],[-1,1],[1,2],[-2,0],[0,10],[10,11],[0,-3],[1,2],[2,-1],[-2,2],[3,3],[0,4],[1,-1],[2,2],[1,-2],[2,2],[1,0],[1,-2],[0,1],[3,-1],[1,3],[2,0],[0,2],[2,-1],[0,3],[2,-2],[2,5],[3,0],[-1,1],[3,0],[-1,10],[-2,4],[-2,0],[1,1],[-2,4],[-3,-1],[0,3],[2,2],[-2,1],[0,7],[1,5],[4,6],[3,1],[0,2],[2,-1],[5,20],[-2,5],[1,4],[-6,13],[-4,2],[-3,16],[-3,6],[-4,5],[-2,5],[-15,14],[-5,10],[-1,7]],[[3375,6265],[0,2],[6,-2]],[[3541,6178],[7,-15],[10,-11],[1,-7]],[[3563,6144],[3,2],[3,7]],[[3637,6239],[2,8],[9,2]],[[3662,6263],[3,7],[6,-1]],[[3679,6275],[20,7],[3,-1]],[[3702,6281],[7,-10],[10,-3],[6,-14]],[[3734,6250],[1,-4],[-1,-8]],[[3734,6238],[-8,-15],[-2,-9]],[[3727,6124],[15,-15],[8,-1]],[[3889,6137],[2,-1],[0,2]],[[3987,6230],[-7,-8],[0,-3]],[[3986,6223],[1,-4]],[[3984,6218],[3,-2],[0,-3],[2,0]],[[3964,6068],[-7,-8],[4,-2]],[[3967,6063],[2,-7],[2,-1]],[[3971,6055],[1,2],[2,-1],[2,-4]],[[3976,6052],[0,-3],[-5,0]],[[3971,6049],[-2,-2],[0,4],[-1,1]],[[3968,6052],[-5,-3],[1,-3]],[[3962,5695],[5,6],[5,-4]],[[3971,5693],[3,-4],[1,-6]],[[3972,5665],[2,-5],[-1,-3],[4,-4]],[[3977,5653],[14,-1],[4,4],[3,1],[5,-2],[5,-6]],[[4013,5649],[3,2],[0,3]],[[4012,5661],[-2,9],[-8,5],[2,8]],[[3995,5693],[3,9],[4,2],[6,1]],[[4046,5675],[2,-3],[3,1],[8,8]],[[4154,5757],[6,2],[0,4]],[[4164,5776],[-1,12],[-2,5]],[[4144,5827],[-3,6],[-1,6]],[[4228,5978],[2,-3],[3,-12]],[[4933,5803],[9,18],[6,7],[13,5]],[[4995,5840],[2,-2]],[[4997,5838],[2,-20],[-5,-5]],[[5144,5707],[2,-1],[1,-7]],[[5153,5693],[3,-7],[-1,-2],[2,-2],[4,0]],[[5162,5678],[5,-4],[6,-2]],[[5173,5672],[4,2],[1,2],[-3,2],[0,3]],[[5217,5670],[1,2],[-2,2]],[[5222,5676],[1,3],[2,1],[3,-7],[0,-9]],[[5235,5619],[-17,-11],[-2,-8],[11,-20]],[[5227,5580],[4,-6],[8,-13],[2,-13]],[[5239,5539],[-4,-7],[0,-9]],[[5235,5523],[-6,-7],[-3,1],[-9,12]],[[5217,5529],[-21,11],[-6,-1],[-7,-10],[-3,-10],[1,-9]],[[5171,5418],[-7,-8]],[[5153,5415],[-9,8],[-4,-4]],[[4949,5301],[-6,-3],[1,-4]],[[4931,5285],[1,-5],[-7,-1]],[[4925,5279],[1,-3],[-1,-1],[-9,-4]],[[4912,5267],[-4,3],[-3,-2],[-3,-7]],[[4902,5261],[-3,-1],[-3,-3],[-4,0],[-2,-3],[0,-2]],[[4892,5249],[-4,-2],[2,-4]],[[4874,5227],[-2,-1],[3,-6]],[[4839,5182],[-1,-1],[1,-4]],[[4839,5177],[-3,-9],[5,3]],[[4841,5171],[1,-2],[-2,-2],[1,-3]],[[4828,5142],[-4,-1],[1,-1]],[[4825,5140],[4,1],[3,-2],[0,-5]],[[4828,5134],[-3,-5],[0,-2]],[[4828,5129],[6,-4],[0,-3],[-5,-4],[2,0]],[[4830,5116],[1,-7],[-4,3]],[[4827,5112],[-2,-4],[-2,2]],[[4265,4678],[-10,-22],[-13,-20],[-9,-2],[-15,2]],[[4053,4623],[-16,-3],[0,-3]],[[4043,4613],[3,0],[0,-2]],[[4133,4449],[2,-3],[0,-1]],[[4135,4445],[6,-2],[0,-2]],[[4142,4438],[-2,-5],[1,-8],[-7,-3]],[[4103,4399],[-10,-1],[-8,-4],[-3,-6],[-2,-8],[1,-7]],[[4035,4317],[-8,-13],[-1,-10],[5,-20],[3,-6]],[[4053,4212],[-6,-11],[3,-5]],[[4062,4160],[4,-7]],[[4031,4126],[-6,6],[-4,-1]],[[4002,4142],[-6,2],[-5,-2]]],"bbox":[-51.0460818,-22.9227553,-39.8568289,-14.2331807],"transform":{"scale":[0.0011190371937193726,0.0008690443644364435],"translate":[-51.0460818,-22.9227553]}}