{"type":"Topology","objects":{"collection":{"type":"GeometryCollection","geometries":[{"type":"Polygon","arcs":[[0,1,2,3,4,5,6,7,8,9,10,11,12,13,14,15,16,17,18,19,20,21,22,23,24,25,26,27,28,29,30,31,32,33,34,35,36,37,38,39,40,41,42,43,44,45,46,47,48,49,50,51,52,53,54,55,56,57,58,59,60,61,62,63,64,65,66,67,68,69,70,71,72,73,74,75,76,77,78,79,80,81,82,83,84,85,86,87,88,89,90,91,92,93,94,95,96,97,98,99,100,101,102,103,104,105,106,107]],"properties":{"Macrorregiao_Saude":"NORDESTE","Regionalização pop. 2025 — RegionalizaçãoMG2025_Macrorregião de Saúde":"NORDESTE","Hospitais_de_Referencia_Macrorregiao":["Hospital Bom Samaritano (Teófilo Otoni – oncologia)","Hospital Regional de Teófilo Otoni – HRTO (trauma, neurocirurgia, ortopedia, queimados, AVC – referência macrorregional)","Hospitais de Nanuque e Almenara (conforme regulação regional)"],"Hospitais_de_Referencia_Macrorregiao_Texto":"Hospital Bom Samaritano (Teófilo Otoni – oncologia) | Hospital Regional de Teófilo Otoni – HRTO (trauma, neurocirurgia, ortopedia, queimados, AVC – referência macrorregional) | Hospitais de Nanuque e Almenara (conforme regulação regional)","name":"NORDESTE"}},{"type":"MultiPolygon","arcs":[[[108,109,110,111,112,113,114,115,116,117,118,119,120,121,122,123,124,125,126,127,128,129,130,131,132,133,134,135,136,137,138,139,140,141,142,143,144,145,146,147,148,149,150,151,152,153,154,155,156,157,158,159,160,161,162,163,164,165,166,167,168,169,170,171,172,173,174,175,176,177,178,179,180,181,182,183,184,185,186,187,188,189,190,191,192,193]],[[194,195,196,197,198,199,200,201,202,203,204,205,206,207,208,209,210,211,212]]],"properties":{"Macrorregiao_Saude":"VALE DO AÇO","Regionalização pop. 2025 — RegionalizaçãoMG2025_Macrorregião de Saúde":"VALE DO AÇO","Hospitais_de_Referencia_Macrorregiao":["Hospital Márcio Cunha (Ipatinga – referência macrorregional)","Hospitais de Caratinga e Coronel Fabriciano/Timóteo"],"Hospitais_de_Referencia_Macrorregiao_Texto":"Hospital Márcio Cunha (Ipatinga – referência macrorregional) | Hospitais de Caratinga e Coronel Fabriciano/Timóteo","name":"VALE DO AÇO"}},{"type":"Polygon","arcs":[[213,214,215,216,217,218,219,220,221,222,223,224,225,226,227,228,229,230,231,232,233,234,235,236,237,238,239,240,241,242,243,244,245,246,247,248,249,250,251,252,253,254,255,256,257,258,259,260,261,262,263,264,265,266,267,268,269,270,271,272,273,274,275,276,277,278,279,280,281,282,283,284,285,286,287,288,289,290,291,292,293,294,295,296,297,298,299,300,301,302,303,304,305,306,307,308,309,310,311,312,313,314,315,316,317,318,319,320,321,322,323,324,325,326,327,328,329,330,331,332,333,334,335,336,337,338,339,340,341,342,343,344,345,346,347,348,349,350,351,352,353,354,355,356,357,358,359,360,361,362,363,364,365,366,367,368]],"properties":{"Macrorregiao_Saude":"SUL","Regionalização pop. 2025 — RegionalizaçãoMG2025_Macrorregião de Saúde":"SUL","Hospitais_de_Referencia_Macrorregiao":["Hospitais polos de Varginha","Hospital Universitário Alfenas / HAVelano (Alfenas)","Hospitais de Três Corações e São Lourenço (conforme regulação CISSUL)"],"Hospitais_de_Referencia_Macrorregiao_Texto":"Hospitais polos de Varginha | Hospital Universitário Alfenas / HAVelano (Alfenas) | Hospitais de Três Corações e São Lourenço (conforme regulação CISSUL)","name":"SUL"}},{"type":"Polygon","arcs":[[369,370,371,372,373,374,375,376,377,378,379,380,381,382,383,384,385,386,387,388,389,390,391,392,393,394,395,396,397,398,399,400,401,402,403,404,405,406,407,408,409,410,411,412,413,414,415,416,417,418,419,420,421,422,423,424,425,426,427,428,429,430,431,432,433,434,435,436,437,438,439,440,441,442,443,444,445,446,447,448,449,450,451,452,453,454,455,456,457,458,459,460,461,462,463,464,465,466,467,468,469,470,471,472,473,474,475,476,477,478,479,480,481,482,483,484,485,486,487,488,489,490,491,492,493,494,495]],"properties":{"Macrorregiao_Saude":"TRIÂNGULO DO SUL","Regionalização pop. 2025 — RegionalizaçãoMG2025_Macrorregião de Saúde":"TRIÂNGULO DO SUL","Hospitais_de_Referencia_Macrorregiao":["Hospital de Clínicas de Uberaba / HC-UFTM (Uberaba)","Regulação para Uberlândia quando necessário"],"Hospitais_de_Referencia_Macrorregiao_Texto":"Hospital de Clínicas de Uberaba / HC-UFTM (Uberaba) | Regulação para Uberlândia quando necessário","name":"TRIÂNGULO DO SUL"}},{"type":"Polygon","arcs":[[496,497,498,499,500,501,502,503,504,505,506,507,508,509,510,511,512,513,514,515,516,517,518,519,520,521,522,523,524,525,526,527,528,529,530,531,532,533,534,535,536,537,538,539,540,541,542,543,544,545,546,547,548,549,550,551,552,553,554,555,556,557,558,559,560,561,562,563,564,565,566,567,568,569,570,571,572,573,574,575,576,577,578,579,580,581,582,583,584,585,586,587,588,589,590,591,592,593,594,595,596,597,598,599,600,601,602,603,604,605,606,607,608,609,610,611,612,613,614,-91,615,-89,616,-87,617,-85,618,619,-82,620,621,-79,622,-77,623,-75,624,625,626,-71,627,628,-68,629,-66,630,-64,631,-62,632,-60,633,-58,634,635,-55,636,-53,637,638,639,640,641,642,643,644,645,646,647,648,649,650,651,652,653,654,655,656,657,658,659,660,661,662,663,664,665],[666]],"properties":{"Macrorregiao_Saude":"NORTE","Regionalização pop. 2025 — RegionalizaçãoMG2025_Macrorregião de Saúde":"NORTE","Hospitais_de_Referencia_Macrorregiao":["Hospital das Clínicas Dr. Mário Ribeiro da Silveira (Montes Claros)","Santa Casa de Misericórdia de Montes Claros (AVC Tipo III e urgências)","Hospital Regional de Janaúba","Hospital Dr. Moisés Magalhães Freire (Pirapora)","Hospital Municipal Dr. Oswaldo Prediliano Santana (Salinas)","Hospital Santo Antônio (Taiobeiras)"],"Hospitais_de_Referencia_Macrorregiao_Texto":"Hospital das Clínicas Dr. Mário Ribeiro da Silveira (Montes Claros) | Santa Casa de Misericórdia de Montes Claros (AVC Tipo III e urgências) | Hospital Regional de Janaúba | Hospital Dr. Moisés Magalhães Freire (Pirapora) | Hospital Municipal Dr. Oswaldo Prediliano Santana (Salinas) | Hospital Santo Antônio (Taiobeiras)","name":"NORTE"}},{"type":"Polygon","arcs":[[-416,667,-414,668,-412,669,670,-409,671,-407,672,-405,673,674,675,676,-400,677,-398,678,679,-395,680,-393,681,-391,682,-389,683,-387,684,-385,685,686,-382,687,-380,688,-378,689,-376,690,-374,691,-372,692,-370,693,694,695,696,697,698,699,700,701,702,703,704,705,706,707,708,709,710,711,712,713,714,-459,715,-457,716,717,718,719,-452,720,-450,721,-448,722,-446,723,724,-443,725,726,-440,727,-438,728,-436,729,730,731,-432,732,-430,733,-428,734,-426,735,-424,736,-422,737,-420,738,-418,739]],"properties":{"Macrorregiao_Saude":"TRIÂNGULO DO NORTE","Regionalização pop. 2025 — RegionalizaçãoMG2025_Macrorregião de Saúde":"TRIÂNGULO DO NORTE","Hospitais_de_Referencia_Macrorregiao":["Hospital de Clínicas da UFU (Uberlândia – alta complexidade, trauma, IAM, AVC)","Hospitais de Araguari e Ituiutaba"],"Hospitais_de_Referencia_Macrorregiao_Texto":"Hospital de Clínicas da UFU (Uberlândia – alta complexidade, trauma, IAM, AVC) | Hospitais de Araguari e Ituiutaba","name":"TRIÂNGULO DO NORTE"}},{"type":"Polygon","arcs":[[740,741,742,743,744,745,746,747,748,749,750,751,752,753,754,755,756,757,758,759,-652,760,-650,761,762,-647,763,-645,764,-643,765,-641,766,767,-48,768,-46,769,-44,770,-42,771,-40,772,773,774,-36,775,776,777,778,779,780,781,782,783,784,785,786,787,788,789,790,791,792,793,794,795,796,797,798,799,800,801,802,803,804,805,806,807,808,809,810,811,812,813,814,815,816,817,818,819,820,821,822,823,824,825,826,827,828,829,830,831,832,833,834,835,836,837,838,839]],"properties":{"Macrorregiao_Saude":"JEQUITINHONHA","Regionalização pop. 2025 — RegionalizaçãoMG2025_Macrorregião de Saúde":"JEQUITINHONHA","Hospitais_de_Referencia_Macrorregiao":["Santa Casa de Caridade de Diamantina","Hospitais de Araçuaí e Capelinha (conforme regulação)"],"Hospitais_de_Referencia_Macrorregiao_Texto":"Santa Casa de Caridade de Diamantina | Hospitais de Araçuaí e Capelinha (conforme regulação)","name":"JEQUITINHONHA"}},{"type":"Polygon","arcs":[[840,841,842,843,844,845,846,847,848,849,850,-256,851,-254,852,-252,853,854,-249,855,-247,856,-245,857,-243,858,859,-240,860,-238,861,-236,862,-234,863,-232,864,865,-229,866,-227,867,-225,868,-223,869,-221,870,-219,871,-217,872,-215,873,-369,874,-367,875,-365,876,-363,877,-361,878,-359,879,880,-356,881,-354,882,-352,883]],"properties":{"Macrorregiao_Saude":"EXTREMO SUL","Regionalização pop. 2025 — RegionalizaçãoMG2025_Macrorregião de Saúde":" EXTREMO SUL","Hospitais_de_Referencia_Macrorregiao":["Complexo Hospitalar Samuel Libânio (Pouso Alegre)","Hospital de Clínicas de Itajubá (AISI)","Santa Casa de Misericórdia de Poços de Caldas"],"Hospitais_de_Referencia_Macrorregiao_Texto":"Complexo Hospitalar Samuel Libânio (Pouso Alegre) | Hospital de Clínicas de Itajubá (AISI) | Santa Casa de Misericórdia de Poços de Caldas","name":"EXTREMO SUL"}},{"type":"Polygon","arcs":[[-337,884,-335,885,-333,886,-331,887,-329,888,-327,889,-325,890,-323,891,-321,892,893,-318,894,-316,895,-314,896,897,898,899,900,901,902,903,904,905,906,907,908,909,910,911,912,913,914,915,916,917,918,919,920,921,922,923,924,925,926,927,928,929,930,931,932,933,934,935,936,937,938,939,940,941,942,943,944,945,946,947,948,949,950,951,952,953,954,955,956,957,-345,958,959,-342,960,961,-339,962]],"properties":{"Macrorregiao_Saude":"CENTRO SUL","Regionalização pop. 2025 — RegionalizaçãoMG2025_Macrorregião de Saúde":"CENTRO SUL","Hospitais_de_Referencia_Macrorregiao":["Hospital Regional de Barbacena Dr. José Américo (trauma, ortopedia, queimados, AVC)","Hospital Regional de Conselheiro Lafaiete (previsão entrega 2026)","Hospital e Maternidade São José (Conselheiro Lafaiete)","Santa Casa de Misericórdia de São João del Rei"],"Hospitais_de_Referencia_Macrorregiao_Texto":"Hospital Regional de Barbacena Dr. José Américo (trauma, ortopedia, queimados, AVC) | Hospital Regional de Conselheiro Lafaiete (previsão entrega 2026) | Hospital e Maternidade São José (Conselheiro Lafaiete) | Santa Casa de Misericórdia de São João del Rei","name":"CENTRO SUL"}},{"type":"Polygon","arcs":[[-170,963,964,-167,965,-165,966,-163,967,-161,968,-159,969,970,971,972,973,974,975,976,977,978,979,980,981,982,983,984,985,986,987,988,989,990,991,992,993,994,995,996,997,998,999,1000,1001,1002,1003,1004,-802,1005,-800,1006,1007,-797,1008,-795,1009,-793,1010,-791,1011,-789,1012,-787,1013,-785,1014,-783,1015,-781,1016,-779,1017,-777,1018,-34,1019,1020,-31,1021,-29,1022,-27,1023,-25,1024,-23,1025,-21,1026,1027,-18,1028,-16,1029,-14,1030,1031,1032,-10,1033,-8,1034,-6,1035,-4,1036,-2,1037,-108,1038,-106,1039,-104,1040,1041,-101,1042,-99,1043,1044,-96,1045,-94,1046,1047,1048,1049,1050,1051,1052,1053,1054,1055,1056,1057,1058,1059,1060,1061,1062,1063,-185,1064,-183,1065,-181,1066,-179,1067,1068,-176,1069,-174,1070,-172,1071]],"properties":{"Macrorregiao_Saude":"LESTE","Regionalização pop. 2025 — RegionalizaçãoMG2025_Macrorregião de Saúde":"LESTE","Hospitais_de_Referencia_Macrorregiao":["Hospital Municipal de Governador Valadares (referência regional atual)","Hospital Regional de Governador Valadares – HRGV (em construção, 226 leitos, trauma/AVC/UTI – referência para 51 municípios, previsão 2026)"],"Hospitais_de_Referencia_Macrorregiao_Texto":"Hospital Municipal de Governador Valadares (referência regional atual) | Hospital Regional de Governador Valadares – HRGV (em construção, 226 leitos, trauma/AVC/UTI – referência para 51 municípios, previsão 2026)","name":"LESTE"}},{"type":"Polygon","arcs":[[1072,1073,1074,1075,1076,1077,1078,1079,1080,1081,1082,1083,1084,1085,1086,1087,1088,1089,1090,1091,1092,1093,1094,1095,1096,1097,1098,1099,1100,1101,1102,1103,1104,1105,1106,1107,1108,1109,1110,1111,1112,1113,1114,1115,1116,1117,1118,1119,1120,1121,1122,1123,1124,1125,1126,1127,1128,-503,1129,1130,-500,1131,1132,1133,-666,1134,1135,1136,-662,1137,1138,1139,1140,-657,1141,-655,1142,-758,1143,-756,1144,-754,1145,1146,-751,1147,-749,1148,1149,-746,1150,-744,1151,-742,1152,1153,1154,-838,1155,-836,834,-834,1156,-832,1157,-830,1158,1159,1160,1161,1162,-824,1163,-822,1164,-820,1165,-818,1166,-816,1167,1168,1169,-812,1170,-810,1171,-808,1172,-806,1173,1174,-1003,1175,-1001,1176,-999,1177,1178,-996,1179,-994,1180,-992,1181,1182,-989,1183,-987,1184,-985,1185,-983,1186,-981,1187,1188,-978,1189,-976,1190,-974,1191,1192,-971,1193,1194,1195,-155,1196,-153,1197,1198,1199,-149,1200,-147,1201,-145,1202,1203,-142,1204,-140,1205,1206,-137,1207,-135,1208,-133,1209,-131,1210,-129,1211,-127,1212,-125,1213,-123,1214,-121,1215,-119,1216,-117,1217,1218,1219,-113,1220,-111,1221,1222,1223,1224,1225,1226,1227,1228,1229,1230,1231,1232,1233,1234,1235,1236,1237,1238,1239,1240,1241,1242,1243,1244,1245,1246,1247,1248,1249,1250,1251,1252,1253,1254,1255,1256,1257,1258,1259,1260,1261,1262,1263,1264,-915,1265,-913,1266,-911,1267,-909,1268,-907,1269,1270,1271,1272,1273,1274,1275,1276]],"properties":{"Macrorregiao_Saude":"CENTRO","Regionalização pop. 2025 — RegionalizaçãoMG2025_Macrorregião de Saúde":"CENTRO","Hospitais_de_Referencia_Macrorregiao":["Hospitais de Belo Horizonte via SUS Fácil (Hospital João XXIII, Hospital das Clínicas da UFMG, Santa Casa de BH, Hospital Risoleta Tolentino Neves, Hospital Júlia Kubitschek, Hospital Metropolitano Dr. Célio de Castro e demais)","Hospitais da RMBH (Betim, Contagem, Ibirité, Sete Lagoas) conforme grade pactuada"],"Hospitais_de_Referencia_Macrorregiao_Texto":"Hospitais de Belo Horizonte via SUS Fácil (Hospital João XXIII, Hospital das Clínicas da UFMG, Santa Casa de BH, Hospital Risoleta Tolentino Neves, Hospital Júlia Kubitschek, Hospital Metropolitano Dr. Célio de Castro e demais) | Hospitais da RMBH (Betim, Contagem, Ibirité, Sete Lagoas) conforme grade pactuada","name":"CENTRO"}},{"type":"Polygon","arcs":[[1277,1278,-469,1279,-467,1280,-465,1281,-463,1282,-712,1283,-710,1284,-708,1285,-706,1286,-704,1287,1288,1289,-700,1290,-698,1291,1292,-695,1293,-614,1294,-612,1295,-610,1296,1297,-607,1298,-605,1299,1300,-602,1301,-600,1302,-598,1303,-596,1304,-594,1305,-592,1306,-590,1307,-588,1308,-586,1309,-584,1310,-582,1311,1312,-579,1313,1314,1315,-575,1316,1317,-572,1318,-570,1319,1320,-567,1321,-565,1322,-563,1323,1324,-560,1325,-558,1326,-556,1327,1328,1329,1330,-551,1331,-549,1332,-547,1333,-545,1334,-543,1335,1336,-540,1337,1338,1339,-536,1340,1341,-533,1342,-531,1343,-529,1344,1345,-526,1346,-524,1347,-522,1348,-520,1349,-518,1350,-516,1351,-514,1352,-512,1353,1354,-509,1355,-507,1356,-1126,1357,1358,-1123,1359,1360,-1120,1361,-1118,1362,-1116,1363,-1114,1364,-1112,1365,1366,-1109,1367,1368,1369,1370,1371,1372,1373,1374,1375,1376,1377,1378,1379,1380,-476,1381,-474,1382,-472]],"properties":{"Macrorregiao_Saude":"NOROESTE","Regionalização pop. 2025 — RegionalizaçãoMG2025_Macrorregião de Saúde":"NOROESTE","Hospitais_de_Referencia_Macrorregiao":["Hospital Regional Antônio Dias (Patos de Minas – trauma/ortopedia)","Hospital Municipal de Paracatu"],"Hospitais_de_Referencia_Macrorregiao_Texto":"Hospital Regional Antônio Dias (Patos de Minas – trauma/ortopedia) | Hospital Municipal de Paracatu","name":"NOROESTE"}},{"type":"Polygon","arcs":[[-350,1383,-348,1384,1385,-957,1386,-955,1387,-953,1388,1389,-950,1390,-948,1391,-946,1392,-944,1393,-942,1394,1395,1396,-938,1397,-936,1398,1399,1400,1401,1402,1403,1404,1405,1406,1407,1408,1409,1410,1411,1412,1413,1414,1415,1416,1417,1418,1419,1420,1421,1422,1423,1424,1425,1426,1427,1428,1429,1430,1431,1432,1433,1434,1435,1436]],"properties":{"Macrorregiao_Saude":"SUDESTE","Regionalização pop. 2025 — RegionalizaçãoMG2025_Macrorregião de Saúde":"SUDESTE","Hospitais_de_Referencia_Macrorregiao":["Hospital Regional João Penido / rede de urgência de Juiz de Fora","Hospital e Maternidade Therezinha de Jesus (Juiz de Fora)","Casa de Caridade de Muriaé (Hospital do Câncer)","Casa de Caridade de Carangola","Hospital Santa Isabel (Ubá)"],"Hospitais_de_Referencia_Macrorregiao_Texto":"Hospital Regional João Penido / rede de urgência de Juiz de Fora | Hospital e Maternidade Therezinha de Jesus (Juiz de Fora) | Casa de Caridade de Muriaé (Hospital do Câncer) | Casa de Caridade de Carangola | Hospital Santa Isabel (Ubá)","name":"SUDESTE"}},{"type":"Polygon","arcs":[[-495,1437,1438,-492,1439,-490,1440,-488,1441,1442,1443,1444,1445,1446,1447,1448,-277,1449,-275,1450,-273,1451,-271,1452,1453,-268,1454,1455,-265,1456,-263,1457,-261,1458,1459,1460,1461,-850,1462,-848,1463,-846,1464,-844,1465,-842,1466,1467]],"properties":{"Macrorregiao_Saude":"SUDOESTE","Regionalização pop. 2025 — RegionalizaçãoMG2025_Macrorregião de Saúde":"SUDOESTE","Hospitais_de_Referencia_Macrorregiao":["Irmandade da Santa Casa de Misericórdia de Passos (AVC Tipo III)","Santa Casa de Misericórdia de São Sebastião do Paraíso","Santa Casa de Misericórdia de Piumhi"],"Hospitais_de_Referencia_Macrorregiao_Texto":"Irmandade da Santa Casa de Misericórdia de Passos (AVC Tipo III) | Santa Casa de Misericórdia de São Sebastião do Paraíso | Santa Casa de Misericórdia de Piumhi","name":"SUDOESTE"}},{"type":"Polygon","arcs":[[-1416,1468,-1414,1469,-1412,1470,-1410,1471,-1408,1472,-1406,1473,1474,-1403,1475,-1401,1476,-933,1477,-931,1478,1479,-928,1480,-926,1481,-924,1482,-922,1483,1484,-919,1485,-917,1486,-1264,1487,-1262,1488,1489,-1259,1490,-1257,1491,-1255,1492,-1253,1493,-1251,1494,1495,-1248,1496,-1246,1497,-1244,1498,-1242,1499,-1240,1500,-1238,1501,1502,-1235,1503,-1233,1504,-1231,1505,-1229,1506,-1227,1507,-1225,1508,-1223,1509,-109,1510,-193,1511,1512,-190,1513,-188,1514,-1062,1515,-1060,1516,-1058,1517,1518,-1055,1519,-1053,1520,-1051,1521,1522,1523,-1436,1524,-1434,1525,-1432,1526,-1430,1527,-1428,1528,-1426,1529,-1424,1530,-1422,1531,-1420,1532,-1418,1533],[1534,-200,1535,-198,1536,-196,1537,1538,-212,1539,-210,1540,-208,1541,1542,-205,1543,-203,1544]],"properties":{"Macrorregiao_Saude":"LESTE DO SUL","Regionalização pop. 2025 — RegionalizaçãoMG2025_Macrorregião de Saúde":"LESTE DO SUL","Hospitais_de_Referencia_Macrorregiao":["Hospital Antônio Gonçalves Ferreira – HAGF (Ponte Nova)","Regulação para Governador Valadares ou Belo Horizonte conforme gravidade (grade pactuada CIB-SUS/MG)"],"Hospitais_de_Referencia_Macrorregiao_Texto":"Hospital Antônio Gonçalves Ferreira – HAGF (Ponte Nova) | Regulação para Governador Valadares ou Belo Horizonte conforme gravidade (grade pactuada CIB-SUS/MG)","name":"LESTE DO SUL"}},{"type":"Polygon","arcs":[[-281,1545,1546,-278,1547,-1448,1548,-1446,1549,-1444,1550,1551,-486,1552,1553,-483,1554,-481,1555,-1377,1556,-1375,1557,-1373,1558,-1371,1559,-1369,1560,-1107,1561,-1105,1562,-1103,1563,1564,-1100,1565,-1098,1566,-1096,1567,-1094,1568,-1092,1569,-1090,1570,-1088,1571,-1086,1572,-1084,1573,1574,-1081,1575,-1079,1576,-1077,1577,-1075,1578,-1073,1579,-1276,1580,-1274,1581,-1272,1582,-904,1583,-902,1584,-900,1585,-898,1586,-312,1587,-310,1588,-308,1589,-306,1590,-304,1591,-302,1592,-300,1593,-298,1594,-296,1595,-294,1596,-292,1597,1598,-289,1599,-287,1600,1601,-284,1602,1603]],"properties":{"Macrorregiao_Saude":"OESTE","Regionalização pop. 2025 — RegionalizaçãoMG2025_Macrorregião de Saúde":"OESTE","Hospitais_de_Referencia_Macrorregiao":["Hospital Regional de Divinópolis – HRD (AVC Tipo III e alta complexidade, EBSERH/UFSJ)","Hospital São João de Deus (Divinópolis)","Hospital Manoel Gonçalves (Itaúna)","Hospital Nossa Senhora da Conceição (Pará de Minas)","Hospital São Luiz (Formiga)","Hospital São Carlos (Lagoa da Prata)","Santa Casa de Campo Belo"],"Hospitais_de_Referencia_Macrorregiao_Texto":"Hospital Regional de Divinópolis – HRD (AVC Tipo III e alta complexidade, EBSERH/UFSJ) | Hospital São João de Deus (Divinópolis) | Hospital Manoel Gonçalves (Itaúna) | Hospital Nossa Senhora da Conceição (Pará de Minas) | Hospital São Luiz (Formiga) | Hospital São Carlos (Lagoa da Prata) | Santa Casa de Campo Belo","name":"OESTE"}}]}},"arcs":[[[8462,5012],[-9,3],[0,16]],[[8453,5031],[2,4],[0,3],[1,11],[-16,7],[-11,1],[-6,-2]],[[8423,5055],[-4,5],[-3,0],[-2,6]],[[8414,5066],[5,7],[-3,7],[-3,3],[-2,8],[3,0],[3,8],[-2,3],[1,19],[-2,15],[-5,6],[5,4],[2,7]],[[8416,5153],[0,12],[-9,9]],[[8407,5174],[-1,7],[-4,7],[-12,5],[1,6],[-9,1],[-12,15],[-6,4],[0,4],[5,4],[2,6],[0,6],[-1,3],[-4,2],[2,4],[-1,4],[-3,2],[-4,-2],[-3,7],[-4,3],[0,6],[-11,-1],[-6,-4],[-6,2],[-2,-1],[-7,-4],[-10,-12],[-1,-3],[2,-12],[-4,-10],[-2,-10],[0,-9],[-4,-9],[-17,-8],[-19,-3],[-5,-5],[-1,3],[3,1],[0,6],[3,3],[-3,7],[1,3],[-1,6],[1,3],[3,1],[1,3],[-1,4],[-6,5],[-1,13],[-7,8],[-7,2],[-18,-7],[-6,6],[-11,1],[-14,11],[-7,1],[-3,-1],[-7,-6],[-7,1],[-6,-6],[-15,3],[-6,-7],[4,-15],[-2,-2],[-2,-1],[-4,3],[-4,-3],[-12,-2],[-4,7],[-8,-3],[-4,-12],[-9,-4],[-1,-5],[0,-4],[-4,-4],[4,-11],[-5,-3],[-1,-4],[-3,-3]],[[8091,5177],[-1,-8]],[[8090,5169],[-6,-8],[2,-5],[-1,-4],[-3,-3]],[[8082,5149],[-1,-5],[-8,-7]],[[8073,5137],[-4,2]],[[8069,5139],[-5,-2],[-6,6]],[[8058,5143],[-3,0],[0,5],[1,3]],[[8056,5151],[-4,19],[-2,2]],[[8050,5172],[-3,-6],[-2,1]],[[8045,5167],[-1,10]],[[8044,5177],[-4,6]],[[8040,5183],[-4,1],[2,3]],[[8038,5187],[-1,3],[3,0]],[[8040,5190],[-3,6],[2,5]],[[8039,5201],[-3,7],[-7,0]],[[8029,5208],[1,4],[3,0],[3,4],[2,10],[-7,0],[0,2],[-3,2],[-3,-4]],[[8025,5226],[-2,1],[2,6]],[[8025,5233],[12,10],[1,4],[-3,0],[-1,2],[-3,2],[-4,-3],[-7,1],[1,4],[-2,-1],[-1,0],[0,3],[-6,-1],[0,6],[-2,1],[2,6],[2,1],[-1,4],[2,-2],[4,5],[1,4],[-4,0],[3,3],[-7,11],[4,0],[0,5],[1,2],[3,0],[-2,5],[-3,0],[0,3],[5,3],[1,5],[0,9],[4,1],[2,3],[2,9],[-3,-1],[-1,9],[-1,3],[-3,-1],[2,5],[-1,3],[6,1],[-3,7],[3,9],[-4,3],[-1,4],[-2,-1],[0,2],[-3,-1],[0,4],[-3,3],[4,5],[-2,6],[3,1],[-5,2],[1,4],[-7,-1],[-1,-3],[-2,5],[-3,2],[0,2],[2,-2],[1,3],[-2,3],[2,3],[-2,1],[0,3],[3,3],[2,-3],[1,4],[2,-1],[2,3],[3,-1],[2,2],[-1,1],[2,3],[3,-2],[2,2],[1,4],[-1,1],[1,0],[-1,2],[1,1],[-1,1],[1,2],[11,-1],[3,-2],[3,5],[-2,2],[1,1],[-2,2],[1,3],[-3,2],[-1,-2],[0,3],[1,1],[-1,2],[1,5],[-2,-1],[2,5],[1,-1],[2,2],[1,3],[-4,3],[1,1],[-2,6],[-3,0],[0,4],[-2,-2],[-1,6],[1,2],[-1,2],[3,4],[3,-3],[3,3],[0,4],[-3,2],[-3,5],[0,3],[-3,0],[0,2],[-1,4],[4,4],[-4,4],[2,2],[-2,2],[1,4],[-1,7],[1,2],[-2,0],[1,2],[-4,4],[-2,8],[-5,4],[0,4],[-2,0],[0,3],[-6,2],[-5,-6],[-6,5],[0,2],[-1,-1],[-1,2],[2,3],[-9,3],[-1,5],[-4,5],[2,4],[-5,3],[-2,4],[1,1],[-3,2],[2,2],[-1,3],[0,3],[-4,4],[-3,-1],[-2,4],[1,2],[-3,0],[1,2],[-3,0],[1,1],[-2,2],[1,3],[-3,-1],[-1,5],[-2,0],[-1,2],[-4,-1],[-1,6],[-2,0],[-1,-2],[1,4],[-4,3],[2,3],[-1,1],[-5,3],[-6,-1],[-3,3],[-1,-1],[-3,4],[0,4],[-7,4],[-2,6],[-4,4],[-3,13],[-3,4],[0,11],[-4,6],[1,9],[-8,4],[0,5],[-5,5],[2,5],[-1,6],[-5,4],[-4,0],[-3,4]],[[7886,5749],[2,9],[-8,10]],[[7880,5768],[-5,-2],[-5,5]],[[7870,5771],[-3,-4],[-3,1],[-5,11]],[[7859,5779],[-4,14],[-12,13],[0,10],[-1,3],[-4,0]],[[7838,5819],[-2,12],[-4,4],[6,15]],[[7838,5850],[1,8],[-2,24],[2,3],[7,4],[3,4]],[[7849,5893],[-1,12],[-3,3]],[[7845,5908],[-3,-2],[-7,1]],[[7835,5907],[-10,11],[-9,-3]],[[7816,5915],[-4,-4],[-5,0]],[[7807,5911],[-6,4],[-4,-3]],[[7797,5912],[-2,2],[0,27]],[[7795,5941],[4,4],[2,11],[5,11],[6,5],[2,-1],[2,6],[-5,3],[-6,8],[-3,0],[0,3],[1,3],[-2,4],[-5,1],[-2,4],[-4,0],[-1,4],[-14,13],[-5,0],[-2,4],[-3,-1]],[[7765,6023],[-5,4],[0,2]],[[7760,6029],[-7,4],[0,4],[-4,4]],[[7749,6041],[-1,3],[0,3]],[[7748,6047],[3,3],[2,-2],[2,2],[2,-1],[1,4],[2,0],[2,2],[1,-3],[8,4],[3,14],[4,1],[2,4],[5,2],[6,6],[6,-1],[3,-2],[6,3],[17,-2],[1,3],[7,4],[0,7],[6,11],[-3,9],[-1,10],[-7,5],[7,13],[10,10],[5,13],[7,3],[2,4],[0,11],[-5,9],[-1,10],[15,25],[7,4],[-2,7],[3,8],[5,5],[9,5],[-6,16],[0,5],[2,4],[4,5],[15,8],[4,4],[5,8],[2,0],[-1,2],[-6,-3],[-5,12],[-7,4],[-1,8],[4,8],[-1,4],[2,0],[2,-2],[14,0],[11,-4],[36,17],[8,9],[19,9],[7,5],[8,0],[3,2],[-9,10],[-7,15],[0,4],[5,7],[2,6],[-15,16],[-2,18],[4,17],[0,8],[12,11],[2,8],[8,16],[0,21],[6,7],[-3,21],[2,8],[0,12],[2,6]],[[8014,6589],[8,7],[6,9],[4,-1]],[[8032,6604],[3,-4],[8,2],[11,-4],[11,0],[3,-9],[-2,-11],[9,-6],[7,1],[11,17],[9,7],[6,-4],[4,-8],[6,-6]],[[8118,6579],[3,-1],[2,2],[5,16],[-1,14]],[[8127,6610],[-5,34],[2,14]],[[8124,6658],[1,14],[-3,10]],[[8122,6682],[-1,19],[-6,17]],[[8115,6718],[1,5],[4,8]],[[8120,6731],[25,-24],[14,-2],[17,-5],[11,2],[7,-4],[5,-7],[8,-1],[7,6],[2,12],[-10,14],[3,19],[-6,11],[3,12],[4,9],[4,4],[2,1],[10,-1],[9,-14],[3,-13],[3,-1],[8,1],[2,2],[3,17],[11,18],[5,2],[14,-5],[8,4],[4,4],[3,10],[6,5],[1,10],[-1,4],[1,2],[11,3],[7,0],[9,14],[12,9],[15,-1],[6,-9],[9,-9],[4,5],[9,6],[4,11],[13,4],[3,10],[6,6],[2,6],[-4,3],[-7,7],[-7,15],[-10,0],[-7,7],[-7,1],[-4,4],[-4,-3],[-5,3],[-3,4],[-4,12],[-6,1],[-8,12],[-9,-3],[-7,-6],[-8,-3],[-10,1],[-1,10],[3,12],[9,10],[0,7],[-9,3],[-10,-6],[-6,1],[-2,2],[0,2],[6,4],[8,10],[2,8],[-2,5],[-3,3],[-17,1],[-5,11],[-16,18],[-11,2],[-14,-2],[-7,8],[-3,0],[-8,4],[-3,-1],[-2,-3],[4,-29],[-2,-8],[-7,-8],[-3,5],[-2,1],[-1,6],[-5,5],[0,3],[-4,8],[-2,-3],[-3,4],[-9,4],[-3,5],[-2,0],[-1,-2],[-5,3],[0,3],[-3,6],[1,5],[-6,8],[1,5],[4,4],[0,3],[-4,1],[-4,7],[3,3],[0,10],[4,3],[6,1],[1,6],[4,2],[0,3],[-5,2],[-5,5],[0,6],[7,10],[-2,2],[-1,6],[2,3],[-2,8],[3,4],[-6,5],[3,8],[-1,12],[2,6],[0,4],[-11,7],[-7,-1],[-7,1],[-7,12],[-6,8],[-5,1],[-15,10],[-5,1],[0,14],[-10,25],[1,3],[7,3],[-1,9],[-12,0],[-8,11],[-3,1],[-8,8],[-9,1],[-6,-6],[-7,-3],[-8,2],[-1,14],[3,15],[-1,11],[17,38],[0,13],[3,9],[0,6],[-2,5],[-13,6],[-7,11],[-7,0],[-20,15]],[[8017,7437],[0,10],[-3,5],[-4,2],[-4,-1],[-12,4],[-4,6]],[[7990,7463],[7,23],[-4,14]],[[7993,7500],[7,20],[5,5]],[[8005,7525],[10,3],[14,-2]],[[8029,7526],[7,2]],[[8036,7528],[10,0],[13,4],[9,-3]],[[8068,7529],[6,-6]],[[8074,7523],[15,4],[6,-1],[0,-4],[-2,-8]],[[8093,7514],[1,-5],[2,-3],[7,0]],[[8103,7506],[3,-3],[5,3],[9,1]],[[8120,7507],[5,-5],[2,1],[4,5],[1,5]],[[8132,7513],[7,9],[22,15],[14,6],[2,5],[3,16],[-2,11],[-5,4],[-3,12],[-2,2],[-2,-2],[-2,3],[1,7],[-4,5],[2,5],[-11,13],[-8,18],[7,12],[2,5],[2,3],[1,4],[6,3],[-1,8],[1,4],[3,2],[-1,6],[10,10],[-3,6],[0,6],[2,1],[1,6],[7,12],[1,5],[4,2],[5,10],[7,4],[4,5],[1,4],[5,0],[2,3],[4,1],[2,4],[7,-4],[10,3],[3,-4],[5,8],[0,6],[4,4],[4,7],[2,1],[0,3],[5,1],[7,1],[10,-5],[-14,-5]],[[8259,7784],[1,-10],[1,-2]],[[8261,7772],[4,-1],[4,-3],[7,3],[8,-1]],[[8284,7770],[8,-17],[7,2]],[[8299,7755],[4,-3]],[[8303,7752],[6,1],[4,7]],[[8313,7760],[7,-3],[4,4]],[[8324,7761],[14,-1],[9,7],[2,6]],[[8349,7773],[4,0]],[[8353,7773],[6,7],[4,8],[1,5],[-6,8]],[[8358,7801],[-2,10],[1,5],[8,8]],[[8365,7824],[1,12],[2,2]],[[8368,7838],[-1,4],[-12,2]],[[8355,7844],[-8,-5],[-3,2],[-1,4]],[[8343,7845],[-6,1],[-1,2]],[[8336,7848],[1,7],[-3,5],[1,3],[12,6],[-1,5],[-3,5],[2,7],[-2,15],[4,1],[1,3],[-2,8],[5,10],[13,5],[6,4],[7,8],[10,4],[0,3],[-1,4],[1,6],[6,5],[3,9],[11,5],[1,2],[0,4],[4,3],[-4,14],[1,4],[5,6],[5,2],[7,9],[1,5],[0,7],[-4,9],[-4,5],[-7,4],[-6,8],[-11,21],[0,3],[8,16],[0,6],[4,1],[2,-2],[5,2],[1,6],[8,3],[2,5],[4,0],[3,3],[6,0],[6,6],[6,2],[4,-2]],[[8454,8128],[3,11],[-2,14]],[[8455,8153],[-8,6],[-4,9],[4,9],[-6,7],[0,6],[-3,4],[-1,10],[-20,-14],[-5,-1],[-3,-6],[-13,-9],[-2,0],[-3,8]],[[8391,8182],[-4,2],[-7,1],[-10,-3],[-4,2],[-11,11],[20,7],[7,0]],[[8382,8202],[12,26],[10,34],[8,7],[-1,4],[0,7],[-4,10],[-9,6],[-6,21],[-6,8]],[[8386,8325],[-9,20],[0,6],[4,3],[12,0]],[[8393,8354],[21,9],[13,-1],[14,14]],[[8441,8376],[5,1],[1,4],[-9,5],[-6,12],[-12,14],[-5,4],[-16,4],[-7,-3],[-5,-8],[-7,-2],[-20,1],[-9,3],[-6,0],[-22,15],[-10,11],[-4,2],[2,2],[5,0],[2,4],[4,2],[3,5],[6,-2],[2,2],[4,-1],[3,2],[-2,8],[4,5],[2,8],[-1,3],[3,8],[0,4],[-6,5],[-2,5],[8,6],[-5,11],[5,3],[4,-4],[12,-2],[3,3],[-4,6],[-1,0],[-3,-4],[-2,5],[-4,0],[-3,8],[8,-4],[7,4],[7,-1],[3,5],[5,-5],[8,-3],[16,-1],[5,-4],[3,4],[1,-2],[-1,-9],[1,-1],[4,5],[2,5],[9,3],[2,5],[7,-2],[1,-4],[7,2],[5,6],[4,-9],[-1,-5],[1,-3],[14,0],[4,4],[4,-2],[7,0],[4,-3],[2,3],[4,2],[3,-3],[10,4]],[[8504,8522],[1,-1],[1,-5]],[[8506,8516],[3,-7],[9,4]],[[8518,8513],[5,-2]],[[8523,8511],[4,-1],[6,10]],[[8533,8520],[8,8],[11,-4]],[[8552,8524],[2,8],[8,2]],[[8562,8534],[1,6],[8,5]],[[8571,8545],[7,11],[4,1],[2,-6]],[[8584,8551],[4,-1],[5,4],[4,5],[4,3],[7,1],[10,-2],[4,-3],[3,-6],[6,0],[4,-4],[5,2],[6,-3],[6,2]],[[8652,8549],[7,-8],[22,-281],[3,3],[9,-3],[12,1],[11,5],[9,-2],[10,-8],[2,-1],[14,2],[7,8],[7,3],[20,0],[5,-2],[11,-13],[7,-1],[18,-10],[12,-1],[9,-11],[3,-2],[6,7],[3,15],[3,7],[7,5],[12,2],[9,0],[4,3],[5,7],[4,4],[5,11],[13,-2],[9,-5],[4,2],[11,11],[10,2],[17,-2],[18,24],[6,2],[2,19],[2,7],[8,19],[4,5],[11,-10],[12,0],[5,-5],[3,6],[11,-6],[6,-15],[-1,-7],[1,-4],[4,-9],[10,1],[9,-4],[24,8],[6,7],[6,-3],[2,10],[7,5],[-1,19],[3,7],[5,2],[4,0],[7,-5],[3,-6],[12,-10],[4,-9],[9,-9],[-5,-14],[2,-10],[5,-8],[9,-7],[6,1],[19,11],[2,7],[-6,13],[3,7],[8,6],[7,0],[9,3],[6,7],[6,-1],[4,-5],[2,-9],[5,-5],[3,-11],[3,-1],[-1,-6],[9,-2],[4,-7],[6,0],[15,-25],[6,-2],[4,14],[4,3],[3,-3],[10,-19],[7,-2],[5,-8],[1,-4],[0,-7],[-4,-7],[10,-4],[-1,-6],[1,-4],[13,-1],[2,-3],[8,-1],[-1,-5],[-4,-7],[0,-2],[9,-18],[9,0],[5,6],[7,4],[7,0],[6,-3],[6,0],[1,8],[-2,11],[9,14],[13,3],[5,-9],[4,-2],[3,1],[5,4],[0,4],[4,2],[0,3],[9,12],[8,-8],[14,-18],[4,-3],[4,-13],[-1,-14],[3,-4],[6,-4],[4,3],[11,-12],[0,4],[3,-2],[1,1],[5,-7],[3,4],[2,0],[3,2],[2,-4],[2,0],[1,-6],[4,4],[1,7],[2,-1],[2,-3],[9,5],[4,-3],[5,-2],[7,1],[1,-2],[-2,-4],[4,-3],[4,2],[1,4],[2,1],[6,-3],[6,2],[3,4],[15,-1],[4,5],[3,0],[3,5],[8,-12],[3,1],[2,5],[5,0],[-1,3],[1,2],[7,-2],[3,4],[4,1],[9,1],[2,2],[4,0],[-1,-3],[2,-3],[-1,-4],[2,-7],[5,-4],[-2,-5],[2,-2],[4,1],[0,-10],[5,0],[-1,-4],[1,-4],[6,-4],[-1,-1],[0,-9],[6,-2],[2,-2],[-2,-2],[0,-3],[7,6],[5,-3],[1,-4],[3,0],[4,-5],[4,-3],[3,3],[4,-1],[1,-8],[-2,-7],[3,-6],[-2,-8],[-8,-5],[-1,-4],[4,-7],[4,3],[2,-6],[4,2],[3,11],[2,0],[1,-5],[4,-2],[3,4],[0,3],[4,0],[3,-8],[7,-2],[5,4],[6,1],[4,-5],[0,-4],[3,-1],[4,0],[2,3],[6,2],[1,5],[-1,4],[4,3],[6,0],[3,-9],[-2,-3],[0,-3],[-2,-4],[2,-7],[3,-5],[5,5],[3,7],[-1,2],[1,1],[4,2],[1,-1],[0,-9],[-4,-2],[-1,-7],[5,1],[-4,-6],[2,-4],[-8,-1],[-1,-7],[3,-1],[4,4],[4,-2],[-1,-2],[2,-2],[-1,-8],[6,-3],[-5,-3],[-1,-5],[2,0],[2,-5],[14,2],[3,-7],[-4,-2],[1,-3],[2,-1],[11,1],[-1,-6],[2,-3],[3,0],[1,-2],[-2,-3],[5,-6],[0,5],[1,1],[7,1],[5,-12],[6,0],[-3,-8],[8,1],[3,7],[3,-3],[8,0],[1,-3],[-2,-5],[1,-1],[9,1],[5,-1],[0,7],[8,9],[17,-5],[11,1],[8,-6],[-3,-8],[-7,-6],[-2,-6],[-4,-2],[-2,-5],[3,-5],[9,-1],[6,-10],[6,-5],[8,-9],[-1,-11],[7,-3],[10,-7],[4,-12],[-1,-8],[1,-7],[2,-3],[7,-2],[2,-10],[5,-6],[2,-5],[-4,-13],[-17,-21],[-4,-2],[-6,8],[-5,-4],[1,-7],[2,-3],[6,-1],[4,-15],[-1,-35],[-1,-3],[-6,-1],[-6,-4],[-4,-8],[-5,-2],[-4,0],[0,-7],[-2,-2],[-3,-7],[-16,-25],[0,-3],[7,-11],[7,-7],[3,-9],[1,-14],[-6,-1],[-4,2],[-5,0],[-1,-6],[-5,-6],[-3,2],[-1,-4],[-7,-3],[-6,-12],[0,-8],[-2,-7],[-5,-7],[-4,1],[1,4],[-3,5],[-4,1],[-2,1],[1,7],[-11,-2],[-1,-6],[-4,-7],[1,-8],[-14,-10],[-1,-3],[1,-5],[-5,0],[-2,-4],[-1,-5],[-4,-3],[-1,-11],[-6,-29],[-5,-6],[-3,-10],[0,-7],[-4,-12],[-3,-2],[-2,-9],[-3,-2],[-7,2],[0,-5],[1,-4],[-3,-5],[-1,-16],[-3,-3],[-9,-4],[-4,0],[0,6],[-4,8],[-8,4],[5,16],[-3,3],[-1,11],[-2,1],[-4,-18],[-6,-15],[-4,-5],[-2,-14],[-4,0],[-5,-10],[-5,-5],[-1,-4],[0,-5],[-2,0],[-2,-3],[-3,-8],[-7,-7],[-5,-6],[-1,-5],[-1,1],[-1,-2],[-3,-11],[-2,-2],[-1,4],[-3,1],[-3,-4],[3,-13],[-4,1],[-2,-3],[5,-2],[3,1],[2,-7],[3,0],[-2,-2],[0,-5],[3,-5],[-2,-3],[3,-4],[2,3],[2,-4],[0,-6],[-1,1],[-5,-6],[2,-10],[-4,-1],[-2,2],[-6,2],[-1,-1],[0,-5],[-2,0],[-10,11],[-4,2],[-7,1],[-3,-6],[-3,3],[-6,-1],[-6,8],[-10,6],[-4,4],[-2,-7],[-9,-3],[-1,-8],[-7,5],[-3,-2],[-3,-4],[-12,1],[0,-6],[-7,-10],[-4,-14],[3,-6],[-3,-6],[0,-6],[-4,-8],[-3,-13],[1,-6],[-3,-6],[0,-10],[-5,-6],[-9,-20],[-1,-8],[3,-3],[0,-13],[4,-1],[3,-8],[1,-5],[-1,-5],[-6,-8],[-2,-7],[2,-12],[-9,-12],[-8,-20],[-3,-7],[-3,-11],[-8,-6],[-1,-3],[2,-2],[7,1],[11,-15],[26,5],[7,-7],[3,-1],[3,3],[9,7],[11,-13],[-1,-16],[4,-5],[3,-7],[-1,-9],[4,-8],[-4,-4],[0,-13],[-3,-1],[-4,3],[-6,-2],[1,-5],[-6,-6],[-4,-26],[-2,-3],[-3,-7],[-5,-4],[-5,0],[-4,5],[-1,7],[-4,2],[-3,-5],[-3,0],[-5,-10],[-7,2],[-1,-6],[-6,1],[-8,11],[-8,-1],[0,7],[1,6],[-5,3],[-2,4],[-9,9],[-5,-1],[1,-4],[-5,-8],[-16,-1],[-5,-3],[-6,-11],[-6,1],[-2,-2],[-6,3],[-4,8],[-5,3],[-2,0],[-2,-7],[-2,2],[-5,-2],[-4,1],[-2,2],[-3,11],[-4,3],[-19,2],[-4,-2],[-6,-7],[-1,-3],[1,-10],[-1,-9],[-3,-8],[-1,-8],[-8,-15],[-4,-20],[-6,-15],[1,-3],[-6,-4],[-8,-9],[-3,-7],[-9,-4],[-3,-7],[-2,-12],[-3,-7],[-1,-7],[2,-7],[-3,-5],[-3,-21],[-4,-8],[-3,-11],[-2,-2],[-2,-4],[1,-19],[8,-3],[4,-8],[1,-8],[-1,-9],[-4,-8],[-1,-17],[-5,-7],[0,-5],[-2,-5],[-7,-4],[-1,-4],[4,-12],[-3,-5],[1,-6],[4,-7],[-1,-7],[1,-3],[14,-4],[3,-3],[-1,-7],[2,-5],[-1,-5],[-4,-1],[-3,-9],[-1,-7],[3,-5],[1,-9],[-3,-3],[-2,-8],[-5,-2],[1,-6],[-3,-5],[7,-8],[2,-16],[10,-8],[3,-5],[-5,-5],[-9,-2],[-8,-6],[-9,-19],[-8,-2],[-4,-12],[-9,0],[-3,-4],[6,-17],[7,-1],[1,-3],[-10,-13],[-1,-4],[4,-1],[2,-4],[1,-14],[-4,-7],[3,-8],[-3,-5],[-11,-4],[-7,-7],[-1,-3],[3,-4],[7,-4],[3,-6],[10,-3],[5,1],[5,5],[6,2],[9,-2],[14,-23],[16,-9],[7,-2],[7,0],[1,-6],[-1,-9],[8,-10],[5,-10],[5,-1],[2,-3],[2,-9],[8,-3],[3,1],[1,-5],[-3,-9],[2,-6],[-4,-6],[-1,-10],[3,-8],[9,-8],[9,-25],[2,-4],[3,-11],[15,-12],[5,10],[5,3],[3,1],[4,-3],[5,3],[7,-2],[0,-3],[-3,-6],[4,-11],[-2,-4],[-4,4],[-2,-10],[0,-5],[4,-13],[5,1],[4,-2],[6,-17],[8,6],[8,11],[7,-1],[3,-7],[6,-21],[6,-9],[2,8],[4,7],[-1,7],[-3,4],[2,9],[1,2],[2,0],[10,-16],[2,-7],[4,-4],[6,-9],[-3,-11],[3,-10],[4,-3],[9,-2],[8,-10],[-1,-16],[2,-9],[2,-4],[4,1],[4,-2],[3,-20],[3,-5],[4,-5],[4,0],[13,8],[3,-7],[4,-6],[7,-4],[9,-2],[6,3],[3,-4],[2,-12],[4,-7],[-3,-12],[-1,-7],[3,-8],[-2,-9],[-1,-12],[4,-5],[7,-3],[1,-3],[3,-11],[-3,-10],[1,-7],[2,-2],[5,3],[4,-4],[4,-1],[5,-4],[6,-18],[-34,-51],[-45,-30],[-2,-12],[5,-8],[16,-15],[10,-3],[3,-3],[4,-11],[0,-15],[-11,6],[-18,4],[-4,7],[-6,4],[-8,0],[-14,12],[0,6],[-8,1],[-6,-2],[-3,8],[-4,2],[-5,-2],[-3,2],[-9,13],[-11,4],[-3,0],[-3,-7],[-3,0],[-5,3],[-6,6],[-4,-6],[-12,-1],[-3,4],[-2,1],[-10,1],[-3,-4],[-10,0],[-14,6],[-11,3],[-8,0],[-4,-2],[-3,-9],[-2,0],[-4,7],[-7,5],[-7,11],[-5,1],[-5,-4],[-7,0],[-6,7],[-3,8],[-3,4],[-9,3],[-8,-5],[-4,-8],[-6,-5],[-7,-2],[-11,-8],[-15,-2],[-2,-14],[2,-7],[-3,-3],[-9,3],[-11,-2],[-3,-2],[-2,-5],[3,-3],[0,-3],[-9,-13],[6,-5],[1,-3],[-9,-10],[-1,-3],[1,-8],[-1,-6],[-11,0],[-7,-3],[-3,-4],[-2,-11],[-9,-8],[-3,3],[-8,0],[-4,-3],[-3,4],[-2,0],[-6,-3],[-12,-13],[-5,3],[-2,10],[-4,4],[0,5],[-9,4],[-13,-5],[-3,0],[-6,-5],[-6,4],[-2,3],[-11,1],[-1,1],[-1,6],[3,12],[0,6],[-6,-1],[0,6],[-4,2],[-3,-4],[-8,-3],[-1,2],[3,9],[-5,10],[0,7],[-4,-2],[-5,8],[-4,-3],[-2,-5],[-9,-6],[-4,3],[-1,8],[-6,-3],[-1,-4],[-9,-8],[-1,-7],[-3,-4],[-6,-3],[-3,-10],[-7,3],[-2,6],[-4,-1],[-5,12],[-6,-8],[-1,-6],[-6,2],[-5,-7],[14,-15],[102,-123],[1,-25],[2,-7],[-3,-10],[2,-3],[0,-11],[-4,-3],[-7,2],[-9,-4],[-11,9],[-16,4],[-8,-2],[-5,4],[-5,1],[-1,-4],[-7,4],[-3,8],[-6,0],[-3,11],[-8,8],[-2,4],[-3,-5],[-7,0],[-1,3],[-4,3],[2,7],[0,4],[-1,1],[-5,-5],[-5,3],[0,-7],[-5,1],[-7,-6],[-6,-8],[-2,-6],[-5,-4],[-7,0],[-4,7],[-5,1],[-1,-6],[0,-9],[2,-4],[-4,-4],[-1,-6],[-7,0],[-5,10],[-2,1],[-4,3],[-5,1],[-1,-4],[-5,-2],[-2,-11],[2,-7],[-2,-10],[-4,5],[-10,1],[-1,-2],[-4,0],[-4,7],[0,4],[-12,0],[-5,-16],[-4,1],[1,5],[3,3],[-1,1],[-19,-4],[3,-7],[-3,-7],[-6,-4],[-3,1],[-4,-4],[-2,0],[-17,-12],[0,-11],[-2,-5],[-9,-5],[2,-7],[5,-3],[1,-6],[3,0],[1,-3],[-4,-4],[-3,1],[-3,-5],[3,-3],[-2,-5],[5,-8],[-1,-7],[-21,-20],[-7,-3],[-4,-9],[-8,-8],[-1,-7],[-15,-12],[5,-25],[-1,-6],[4,-1],[0,-13],[3,-7],[-3,-14],[4,-10],[-2,-6],[-10,-2],[-3,-11],[3,-8],[-1,-6],[6,-3],[9,0],[-1,-5],[-14,-7],[-3,2],[-3,-1],[-7,-11],[-2,-6],[-3,-3],[-1,-8]],[[8815,5159],[-3,-7],[-14,-2]],[[8798,5150],[-8,-10],[0,-9],[-5,-5],[1,-7],[-11,-1],[-1,-1],[1,-7],[-11,-8],[-3,2],[-12,-2]],[[8749,5102],[-1,-5],[-11,-11]],[[8737,5086],[-12,2],[2,8],[-8,1],[0,5]],[[8719,5102],[-2,3],[-2,10]],[[8715,5115],[5,8]],[[8720,5123],[-2,4],[4,4],[1,3]],[[8723,5134],[3,4],[-2,3]],[[8724,5141],[2,6]],[[8726,5147],[-2,3],[-3,0],[-6,-3]],[[8715,5147],[-5,1],[-1,-2]],[[8709,5146],[0,-8],[-1,-4],[-3,-4]],[[8705,5130],[-4,-1],[0,-7]],[[8701,5122],[-2,-6],[5,-1],[1,-6],[-4,-1],[1,-8],[-11,-10],[0,-7],[-13,11],[-7,-4],[-4,-5],[-4,2],[-2,6],[-10,-3],[-8,-12],[1,-2],[5,-2],[-11,-11],[-2,-7]],[[8636,5056],[2,-4],[-2,-3]],[[8636,5049],[-7,2],[-5,3],[-19,-1],[-1,1],[2,4],[0,3],[-11,1],[-3,6],[-2,1],[-3,-5],[-6,6],[-10,-2],[-2,6],[-5,-1],[-6,2],[-6,-5],[-1,4],[-2,0],[-13,-15],[-10,-4],[-6,-6],[-1,-6],[4,-2],[4,-9],[-5,-4],[-7,0],[-2,-2],[-2,-7],[-5,-2],[-1,-3],[1,-7],[-8,-1],[-3,-11],[-12,7],[-6,0],[-3,4],[-8,-2],[-4,8]],[[7742,3519],[-5,-1],[-4,4],[-6,-2],[-6,2],[-19,9],[-1,2],[-8,-2],[-5,-4],[-2,-17],[-13,-32],[-6,-8],[-9,-2],[-5,3],[-2,9],[-3,2],[-7,-3],[-3,2],[-3,-1],[-4,-8],[-3,-2],[-7,2],[-9,13],[-2,-5],[-3,1],[-12,14],[-15,3],[-7,-4],[-4,6],[-7,-4],[-3,5],[-11,-8],[-9,-1],[-2,2],[-4,-4],[2,-3],[-4,-1],[0,-3],[-3,-1],[-2,-5],[-4,-1],[0,-4],[-2,-2],[-9,1],[-2,5],[1,5],[-6,1],[0,3],[-1,3],[-5,3],[-5,-2],[-2,3],[-8,0],[-1,4],[2,7],[-2,3],[-4,1],[-2,5],[-14,-6],[-6,6],[-7,-2],[-17,2],[-1,-5],[-10,-7],[-2,5],[-1,6],[-8,2],[-5,8],[-5,4],[-2,-4],[-7,-2],[-1,-4]],[[7390,3515],[-16,-14]],[[7374,3501],[-3,-5],[-5,-4],[-1,-4],[-4,-3],[-1,-5],[-4,-4],[0,-2]],[[7356,3474],[-5,0],[-1,-7],[-4,-2],[-5,8]],[[7341,3473],[-6,2],[1,8],[-2,2],[-5,0],[-5,3],[-6,-2]],[[7318,3486],[-6,1],[-2,5],[2,5],[10,12]],[[7322,3509],[-8,2],[-4,8],[1,2]],[[7311,3521],[3,2],[17,-1]],[[7331,3522],[-3,10],[-2,3],[4,3],[0,4],[11,8],[5,8],[6,6],[9,3],[4,6],[8,-1],[2,3],[1,7],[5,6]],[[7381,3588],[10,2],[0,6]],[[7391,3596],[-5,6],[-12,5],[-8,0],[-3,3],[3,9],[-1,5],[3,3],[-2,8],[-6,4],[-2,8],[8,20],[5,4],[-4,11],[5,7],[-1,4],[-2,2],[-6,-2],[-10,-8],[-5,1],[-5,-3],[-5,6],[-4,0],[-3,3],[-8,-1],[-6,2],[-1,-2],[1,-9],[-2,-6],[5,-2],[3,-6],[0,-2],[-6,-4],[-12,-1],[-10,-6],[-2,10],[-3,5],[-3,1],[-8,-7],[-7,-13]],[[7272,3651],[-2,2],[-2,7]],[[7268,3660],[-3,3]],[[7265,3663],[2,20],[-3,6]],[[7264,3689],[1,3],[-7,7],[1,7],[-1,2]],[[7258,3708],[-5,3]],[[7253,3711],[-3,-5],[-6,-2],[1,-3],[-1,-4],[-9,-5],[-4,6],[-6,13],[-8,1],[0,4],[4,5],[-4,9],[1,11],[-6,8],[0,4],[-6,-2],[-1,2],[0,14],[2,4],[-3,11],[-8,3],[-8,-4],[-3,1]],[[7185,3782],[3,9],[-1,7]],[[7187,3798],[2,15],[-1,9]],[[7188,3822],[-3,5],[2,10]],[[7187,3837],[-3,12],[-8,7],[-1,10]],[[7175,3866],[-7,5],[-6,-3]],[[7162,3868],[-6,0],[-3,-4]],[[7153,3864],[-3,1],[-2,14]],[[7148,3879],[2,14],[-5,14],[1,3],[4,4],[1,6],[-6,9],[0,13],[-3,8],[-1,7],[-2,3],[2,6],[-8,10],[8,9],[-1,8],[-2,4],[1,6],[-2,4],[3,4],[1,6]],[[7141,4017],[-2,7],[10,3]],[[7149,4027],[6,-6],[14,-10],[6,1],[2,-4],[4,-4],[-3,-7],[0,-11],[3,-7],[7,-6],[1,-8],[5,-2],[4,-5],[1,-8],[8,-9],[-3,-8],[2,-8],[6,-6],[-3,-9],[7,-2],[4,-6],[4,1],[3,5],[4,1],[6,-7],[4,-1],[8,6],[6,8],[2,0],[5,-5],[4,1],[3,13],[-3,11],[2,6],[-2,9],[4,10],[13,3],[9,-4],[3,2],[-2,14],[-4,1],[-1,5],[6,9],[2,8],[3,5],[2,3],[4,1],[-1,4],[-4,5]],[[7300,4016],[2,7],[14,8],[10,4]],[[7326,4035],[12,1],[4,4],[8,3],[6,-1]],[[7356,4042],[7,2],[7,-1]],[[7370,4043],[17,7],[8,11]],[[7395,4061],[5,1],[0,6],[10,16],[4,9],[6,9],[2,10],[5,7],[2,7],[5,6]],[[7434,4132],[0,13],[-7,5]],[[7427,4150],[1,12],[-9,29],[4,27],[-1,8],[-4,3],[-3,7],[5,10],[0,4],[-3,5],[-6,3],[-7,-2],[-3,8],[-7,-1],[-2,1],[-1,4],[3,6],[-1,5],[-11,15],[-6,3],[0,12],[3,8],[-8,3],[1,7],[11,2]],[[7383,4329],[4,0],[4,-3],[1,-4],[2,1],[4,4]],[[7398,4327],[0,12],[2,4],[3,0]],[[7403,4343],[5,-4]],[[7408,4339],[5,-1],[3,3],[-1,5]],[[7415,4346],[-5,5],[-5,2],[-2,11],[-5,14],[-3,0],[-5,9],[-12,7],[-4,6],[-5,3],[-2,7],[-3,4],[-1,5],[0,6],[1,6],[-1,4],[4,3],[5,6],[2,16],[5,8],[1,6],[-4,8],[-12,4],[-1,8],[-3,6],[2,4],[-1,9],[6,8],[-1,4],[5,0],[4,4],[6,1],[8,8],[1,4],[-1,14],[-4,6],[-4,1],[1,8],[-7,14],[1,10],[7,4],[1,3],[-2,5],[-7,3],[1,9],[-2,5],[3,5]],[[7377,4629],[5,5],[2,0],[4,-11]],[[7388,4623],[2,-1],[9,2],[5,4]],[[7404,4628],[3,0],[3,-4],[5,-3],[0,-5]],[[7415,4616],[3,-3],[-2,-5],[0,-2]],[[7416,4606],[7,-7],[4,0],[5,3]],[[7432,4602],[0,7],[4,4],[1,-4],[4,-3],[14,2],[5,-5],[10,-1],[2,-7],[4,-3],[0,-10],[-2,-4],[2,-3],[0,-7],[5,0],[11,-9],[0,-4],[5,-12],[8,12],[1,0],[3,-21],[7,0]],[[7516,4534],[16,-9],[2,0],[1,6]],[[7535,4531],[4,2],[-1,11],[12,-1],[2,14],[10,3]],[[7562,4560],[5,0],[3,-3]],[[7570,4557],[13,1],[2,5],[-1,7],[-1,2]],[[7583,4572],[4,11],[2,-9]],[[7589,4574],[3,1],[2,6],[2,-3],[0,-4],[-2,-4]],[[7594,4570],[0,-4],[15,7],[3,4]],[[7612,4577],[6,-3],[2,-6],[4,-3],[11,8],[4,5],[4,1]],[[7643,4579],[6,7],[3,-4]],[[7652,4582],[-4,-4],[-1,-5],[1,-3],[-3,-3],[-2,-6],[3,-4]],[[7646,4557],[4,0],[7,7]],[[7657,4564],[4,0],[9,5],[2,7],[7,7],[2,-1],[6,3],[5,-3],[2,0],[4,-3],[3,3],[9,4],[1,3],[14,10],[2,-3],[5,0],[7,5],[3,-4],[7,4]],[[7749,4601],[11,-2]],[[7760,4599],[-1,-2],[2,-2],[-3,-2],[-2,-4],[6,-16],[3,-4],[0,-6],[1,-4],[3,1],[1,-2],[4,-1],[3,2],[0,-6],[3,2],[2,-2],[6,1],[5,-5],[0,-4],[3,-1],[-1,-2],[2,-1],[0,-7],[1,-2],[2,1],[2,-4],[1,3],[2,-1],[0,4],[-2,2],[1,0],[0,1],[-1,2],[5,6]],[[7808,4546],[-2,3],[1,3],[-1,2],[3,3],[0,1]],[[7809,4558],[5,1],[2,-4]],[[7816,4555],[6,-1],[0,-2],[2,1],[-1,-2],[3,-3],[0,2],[3,-1],[3,-2],[2,2]],[[7834,4549],[5,-9]],[[7839,4540],[3,0],[2,-3],[1,2],[3,-1],[0,2],[2,-1],[1,2],[9,3],[-2,-5],[2,-3],[-2,-1],[2,-3]],[[7860,4532],[-2,-1],[-1,-3],[7,-7]],[[7864,4521],[8,2],[0,1]],[[7872,4524],[5,-1],[4,-5]],[[7881,4518],[2,2],[-1,2],[2,1],[2,2],[2,-2],[0,4],[2,-1],[1,2],[3,0],[6,6],[1,-3],[1,3],[4,-3],[2,3],[2,-5],[2,1],[0,-3],[4,1],[-1,-4],[2,-4],[3,2],[0,-5],[3,-1],[2,-3],[-1,-3],[4,0],[-1,-3],[2,-4],[0,-5],[-3,-5],[1,-5],[3,2],[3,-4],[3,5],[2,-2],[-2,-2],[2,-2],[4,1],[1,-8],[2,0],[0,-2],[2,-3],[4,0],[0,-3],[4,1],[4,-1],[4,2],[-2,-7],[5,-10]],[[7966,4455],[0,-5],[-8,-16]],[[7958,4434],[-7,-6],[-5,-7],[3,-12]],[[7949,4409],[-2,-5],[-13,-13]],[[7934,4391],[-17,-29],[-7,-8],[-7,-4],[-20,-7]],[[7883,4343],[-7,-9],[5,0],[-1,-4],[3,-2],[-2,-8],[5,-5],[4,0],[2,4],[1,-4],[3,3],[1,-2],[1,-9],[-1,-2],[2,-3],[3,0],[-3,-2],[2,-2],[2,-24],[4,-2],[0,-4],[2,-13],[0,-6],[2,-6],[5,-2],[-1,-4],[2,-12],[7,-6],[-1,-3],[0,-6],[6,-3],[0,-7],[-1,-3],[0,-6],[4,-2],[5,-10],[-1,-13],[5,-4],[-1,-4],[1,-8],[6,-10],[5,-4],[7,4],[7,-2],[6,4],[5,8],[6,-5],[1,-5],[-2,-6],[2,-6],[-3,-4],[-2,-7],[7,-5],[1,-5],[3,-1],[1,-4],[4,-2],[1,-4],[2,0],[0,2],[7,12],[6,-6],[4,0],[4,3],[2,-4],[4,0],[-1,3],[4,1],[-1,-3],[3,0],[7,2],[3,-3],[6,0],[1,-4],[-2,-6],[7,-9],[2,1],[1,-3],[8,-3],[1,-3],[5,-3],[3,0],[2,3],[6,-6],[2,1],[2,4],[5,-1],[1,3],[2,-1],[3,4],[7,3],[0,6],[4,-1],[0,5],[-3,4],[7,5],[3,7],[6,4],[1,5],[2,-4],[4,0],[-2,-2],[0,-2],[3,1],[1,-2],[3,-1],[5,3],[-1,-5],[-5,-3],[-3,-7],[7,-3],[4,6],[6,-1],[0,-3],[10,-7],[9,-13],[20,-4],[4,-10],[-2,-9],[1,-3],[5,-1],[5,4],[7,-8],[3,1],[15,-17],[3,-8],[0,-8],[8,4],[7,7],[3,-1],[1,-12],[0,-2],[-2,0],[-1,-4],[1,-4],[-6,-10],[-4,-4],[1,-4],[6,-1],[20,9],[2,-3],[3,-9],[9,-4],[12,0],[12,-6],[-1,-3],[-8,-2],[-6,-5],[1,-10],[-2,-5],[1,-3],[9,0]],[[8290,3940],[11,-11],[11,3]],[[8312,3932],[4,6],[6,3],[5,0],[8,-2]],[[8335,3939],[4,1],[8,-1],[6,1],[1,4]],[[8354,3944],[-2,8],[6,6],[10,1],[5,4],[6,12]],[[8379,3975],[-2,5],[3,7]],[[8380,3987],[4,4]],[[8384,3991],[0,-9],[2,-5],[0,-15],[-2,-3],[5,-3],[-7,-6],[3,-8],[3,-4],[1,-3],[3,-2],[2,-6],[0,-3],[-2,-1],[3,-4],[0,-6],[-2,-3],[2,-5],[-1,-4],[-10,-5],[-4,-5],[1,-11],[-8,3],[-2,-5],[-7,-4],[-12,-14],[-2,-2],[-4,1],[-3,-5],[-8,-4],[-1,-5],[-6,0],[-1,-5],[-2,-2],[-4,2],[-2,-3],[-4,-1],[-5,-8],[-3,4],[-3,-4],[-4,4],[-5,-1],[-1,2],[3,3],[-1,2],[-14,0],[-6,4],[-4,0],[-2,4],[-3,-1],[-9,4],[-5,-3],[-2,-7],[-3,-3],[2,-8],[-3,-3],[0,-5],[2,-3],[9,1],[3,-3],[1,-9],[-3,2],[-3,-3],[5,-6],[-5,-1],[-1,-3],[-7,-3],[-4,-6],[-6,-1],[-3,2],[-7,-4],[2,-6],[9,-7],[2,-6],[9,-1],[4,-6],[-3,-2],[0,-4],[-2,-4],[3,-5],[-5,-2],[-1,4],[-3,-1],[2,-8],[-1,-3],[-4,1],[-3,-3],[-3,6],[-4,-4],[0,-5],[-4,-5],[11,-3],[3,-6],[4,-4],[-1,-3],[3,-7],[4,-3],[4,1],[5,-3],[-3,-9],[4,-2],[2,-4],[2,1],[5,-5],[1,-1],[-4,-2],[0,-2],[3,-4],[3,1],[3,-3],[1,-8],[1,0],[5,-8],[-1,-2],[-3,0],[-3,2],[0,-3],[-3,-1],[-2,-7],[0,-2],[2,0],[1,-6],[-5,-1],[0,-5],[-2,0],[2,-6],[4,-3],[-2,-3],[1,-2],[6,-5],[-1,-5],[-3,-10],[0,-4],[3,-1],[4,-7],[-4,2],[-4,-2],[-4,-5],[3,-1],[0,-3],[-7,-4],[-2,1],[-8,-4],[6,-4],[0,-2],[-10,1],[-7,5],[-4,-1],[-10,-7],[-4,-8],[-7,-11],[2,-6],[-5,0],[-7,-5],[-9,3],[-4,-4],[0,-5],[-3,-1],[-12,-23],[-6,-1],[-6,7],[-4,-2],[-8,0],[-8,6],[-8,-2],[-2,-4],[-8,4],[-5,-6],[-5,2],[-2,2],[-11,2],[2,-10],[-2,-9],[1,-10],[-3,-16],[3,-2],[4,-10]],[[8112,3444],[-2,-4],[1,-5],[-4,-1],[-3,2]],[[8104,3436],[-2,5],[-1,4]],[[8101,3445],[-6,6],[-6,1]],[[8089,3452],[-4,-1],[-2,1]],[[8083,3452],[-5,-1],[-2,6],[-5,3],[-8,-3],[-5,-10],[-2,1],[-8,-5],[-3,-10],[-4,-2],[-8,-11],[-4,-1],[-4,5],[0,4],[-9,8],[-4,-11],[-1,-5],[-3,-4],[0,-7],[-12,-4],[-6,-4],[-2,-10],[2,-13],[-3,-16],[-6,-9],[-5,-1],[-4,-11],[-10,1],[-5,3],[-2,10],[-9,5],[-3,5],[0,4],[-2,0],[-3,6],[3,8],[-1,7],[2,21],[-4,5],[-5,0],[2,5],[-2,12],[-6,9],[-1,7],[-12,4],[-18,-4],[-7,-6],[-5,0],[-1,1],[-1,5],[-5,1],[-14,-6],[-24,-2],[-4,1],[-6,8],[-9,-9],[-2,-6],[-6,-1],[-5,1],[-4,6],[-5,3],[-2,5],[-5,-7],[-15,3],[-8,-1],[-3,2],[-1,3],[5,6],[-6,1],[-1,6],[-2,3],[10,6],[-2,5],[-3,3],[2,7],[-3,9],[-11,7],[5,5],[-4,5]],[[7754,3513],[-1,12],[-8,-2],[-3,-4]],[[7842,3402],[7,-9],[7,-3]],[[7856,3390],[5,-8],[12,-8],[7,-3],[4,6],[4,-1]],[[7888,3376],[4,2],[2,-5]],[[7894,3373],[6,1],[1,-8]],[[7901,3366],[6,-2],[0,-5],[-3,-5]],[[7904,3354],[-2,-23],[3,-5],[4,-1],[-9,-38],[0,-6]],[[7900,3281],[-3,-16],[-2,-6]],[[7895,3259],[-9,5],[-12,-2],[-12,5],[-3,6]],[[7859,3273],[-5,0],[-4,-3],[-8,4],[-4,-2],[-3,2],[-5,-1],[-6,4],[-7,13],[-2,1],[-3,-2],[-2,6],[-12,2],[-4,4],[3,12],[6,11]],[[7803,3324],[-5,11],[-1,7]],[[7797,3342],[8,2]],[[7805,3344],[2,5],[-2,4]],[[7805,3353],[1,1],[13,0]],[[7819,3354],[4,6],[6,-1],[3,-2],[4,4],[7,0]],[[7843,3361],[4,3],[3,4],[0,5],[-8,4]],[[7842,3377],[2,4]],[[7844,3381],[-1,3],[-3,1],[-9,-5],[-2,4]],[[7829,3384],[2,6]],[[7831,3390],[-5,3],[1,3],[8,7],[7,-1]],[[5185,737],[-8,-7],[0,-4]],[[5177,726],[2,-2]],[[5179,724],[-2,-11],[-3,-2]],[[5174,711],[-8,2],[-11,-6],[-2,-4],[-8,10],[-7,5],[-8,-5],[-6,7],[-9,-5],[-3,2],[1,11],[-5,5],[-1,12],[7,12],[1,9],[-12,-5],[-4,-7],[-9,3],[-4,-5],[-1,-8],[-8,2],[-9,6],[1,3],[3,7],[-1,19],[5,4],[0,12],[2,7],[-2,2],[-8,-1],[-4,4],[-4,0],[-1,4],[2,5],[0,5],[-3,7],[5,4],[2,3],[-4,4],[0,9],[-10,12],[0,7],[22,10],[0,10],[4,2],[-9,8],[16,17],[7,5],[6,1],[3,-1],[4,4],[2,6],[6,10]],[[5112,941],[1,2],[-3,1],[-4,-3]],[[5106,941],[-6,2],[-2,-3],[-1,7],[-6,0],[-5,3],[-3,8],[-5,1],[0,6],[-5,-1],[-1,2],[0,5],[5,5],[-6,4],[-7,-1],[-4,-3],[-7,2],[-11,0],[-13,-4],[-24,-3],[-12,-3],[5,6],[0,9],[1,8],[-2,3],[-2,7],[3,6]],[[4998,1007],[0,7],[-7,2]],[[4991,1016],[-2,6],[-2,8],[-3,4],[-14,6],[-3,10]],[[4967,1050],[-2,3],[5,6]],[[4970,1059],[1,10],[6,4]],[[4977,1073],[-2,3],[-2,1],[-7,-4]],[[4966,1073],[-7,-5],[-11,-2]],[[4948,1066],[-10,-7],[-7,1],[-5,-6]],[[4926,1054],[-12,-1],[-4,2],[-19,-7],[-4,1],[-5,-3],[-4,1],[-4,-4],[-9,0],[-2,-2],[-7,1],[-6,-2]],[[4850,1040],[3,17],[-10,6]],[[4843,1063],[-5,-3],[-4,1]],[[4834,1061],[0,7]],[[4834,1068],[-2,7],[-4,4]],[[4828,1079],[-6,-2],[-3,2],[-3,0],[-8,2]],[[4808,1081],[-6,8],[-12,-5]],[[4790,1084],[-2,-9],[2,-7]],[[4790,1068],[-3,-2],[-5,2],[-8,9]],[[4774,1077],[-12,-8]],[[4762,1069],[0,8],[-5,3],[3,7],[6,3]],[[4766,1090],[0,5],[-4,8],[-4,2],[-3,6],[-5,3],[-5,11],[-4,4],[0,5]],[[4741,1134],[-4,2],[1,4]],[[4738,1140],[-2,4]],[[4736,1144],[1,6],[5,3]],[[4742,1153],[1,5],[6,5],[0,2]],[[4749,1165],[-5,0],[3,7],[-5,3]],[[4742,1175],[0,2],[2,5]],[[4744,1182],[3,3],[1,5]],[[4748,1190],[3,5],[3,3],[5,-1]],[[4759,1197],[4,5],[3,-1]],[[4766,1201],[1,3],[-3,6]],[[4764,1210],[-20,8]],[[4744,1218],[-9,12],[-2,6],[2,1],[4,-3],[5,6]],[[4744,1240],[1,12]],[[4745,1252],[-5,3]],[[4740,1255],[0,11],[2,2],[2,-1],[-2,-6]],[[4742,1261],[1,-3]],[[4743,1258],[9,6],[0,7]],[[4752,1271],[-4,6],[1,9]],[[4749,1286],[7,5]],[[4756,1291],[3,8],[7,10],[14,4],[4,9]],[[4784,1322],[-1,5],[-3,2],[-8,-10]],[[4772,1319],[-9,-1],[0,6]],[[4763,1324],[-3,2],[-2,8],[-4,2],[1,3],[7,-4],[3,0],[6,11],[-1,2],[-6,3],[0,8],[-8,8],[-4,9],[1,6],[-1,17],[5,8],[-1,7],[12,8],[5,10],[-1,5],[-6,8],[-6,4]],[[4760,1449],[-4,8],[2,2],[7,-1]],[[4765,1458],[1,1],[0,3],[4,3],[6,-2],[6,-9],[8,3],[6,10],[-5,13],[0,4],[5,6],[-2,3],[-10,-2],[-1,4],[2,12],[7,7],[6,0],[6,4],[8,0],[2,1],[2,3],[-2,5],[-4,1],[0,13],[-3,2],[3,8],[-2,3],[-3,16],[-2,2],[-1,9],[1,4],[-3,6],[2,3],[5,2],[1,6],[0,10],[-3,4],[3,9],[0,8],[-3,5],[0,5],[4,5],[-1,5],[1,5],[-2,9],[1,5],[4,3],[1,4],[-1,3],[-10,4],[-2,3],[-2,13],[-6,11],[-5,1],[-5,-4],[-3,6],[0,16],[19,5],[3,2],[-1,3],[-4,3],[-8,10],[-8,19],[-3,5],[5,22],[-2,13],[3,7],[7,6],[8,-3],[4,3],[6,-1],[5,1],[2,2],[4,11],[7,2],[5,-2],[4,6],[6,2],[6,6],[4,3],[12,-3],[3,-4],[2,24],[-5,7],[-5,17],[2,13],[-1,10],[5,15],[-1,4],[0,6],[-6,10],[0,3],[2,0],[-3,8],[3,2],[-3,5],[4,3],[-2,4],[2,7],[4,1],[1,5],[2,0],[2,-4],[4,9],[2,-2],[2,4],[6,0]],[[4883,2001],[5,22]],[[4888,2023],[-1,3],[-1,2],[0,3],[-7,4],[-8,11],[-13,2],[-6,-4],[-4,0],[-12,12],[-2,-1],[-2,-8],[-3,-2],[-4,0],[-6,4],[-4,0],[-4,-2],[-4,2],[-2,-1],[-8,7],[-1,5],[-9,17],[-5,2],[-2,10],[-5,6],[-3,1],[-1,11],[-13,8],[-5,2],[-11,-1],[-12,-7],[-8,-1],[-3,2],[-6,11],[-18,8],[-24,6],[-11,-4],[-9,-1],[-21,16],[-33,12],[-18,10],[4,5],[11,12],[2,6],[-5,9],[-14,7],[-4,6],[3,6],[13,18],[3,11],[5,3],[3,13],[6,1],[2,7]],[[4608,2272],[2,1],[-2,3]],[[4608,2276],[1,3],[-3,7],[-1,0],[-1,3],[-4,2]],[[4600,2291],[3,3],[0,9],[-5,-3],[-1,4],[-3,-1],[-4,-6],[-3,1],[-1,4],[-10,0],[1,-7],[-2,2],[-7,-5],[-5,2],[0,6],[2,3],[0,3],[-1,3]],[[4564,2309],[-4,0],[-3,23]],[[4557,2332],[3,6],[17,5]],[[4577,2343],[2,4],[-2,6],[5,7],[7,1]],[[4589,2361],[6,4],[11,11],[8,4],[7,-7]],[[4621,2373],[6,0],[4,3],[1,-7],[3,-2],[5,1],[7,4],[6,-5],[11,11],[1,6],[4,8],[12,-1],[2,5],[5,4]],[[4688,2400],[11,2],[2,-8]],[[4701,2394],[4,1],[6,-3],[3,-9],[5,0],[3,-7],[6,1],[2,-1],[2,-5],[1,-11],[3,-4],[2,-1],[2,2],[2,6],[1,5],[1,0],[30,-24]],[[4774,2344],[2,-10],[3,-4],[8,2],[3,23]],[[4790,2355],[6,17]],[[4796,2372],[11,-12],[8,-3],[7,0],[24,11]],[[4846,2368],[5,-2],[4,-3],[6,-20]],[[4861,2343],[2,-29],[3,-16],[3,-7],[5,-4],[5,-2],[19,3]],[[4898,2288],[16,0],[7,-2],[11,-20],[2,-23],[24,-23],[3,-8],[8,-6],[11,-16],[9,-4],[16,-2]],[[5005,2184],[23,3],[14,-26]],[[5042,2161],[0,-13],[11,-13],[-3,-12]],[[5050,2123],[14,2],[12,13],[21,-5],[4,9],[10,8]],[[5111,2150],[14,-1],[8,5]],[[5133,2154],[7,7],[11,-1],[3,-10]],[[5154,2150],[8,-5],[-1,-2],[-7,-2],[4,-11],[13,-9],[3,-7],[-2,-5],[-6,2],[-2,-1],[-1,-9],[1,-8],[-1,-4],[-10,-2],[-4,-3],[1,-5],[4,-7]],[[5154,2072],[0,-6],[2,-2],[9,-1]],[[5165,2063],[27,-12]],[[5192,2051],[19,1],[9,4],[-2,6],[-6,2]],[[5212,2064],[0,3],[1,3]],[[5213,2070],[6,5],[1,2],[-3,4],[-7,4],[-2,8],[1,7],[-12,11]],[[5197,2111],[-2,7],[1,4],[11,-2]],[[5207,2120],[3,11],[3,3],[7,-12],[14,-11]],[[5234,2111],[2,0],[-2,11],[3,2]],[[5237,2124],[2,0],[-1,-5],[2,-1],[7,2],[11,-1]],[[5258,2119],[3,5],[1,5]],[[5262,2129],[-1,14]],[[5261,2143],[1,15],[5,8],[2,-1]],[[5269,2165],[1,-6],[4,0],[5,-3],[3,1],[2,-3],[5,-3]],[[5289,2151],[4,-7],[7,10],[-1,3],[-5,5],[17,20]],[[5311,2182],[-2,5],[-3,1],[0,3],[8,18],[-2,6],[3,1],[2,3],[0,5],[-3,5],[6,8]],[[5320,2237],[-2,24],[3,4]],[[5321,2265],[-1,4],[5,1],[2,9],[4,2],[4,0],[3,-6],[5,-4],[3,-7],[0,-6],[2,-4],[-2,-11],[4,-2],[-4,-2],[0,-6],[-1,-4],[3,-2],[0,-6]],[[5348,2221],[4,-14],[-2,-2]],[[5350,2205],[-1,-5]],[[5349,2200],[-7,-7],[1,-4],[14,-22],[8,-5],[2,1]],[[5367,2163],[4,8]],[[5371,2171],[2,1],[7,-2]],[[5380,2170],[4,2],[7,-5],[5,2]],[[5396,2169],[11,-4]],[[5407,2165],[1,3],[7,4],[3,5],[6,3]],[[5424,2180],[2,-1],[4,-16]],[[5430,2163],[2,-3],[2,1],[6,-8],[5,-1],[0,-3],[-2,-7],[2,-4],[3,1],[3,-2],[4,0],[1,-2],[-2,-3]],[[5454,2132],[5,-4],[0,-3],[-3,0]],[[5456,2125],[-1,-8],[-2,0],[-2,-3],[4,-7],[-3,-3],[-1,-7],[1,-4],[-2,-1],[-2,-5],[13,-5],[2,-3],[0,-8],[6,-2],[-2,-10],[0,-11],[-3,-11]],[[5464,2037],[4,0],[5,7]],[[5473,2044],[6,2],[3,-4],[1,-16],[2,-1],[5,5],[3,-2],[-2,-9],[-4,-4],[-3,0],[-2,-6],[3,-2],[9,3],[9,-6],[4,0],[3,5],[4,12],[0,6],[-3,8],[6,-1],[5,-4],[4,3],[-2,-7],[1,-5],[12,-9],[8,3],[-1,-7],[-6,-17],[9,-8],[2,-5],[9,0],[8,-11],[8,2],[1,-4],[-2,-6],[4,-3],[7,3],[5,-2],[2,13],[13,2],[3,-7],[6,-4],[1,-12],[-1,-3],[0,-2],[6,-3],[10,2],[3,4],[-3,4],[0,6],[6,6],[-1,5],[2,2],[2,8],[2,-2],[2,-9],[8,-14],[5,2],[4,-1],[1,2],[0,6],[2,1],[4,1],[4,-3],[9,2],[0,-6],[3,-10],[4,-3],[3,-7],[-2,-3],[-4,3],[-1,-3],[2,-4],[4,-2],[4,-9],[11,-10],[1,-4],[6,-13],[1,-4],[16,3],[3,-5],[2,-7],[4,-3],[3,1],[5,-3],[6,-11],[12,-5],[-2,-3],[0,-9],[-5,0],[-3,4],[-4,-3],[-4,-15],[4,-14],[7,-1],[3,-3],[-1,6],[-4,6]],[[5753,1826],[0,5],[2,5],[4,3],[6,1],[13,-4]],[[5778,1836],[0,11],[-1,7],[1,2],[8,1],[15,-5],[6,-16]],[[5807,1836],[0,-13],[7,2],[5,-1],[6,3],[5,-12],[7,-6],[3,-4]],[[5840,1805],[-1,-6],[-9,-6],[7,-8]],[[5837,1785],[0,-2]],[[5837,1783],[-5,-4],[-4,-7]],[[5828,1772],[-9,-3]],[[5819,1769],[2,-9],[10,1]],[[5831,1761],[2,-14]],[[5833,1747],[5,-4],[5,11],[4,4]],[[5847,1758],[3,1],[1,-9],[1,-3],[8,-5],[6,1],[3,-2],[4,-22],[5,-7],[9,0]],[[5887,1712],[10,-4],[-1,-7]],[[5896,1701],[-14,-7],[-2,-3],[0,-4],[3,-10],[7,-6],[-4,-4],[3,-7],[-3,-6],[-1,-5],[3,-2],[1,-5],[5,-2],[2,-3],[4,-1]],[[5900,1636],[5,-7],[-4,-3]],[[5901,1626],[-6,4],[-4,-7],[-7,-4],[5,-3],[-1,-10],[-6,2],[-5,-2],[-1,-8],[4,2],[2,-4],[-4,-5],[1,-3],[-3,-8],[-2,1],[-1,3],[-2,1],[-1,-2],[-3,2],[0,-3],[-4,-4],[-1,0]],[[5862,1578],[-1,4],[-2,-3]],[[5859,1579],[2,-4],[-4,0],[1,-3],[-2,-1]],[[5856,1571],[1,-2],[-4,-1],[1,-5]],[[5854,1563],[3,-1],[-3,-9],[2,-1],[-3,-3]],[[5853,1549],[2,-3],[-5,-3]],[[5850,1543],[1,-8],[-2,-4],[-5,-3],[1,-5],[-2,0],[0,-4],[1,-6],[-7,-10],[1,-1],[-3,-3],[-4,0],[0,-3],[-11,-9],[-3,-9],[-4,-4],[1,-1],[-1,-3],[-3,-3],[-1,-4],[-5,3],[-6,-3],[-7,1],[-4,-5],[-1,-5],[-3,-3],[3,-4],[-2,-4],[2,-2],[-1,-6],[-7,-12],[-4,-1],[-2,-3],[4,-5],[-1,-4],[2,1],[4,-3],[4,-1],[-3,-8],[-6,-6],[1,-16],[-2,-2],[-1,-8]],[[5774,1367],[5,-11],[-2,-10]],[[5777,1346],[4,-7],[1,-9],[3,-7]],[[5785,1323],[6,1],[3,-4],[2,2],[2,-1],[3,4],[4,-1],[2,4],[2,0],[4,-10],[8,-8]],[[5821,1310],[3,-14],[-1,-4],[5,1]],[[5828,1293],[4,5],[2,7],[6,3]],[[5840,1308],[10,-2],[2,-3],[1,-4],[4,-2],[2,1],[-4,3]],[[5855,1301],[1,3]],[[5856,1304],[9,-7],[4,2],[2,4]],[[5871,1303],[3,1],[5,-4],[6,0],[3,-3],[1,-6],[-2,-4],[3,-3],[-1,-6],[6,-8],[2,-7],[-1,-5],[5,-3],[2,-9],[0,-4],[2,-4],[0,-5],[-2,-11],[-3,-6],[2,-7],[1,-1],[4,4],[6,-6],[4,1],[2,-2],[5,2],[0,5],[3,4],[7,-3],[6,3],[2,-3],[-2,-6],[6,-13],[0,-10],[3,-3],[0,-9],[3,-7],[4,-2],[-4,-8],[4,-2],[-3,-2],[3,-3],[-1,-1],[-2,-9],[1,-3],[1,0],[2,-3],[1,-3],[-4,-13]],[[5954,1116],[0,-7],[-5,-3]],[[5949,1106],[-5,-1],[-13,-13],[2,-16],[3,-12],[-3,-14],[0,-5],[-2,-4],[-6,3],[-2,-6],[1,-3],[-6,-2],[-1,-8],[-4,-2],[7,-7],[1,-8],[1,-3],[-8,-4],[-1,-3],[2,0],[1,-7],[-10,-7],[0,-14],[4,-5],[3,-1],[-1,-5],[3,-10],[-1,-3],[-6,-3],[4,-14],[-5,4],[-6,0],[0,5],[-6,3],[-1,2],[-4,1],[-3,-2],[-1,-4],[2,-7],[-1,-3],[-3,1],[-8,-5],[-6,0],[-1,-5],[-4,-5],[-4,-1],[-1,-3],[-3,0],[1,-2],[0,-3],[-11,2],[-6,7],[-4,-3],[-3,6],[-12,0],[-13,-4],[-4,-3],[-5,-11],[-5,-8],[-1,-10],[2,-3],[-3,-3],[1,-5],[-2,-4],[1,-6],[-3,-2],[0,-7],[-9,-7],[4,-8],[0,-7],[-5,-5],[-2,-7],[-16,-9],[-5,0],[-3,-6],[2,-3],[-3,-6],[4,-13],[6,-3],[-1,-9],[-5,-5],[-7,-3],[-5,-6],[7,-2],[6,-5],[-3,-6],[-6,-10],[-5,-2],[-2,-6],[-4,1],[-11,-3],[-7,-15],[-8,-7],[-11,-6],[3,-7],[-4,-7],[4,-6],[2,-12],[4,-6],[3,-13],[-3,-5],[-7,-2]],[[5703,635],[-6,-4],[-5,3],[-3,-3],[-8,2],[-1,3],[-5,-2],[-8,5],[-3,-2],[-12,10],[-4,2],[-4,-3],[-13,-16],[-10,1],[-5,-4],[-6,0],[-7,-7],[-4,1],[-6,-6],[-5,2],[-3,-4],[-5,-3],[-2,-2],[-1,-8],[-4,-3],[1,-12],[-7,-4],[-7,-2],[-4,-4],[-2,-7],[-2,-2],[-6,4],[-9,1],[-4,-2],[-5,6],[-10,-1],[-4,-5],[-7,-1],[-6,-3],[0,-5],[-7,-15],[0,-4],[-5,-2],[-4,3],[-5,-4],[-16,4],[-8,-1],[-2,-4],[-8,-8],[-7,-4],[-6,-10],[-3,4],[-11,4],[-6,-1],[-3,3],[-6,-3],[-10,3],[-15,-4],[1,6],[-3,2],[-10,-7],[-13,-2],[-5,-2],[-5,-5],[-5,0],[-10,-11],[-8,4],[-5,-2],[-5,-6]],[[5311,498],[1,11],[0,18],[1,6],[2,0]],[[5315,533],[-3,5],[-6,7]],[[5306,545],[-16,-5],[-2,2],[-3,0],[-1,2],[-1,-1],[-2,1]],[[5281,544],[-2,11]],[[5279,555],[-4,2],[2,6],[4,5]],[[5281,568],[-5,9],[-4,-2]],[[5272,575],[-2,-13]],[[5270,562],[-3,1],[-5,-1]],[[5262,562],[-3,2],[-1,11]],[[5258,575],[-4,2],[-1,4],[3,5],[-5,16],[2,9]],[[5253,611],[-1,3],[-7,5]],[[5245,619],[-11,0],[-10,-9],[-4,2],[-4,9],[-2,11],[-6,1],[-2,3],[-2,0],[2,13],[6,1],[8,8],[0,2],[-8,9],[-2,7],[2,7],[9,10],[3,6],[1,9]],[[5225,708],[8,-4]],[[5233,704],[3,-4],[6,0],[5,-4],[3,2],[5,1],[7,-3]],[[5262,696],[5,4],[-4,4]],[[5263,704],[1,6],[-8,1],[-2,5],[-4,4],[-3,10],[-4,5],[-11,1],[-2,4],[-4,1],[-5,-1],[-3,2],[-1,5]],[[5217,747],[-10,5],[-3,-5]],[[5204,747],[-5,-2],[-8,-12],[-5,-1],[-1,5]],[[273,4269],[9,3],[6,-10],[5,-3],[6,2],[6,6],[28,-6],[7,1],[10,-10],[3,2],[3,13],[9,-3],[7,-11],[7,0],[5,3],[4,-10],[7,10],[2,-2],[15,-1],[2,-5],[3,2],[0,6],[1,1],[2,-8],[-3,-5],[4,-8],[16,-4],[1,-9],[3,-4],[2,4],[-1,10],[2,1],[3,-2],[3,-5],[-1,-6],[5,-4],[2,-3],[0,-4],[-3,-2],[0,-3],[2,-7],[5,-1],[6,7],[4,-1],[-1,-3],[2,1],[-1,-3],[1,-2],[1,2],[3,1],[-2,3],[2,0],[2,3],[-4,9],[7,6],[2,-1],[0,-4],[1,0],[1,13],[4,1],[2,-2],[1,2],[5,-2],[3,2],[0,-2],[3,5],[5,2],[-1,3],[2,-1],[2,4],[2,0],[0,2],[1,-1],[2,3],[1,-2]],[[516,4242],[0,2],[3,2],[2,-2],[1,-3],[2,2]],[[524,4243],[4,-1]],[[528,4242],[0,-5],[4,1],[3,4]],[[535,4242],[1,-2],[4,-1],[1,2],[3,1]],[[544,4242],[1,-2],[1,3]],[[546,4243],[2,-1],[-1,-3],[4,1],[1,5],[2,3],[3,-2],[2,3],[9,-1],[2,3],[3,0],[0,4],[2,-1],[-2,3],[3,0],[0,1],[3,-2],[1,2],[2,-2]],[[582,4256],[2,0],[0,2],[6,-6]],[[590,4252],[9,-3],[1,2],[4,0],[1,-1],[2,3],[1,-2],[1,3],[1,-3],[3,3]],[[613,4254],[4,-3]],[[617,4251],[0,2],[3,-1],[0,-3],[3,1],[2,-3],[2,1],[2,-3],[3,-2],[0,3],[2,0],[0,-1],[3,1],[4,-4],[2,2],[3,-2],[-1,2],[3,1],[8,-5],[3,2],[1,-2],[3,1],[3,-5],[-1,-6],[2,-2],[-2,-1],[4,1],[0,-3],[4,1],[0,-2],[2,0],[2,4],[3,-2],[1,1],[1,-2],[3,4],[3,1],[2,-6],[1,-1],[-2,-5],[2,-1],[-1,-4],[4,-5],[11,-7],[4,6],[7,-2],[2,-3],[-1,-2],[3,-1],[2,-6],[2,-1],[-2,-1],[4,-5],[3,0],[1,-4],[3,-1],[0,-4],[12,1],[2,-3],[1,2],[-1,1],[2,1],[2,-1],[-1,-2],[2,1],[2,-2],[2,0],[2,4],[2,-1],[1,2],[7,-7],[0,-3],[2,1],[3,-2],[1,2],[4,-3],[1,-9],[2,-1],[-2,-3],[-2,1],[-1,-5],[1,-8],[-2,-7],[1,-12],[0,-13],[-6,-8],[-6,-20],[7,-37],[2,-6],[9,-7],[0,-11],[-7,-14],[0,-13],[-2,-7],[-2,-3],[1,-5],[-4,-15],[-2,-2],[1,-2],[-2,-2],[3,-1],[1,-6],[-4,-27],[-9,-26],[-10,-25],[-3,-4],[-2,-14],[7,-11],[15,-7],[12,-19],[5,-12],[7,-6],[4,-6],[1,-6],[-4,-9]],[[788,3780],[1,-6],[0,-5],[7,-9]],[[796,3760],[7,-23],[3,0],[1,-4],[6,-6],[1,-10],[2,-4],[0,-12],[1,-1],[1,-4],[-4,-4],[6,-4],[-1,-5],[3,-3],[0,-5],[4,-14],[4,-3],[1,-8]],[[831,3650],[22,-22],[10,-1]],[[863,3627],[25,0],[8,3]],[[896,3630],[5,7]],[[901,3637],[8,2],[5,8],[4,11]],[[918,3658],[-3,14],[2,5],[5,1],[7,-3],[2,0],[3,-3]],[[934,3672],[9,2],[-4,5]],[[939,3679],[0,2],[3,2],[-2,15],[3,1],[1,8],[3,3],[0,3],[1,2],[11,-10],[9,-6],[7,-8]],[[975,3691],[10,-17],[6,-2]],[[991,3672],[6,4]],[[997,3676],[9,2],[6,10]],[[1012,3688],[7,2],[0,2],[8,11],[5,4],[7,19],[3,5],[3,5]],[[1045,3736],[8,9],[2,7],[0,5]],[[1055,3757],[-3,5],[0,7]],[[1052,3769],[-1,7]],[[1051,3776],[1,4],[17,21]],[[1069,3801],[4,11],[10,8],[4,-1],[2,-5],[5,-3],[0,-10],[26,-16],[9,-17],[8,-8],[15,1],[4,-3],[7,-1],[21,3],[14,-6],[7,2],[8,-3],[9,1],[26,-17],[6,-2],[12,1],[5,-2],[1,3],[3,1],[-1,4],[2,2],[4,-3],[2,0],[3,-4],[6,4],[6,1],[0,-5],[3,-3],[2,5],[5,1],[2,-6],[5,0],[2,-2],[8,6],[4,0],[4,-8],[2,2],[4,-1],[1,9],[10,0],[2,-2],[5,6],[2,-4],[5,-2],[-2,7],[12,-1],[1,2],[-1,5],[5,0],[2,7],[4,0],[5,-3],[1,1],[1,4],[-7,2],[1,3],[3,3],[-2,6],[5,1],[1,7],[5,1],[-3,5],[0,3],[2,0],[2,-4],[4,2],[-1,4],[-4,1],[0,4],[-3,3],[3,5],[5,2],[-4,4],[3,3],[1,4],[-3,3],[1,4],[-2,11],[8,3],[2,6],[-1,2],[-5,0],[3,9],[-1,3],[-3,0],[1,7],[2,3],[4,-1],[2,5],[7,-4],[0,6],[1,3],[-3,3],[5,-1],[4,4],[5,0],[-1,9],[3,3],[3,8],[4,5],[1,-3],[3,-1],[0,-5],[1,-2],[8,0],[6,7],[2,-2],[-2,-3],[1,-5],[5,3],[2,-3],[5,3],[5,7],[3,-7],[1,-8],[7,6],[3,-1],[3,5],[1,-4],[2,1],[3,-2],[-2,-2],[0,-3],[4,3],[5,-2],[2,2],[6,-5],[7,2],[4,3],[3,0],[3,-3],[5,5],[3,2],[3,-5],[0,-1],[1,-2],[3,-2],[2,5],[4,-1],[4,3],[2,-2],[6,2],[-1,-2],[2,-2],[2,1],[4,-2],[5,-10],[6,0],[5,-6],[8,-1],[1,-3],[4,0],[2,-3],[2,1],[5,-4],[2,-2],[0,-4],[3,1],[1,-6],[3,-6],[4,2],[0,-2],[2,0],[4,8],[3,-6],[4,-3],[2,1],[3,5],[2,1],[1,-2],[-1,-5],[6,-7],[-1,-2],[4,1],[-1,1],[2,1],[1,-2],[1,1],[4,-2],[1,-4],[4,0],[1,2],[3,-3],[1,-6],[6,1],[3,-3],[2,1],[1,-4],[1,1],[2,-3],[5,2],[4,-2],[6,4],[1,4],[2,1],[4,-4],[4,-1],[1,-3],[1,2],[3,-5],[4,-1],[4,6],[3,-2],[1,2],[1,-2],[3,1],[2,1],[-1,1],[2,5],[2,-3],[4,0],[4,3],[0,2],[2,2],[-2,3],[1,2],[3,1],[2,3],[-1,2],[3,0],[2,5],[8,1],[1,2],[1,-2],[1,2],[6,5],[3,-2],[1,0],[1,2],[4,-1],[2,-4],[3,0],[7,-5],[1,1],[10,-3],[10,5],[7,-1],[7,6],[5,-3],[3,2],[3,-2],[3,2],[1,-2],[7,3],[7,-3],[1,2]],[[1855,3853],[2,1],[8,-1],[2,-3]],[[1867,3850],[6,-1],[5,2],[2,-3],[6,2],[1,-2],[2,3],[6,-6],[7,-2],[2,3],[3,-3]],[[1907,3843],[6,-1],[7,-5]],[[1920,3837],[9,-12],[-1,-4]],[[1928,3821],[1,-10],[3,-6],[6,-3]],[[1938,3802],[5,1],[8,-1],[6,3]],[[1957,3805],[1,3]],[[1958,3808],[7,4],[3,3],[1,6],[-2,11],[1,2]],[[1968,3834],[15,-10],[19,-6],[13,1],[9,6],[9,8],[10,-6],[13,-4],[16,20],[-1,3],[-7,4],[-10,3],[0,4],[-3,4],[2,15],[4,0],[2,4],[6,2],[4,-1],[5,-6],[3,1],[3,4],[1,4],[2,3],[1,-1],[4,6],[7,0],[2,3],[6,2],[2,2],[3,-1],[7,1],[4,-2],[4,2],[2,-2],[8,1],[4,-4],[3,2],[6,-1],[2,3],[4,-1],[1,-3],[4,3],[2,-1],[4,1],[1,-1],[3,1],[10,-4],[4,1],[0,-3],[8,-4],[4,-7],[4,-2],[6,2],[6,-4],[4,4],[3,0]],[[2216,3880],[2,-4],[8,3]],[[2226,3879],[3,7],[2,0],[4,5],[0,5],[4,5],[3,1],[4,5],[4,2],[5,-3],[5,9],[5,1],[0,-2],[4,-7],[11,-2],[3,4],[10,-2],[4,4],[8,2],[3,6],[9,-2],[3,3]],[[2320,3920],[6,1],[1,7]],[[2327,3928],[4,10],[13,11]],[[2344,3949],[6,1],[7,9],[9,1]],[[2366,3960],[3,3],[1,5],[-4,8]],[[2366,3976],[-14,6],[-3,3],[-1,3],[5,33],[9,11]],[[2362,4032],[1,9],[8,3]],[[2371,4044],[7,-2],[3,-4],[2,2],[5,-2],[1,-2],[3,1],[2,-2],[3,2],[0,5],[7,-2],[8,6],[6,8],[0,4],[-4,5],[4,5],[1,6],[-3,10],[-5,6],[3,21],[-2,4],[3,3],[4,0],[1,-3],[3,-2],[2,1],[1,5],[1,15],[3,6],[7,7],[-2,6],[-12,12],[-3,6],[-2,11],[-3,7],[8,-1],[4,-3],[2,1],[2,-1],[6,4],[4,-5],[5,3],[8,12],[2,7],[10,12],[3,5],[14,7],[-1,9],[2,3],[9,6],[11,2],[16,13],[2,8],[-5,6],[-3,8],[3,9],[19,13],[6,1],[11,8],[2,5],[-2,4],[1,15],[1,3],[8,-1],[8,-6],[8,-4],[9,0],[4,-6],[2,-7],[11,-7],[1,-4],[9,-2],[6,4],[5,-2],[1,-5],[-4,-5],[-1,-4],[9,-17],[8,-9],[4,-2],[-4,-15],[3,-5],[1,-8],[5,-2],[2,-3],[4,-3],[0,4],[6,3],[5,-1],[8,2],[8,-4],[11,1],[5,-1],[11,-11],[2,1],[2,-2],[5,1],[5,-3],[2,-5],[3,-5],[0,-12],[8,-11],[-4,-22],[1,-9],[4,-11],[7,-13],[13,-6],[3,1],[5,5],[5,25],[-1,19],[11,13],[8,5],[-1,7],[-2,1],[1,6],[12,0],[7,-8],[3,2],[1,4],[1,5],[-4,13],[-1,10],[-4,8],[-1,8],[2,10],[7,10],[-3,13],[2,4],[0,3],[-2,8],[-3,26],[-5,9],[0,10],[-1,3],[1,3],[-3,3],[-1,7],[2,5],[0,5],[2,12],[5,9]],[[2802,4390],[-3,13],[5,-2]],[[2804,4401],[7,8],[3,-5],[3,-11],[3,-2],[4,0]],[[2824,4391],[8,6],[6,9]],[[2838,4406],[0,10],[5,2],[3,-9],[8,-3],[1,-6],[2,-3],[0,-5],[1,-7],[-1,-8],[6,-12],[1,-9],[4,-10],[2,-13],[7,-11],[2,-2],[4,0],[1,-8],[8,-3],[1,-5],[3,-2],[-1,-4],[1,-7],[4,-9],[-4,-12],[-1,-13],[2,-4],[-1,-3],[2,-4],[0,-3],[4,-8],[1,-3],[2,-2],[0,-3],[5,-1],[0,-4]],[[2910,4222],[2,0],[-5,-10]],[[2907,4212],[4,-3],[-4,-2],[2,-6],[-4,-3],[2,-3],[-1,-10],[-1,-4],[-3,-3],[2,-8],[-2,-10],[6,-16]],[[2908,4144],[-2,-7],[-3,-5],[-1,-8],[1,-5],[-1,-5]],[[2902,4114],[4,-4],[-1,-5],[3,-6],[-5,-7],[4,-7],[-3,-3],[0,-6],[3,0],[0,-5],[2,1],[1,-3],[-2,-4],[3,-8],[2,0],[1,-10],[3,-1],[-2,-6],[4,-3],[3,-9],[-3,-5],[0,-5],[-4,-3],[-2,-6]],[[2913,4009],[12,-30],[2,-12],[-2,-4]],[[2925,3963],[1,-3],[-4,-1]],[[2922,3959],[-3,-9],[1,-4],[-1,-3]],[[2919,3943],[4,-7],[2,-10],[5,-4],[0,-7],[2,-1],[2,2],[2,-5],[5,0],[2,-5],[4,0],[3,-5],[1,-5],[5,-4],[0,-5],[10,-4],[2,2],[2,-3],[3,0],[3,-5],[9,-5],[3,-6],[8,-1]],[[2996,3865],[7,-4],[8,4]],[[3011,3865],[5,-2],[10,0],[6,5],[9,-2]],[[3041,3866],[6,4],[8,-2]],[[3055,3868],[4,1],[6,-5],[18,-4]],[[3083,3860],[7,-5],[4,14]],[[3094,3869],[11,12],[-1,3],[-4,3]],[[3100,3887],[-18,8]],[[3082,3895],[-7,12],[-3,11],[-11,18],[-1,7],[-9,4],[1,4],[-2,10],[-1,25],[6,15],[8,2],[1,11],[-2,8],[-7,-3],[-2,2],[3,10],[-7,5],[0,6],[-2,9],[-3,5],[-2,7],[-7,12],[-2,7],[4,15],[6,12],[-2,20],[3,8],[-1,12],[2,17],[3,2],[-2,7],[4,15],[-4,4],[-3,22],[-11,23],[1,6],[-4,10],[3,6],[0,9],[-2,4],[5,4],[10,12],[-1,2],[-5,6],[2,6],[-3,10],[2,7],[-2,8],[11,3],[3,3],[4,0],[6,4],[4,11],[0,10],[1,2],[4,2],[3,-1],[4,0],[7,8],[6,3],[6,10],[10,8],[7,2]],[[3114,4394],[2,7],[3,2],[4,-6]],[[3123,4397],[7,-5],[14,6],[9,-7],[7,-3],[2,1],[4,8],[3,0],[3,-4],[7,-1],[2,-4],[-1,-4],[-11,-3],[5,-11],[0,-2],[-4,-1],[0,-2],[6,-4],[7,6],[6,3],[3,6],[3,1],[14,-8],[1,-6],[-3,-7],[1,-3],[7,3],[8,-1],[4,19],[2,3],[4,-3],[2,-8],[2,-2],[13,4],[1,-2],[1,-6],[3,-2],[8,8]],[[3263,4366],[5,1],[12,-6]],[[3280,4361],[10,4],[3,0],[2,-2],[1,-6]],[[3296,4357],[1,-1],[5,3],[-2,7]],[[3300,4366],[4,5],[7,-2]],[[3311,4369],[8,3],[4,-9]],[[3323,4363],[6,5]],[[3329,4368],[4,-1],[3,-3],[2,-13]],[[3338,4351],[4,-5],[-2,-7],[0,-9],[-6,-8],[2,-3],[19,0],[2,4],[-2,4],[1,3],[6,8],[4,1],[2,6],[15,5],[6,-6],[10,0],[3,-8],[5,4],[4,0],[0,5],[8,6],[5,1],[6,-7],[-1,-13],[3,0],[2,5],[4,3],[2,-1],[-1,-7],[9,5],[3,-11],[12,0],[3,-9],[11,-1],[1,-3],[-4,-2],[0,-2],[5,-1],[9,-10],[3,0],[3,3],[1,9],[2,0],[3,-8],[5,3],[-1,-7],[2,-2],[1,1],[5,10]],[[3512,4307],[2,1],[5,-1]],[[3519,4307],[-2,-11]],[[3517,4296],[6,8],[3,0]],[[3526,4304],[1,-7]],[[3527,4297],[9,6],[5,-1]],[[3541,4302],[0,-3],[-5,-4]],[[3536,4295],[2,-3],[0,-3],[-10,-6]],[[3528,4283],[-1,-5],[2,-3],[8,3]],[[3537,4278],[3,-2],[3,-10],[5,-2]],[[3548,4264],[2,1],[3,5],[-1,9],[3,1],[4,-5]],[[3559,4275],[8,1],[6,-3],[1,-3],[0,-6],[5,5],[6,1],[3,-8],[-5,-3],[0,-5],[4,-5],[1,-6],[3,-2],[4,7],[2,-1],[1,-6],[3,0],[3,3],[2,-2],[-4,-12],[4,-9]],[[3606,4221],[2,-8],[12,11]],[[3620,4224],[3,-8],[9,2],[-1,-5]],[[3631,4213],[2,-12],[3,1],[5,9],[2,-3],[-3,-11]],[[3640,4197],[4,-2],[9,3]],[[3653,4198],[2,8],[4,-1],[1,-3],[-3,-16]],[[3657,4186],[6,-2],[5,0],[3,-2],[2,5],[2,1]],[[3675,4188],[3,-9]],[[3678,4179],[3,2],[7,10],[2,8],[6,3],[3,-3],[4,0],[5,3],[4,-10],[7,3],[2,-11],[14,2],[4,-5],[5,4],[5,-3],[1,-3],[-2,-4],[-2,-2],[0,-3],[5,-2],[3,4],[4,-5],[2,2],[2,-5],[6,0],[0,-4],[4,-2],[3,-8],[2,1],[4,0],[3,6],[6,-4],[7,10],[5,0],[2,-6],[3,5],[7,0],[2,3],[6,-1],[1,-9],[7,0],[4,4],[-4,3],[0,3],[7,4],[2,15],[1,2],[4,-7],[-1,-5],[1,-2],[9,8],[3,-10],[12,3],[2,-3],[2,-10],[2,2],[0,8],[6,-5],[8,-2],[5,2],[0,-3],[-6,-3],[-1,-3],[3,-2],[1,-4],[3,-3],[2,2],[4,0],[5,-4],[2,2],[-1,8],[4,5],[4,-6],[6,0],[1,-2],[2,2],[-2,-7],[3,-1],[3,-10],[1,1],[1,6],[3,-3],[1,-4],[2,0],[2,6],[2,-2],[3,1],[3,0],[5,4],[1,-2],[3,1],[-1,2],[1,3],[3,-2],[2,4],[2,1],[6,-9],[5,3],[0,1],[3,-2],[4,1],[1,2],[2,-1],[3,-4],[0,-4],[3,-3],[1,0],[3,6]],[[3991,4142],[5,2],[6,-2]],[[4002,4142],[0,-6],[7,2],[2,-3],[0,-4],[2,-2],[4,2],[0,-3],[4,-2],[0,5]],[[4021,4131],[4,1],[6,-6]],[[4031,4126],[1,8],[3,1],[0,3],[2,1],[1,4],[3,-1],[3,-5],[3,-3],[2,5],[-1,2],[7,1],[11,11],[2,-5],[5,-3],[7,5],[10,0]],[[4090,4150],[16,6],[7,-1]],[[4113,4155],[6,-13]],[[4119,4142],[13,-9],[3,-4],[1,-12],[4,-11],[0,-13],[7,-17],[7,-9],[4,-13],[2,-2],[20,6],[7,-3],[6,0],[16,6],[15,12],[8,-1],[4,-7],[-4,-10],[2,-11],[4,-8],[8,-7],[2,-6],[5,-5],[17,0],[4,-2],[5,-10],[6,-6],[4,2],[4,11],[3,6],[11,7],[15,1],[15,-3],[16,3],[10,5],[7,10],[3,-12],[8,-8],[2,-5],[2,-7],[1,-11],[4,-10],[-1,-6],[11,-2],[6,-4],[4,0],[3,2],[2,-2],[-3,-6],[0,-6],[-10,-6],[-1,-5],[-10,-12],[-2,-5],[7,-13],[3,-1],[5,2],[8,-6],[2,-3]],[[4414,3916],[-1,-10],[-4,-5]],[[4409,3901],[-7,0],[-3,-2],[-4,-10],[-8,-1],[-3,-4]],[[4384,3884],[0,-8],[7,-7],[14,-9],[7,-9],[4,-9]],[[4416,3842],[-2,-9]],[[4414,3833],[2,-15],[-2,-8]],[[4414,3810],[7,-4],[3,-4]],[[4424,3802],[17,-10],[7,-6],[2,-6]],[[4450,3780],[-3,-14],[-6,1],[-6,-2],[-2,-8]],[[4433,3757],[-7,-7],[-9,4],[-13,-3],[-2,-9],[-5,-5],[0,-6],[-2,-2],[-5,2],[3,-6],[3,0],[1,-2],[3,-1],[4,2],[13,-10],[1,-6],[3,-4],[-1,-2],[2,-4],[-7,-6],[2,-6],[-2,-1],[1,-3],[-1,-2],[-4,1],[-2,-4],[4,-5],[1,-4],[-6,-1],[1,-3],[-3,-4],[-7,1],[-1,-4],[5,-3],[1,-8],[-5,-6],[2,-6],[-1,-5],[-3,-6],[3,-3],[-2,-2],[2,-7],[-7,-11],[-1,-8],[-6,-10],[-2,-1],[0,4],[-4,1],[0,3],[-2,-1],[-1,2],[-12,-2],[-5,3],[-1,-2],[-5,4],[-10,-4],[-1,-1],[-19,0],[0,5],[-5,1],[-3,3],[-1,-2],[-4,3],[-2,-3],[-1,2],[-5,-1],[1,11],[-9,5],[0,-2],[-3,1],[-7,-6],[-3,-3],[0,-2],[-2,-1],[1,-2],[-2,0],[-1,-4],[-3,2],[-16,-8],[-16,4],[-14,-13],[-6,-3],[-8,6],[-5,1],[-1,-2],[1,-5],[13,-13],[-2,-26],[10,-15],[-2,-8],[-5,-3],[-5,5],[-9,1],[-5,-6],[-5,-1],[-4,2],[-7,-4],[-7,6],[-7,1],[-4,-2],[-4,-8],[-5,1],[-5,6],[-4,-1],[-2,-3],[0,-6],[-4,-2],[-18,17],[-11,-5],[-3,-7],[-2,-2],[-16,-6],[-17,8],[-3,5],[-2,6],[-3,4],[-13,-7],[-8,6],[-3,8],[-3,1]],[[4045,3527],[-2,-2],[-8,1],[-10,-12]],[[4025,3514],[-3,-10],[1,-6],[4,-7]],[[4027,3491],[-2,-10],[-4,-9]],[[4021,3472],[-4,-2],[-5,3],[-13,16]],[[3999,3489],[-10,-5],[-3,-4],[-3,-8],[-5,-6],[-6,-20],[-10,-9],[-15,-7],[0,-9],[-5,-11],[1,-11],[2,-4],[6,0],[18,-15],[4,-10],[-2,-3],[-5,-1]],[[3966,3366],[-9,6],[-5,2],[-4,-6],[-1,-3]],[[3947,3365],[2,-5]],[[3949,3360],[4,-5],[4,-2]],[[3957,3353],[-10,-17],[0,-19],[-12,-5],[-3,1],[-3,-3],[-8,-2],[-3,-2],[-3,1]],[[3915,3307],[-2,-2],[0,-2],[-2,0]],[[3911,3303],[-2,2],[1,7],[-8,0],[-1,3],[-4,-1],[0,-4],[-4,2],[-3,-3],[0,4],[-3,0],[1,-6],[-7,7],[-2,0],[-1,-3],[-8,7],[-4,-4],[-2,4],[-2,0],[-4,4],[0,4],[-4,0],[-2,3],[-4,-3],[-4,2],[-3,-2],[0,4],[-3,-1],[0,4],[-3,-1],[1,2],[-2,1],[-4,-2],[-8,0],[0,-4],[-3,1],[-1,6],[-1,0],[-1,-6],[-7,0],[-5,6],[-5,-1],[0,-4],[-2,-2],[-6,5],[-2,-4],[1,-1],[-4,-2],[-1,-3],[5,-8],[-4,0],[-4,-5],[-3,0],[0,-2],[-4,-1],[-2,-3],[-3,3],[-3,-1],[1,-8],[2,-2],[-1,-2],[3,-4],[-1,-5],[3,-2],[-5,-1],[-3,-12],[1,-4],[-1,-3],[-7,-10],[-4,-1],[-4,-4],[1,-7],[-5,-9],[1,-6],[4,-9],[10,-9],[0,-3],[6,-4],[8,-4],[9,5],[-1,-6],[-9,-12],[-2,-1],[-3,5],[-3,3],[-11,-2],[-4,5],[-7,4],[-24,1],[-12,-2],[-4,2],[-6,7],[-11,2],[-10,-18],[0,-6],[4,-5],[8,-1],[4,-5],[6,1],[4,-5],[6,-4],[1,-2],[-1,-5],[-7,-5],[-2,2],[-3,-1],[-23,12],[-7,1],[-3,-6],[-4,-1],[-6,2],[-2,-1],[-8,-1],[1,-5],[-5,-10],[-11,-8],[-9,3],[-6,6],[-7,-3],[-2,-4],[-6,-1],[-7,3],[-3,0],[-6,5],[-9,0],[-7,-6],[-13,-6],[-22,-2],[-15,-4],[0,-14],[3,-4],[-1,-13],[3,-18],[-2,-1],[-7,1],[-3,-6],[1,-6],[4,-7],[7,-2],[8,-6],[12,-4],[4,-4],[-3,0],[-12,-7],[-12,2],[-11,-7]],[[3509,3033],[-8,1],[-13,25],[0,22]],[[3488,3081],[-5,12],[-4,3],[-4,-1],[-17,-9]],[[3458,3086],[-4,2],[-5,9],[-11,11],[-7,0],[-11,-4]],[[3420,3104],[-11,7],[-17,22],[-3,7],[-3,11],[0,21],[-4,7],[-16,9],[-9,1],[-6,6],[-9,15],[-3,10],[-6,3],[-6,6],[-16,6],[-6,7],[-10,2],[-6,6],[-5,14],[-3,3],[-14,2],[-10,-2],[-6,4],[-9,18],[-20,18],[-4,21],[1,3],[8,4],[8,8],[1,5],[-4,7],[-5,5],[-3,7],[-11,10],[-7,19],[-4,7],[-7,5],[-3,-1],[-5,-8],[-9,0],[-7,-3],[-10,-13],[-28,-2],[-5,-3],[-3,-8],[-3,-2],[-7,-1],[-14,3],[-7,-3],[-6,-8],[-3,-8],[-1,-18],[-4,-7],[-13,-11],[-10,0],[-9,-8],[-4,2],[-28,28],[-4,10],[1,9],[-2,5],[-10,13],[-7,7],[-11,7],[-4,0],[-14,-7],[-5,-4],[-16,-3],[-10,5],[-38,1],[-21,-8],[-5,-4],[-5,1],[-7,6],[-7,-1],[-4,-3],[-11,-23],[-3,-9],[0,-13],[2,-6],[11,-9],[2,-5],[0,-3],[-10,-13],[0,-14],[-4,-26],[-19,-31],[-3,0],[-12,6],[-19,14],[-9,18],[-2,37],[-2,5],[-7,9],[-18,14],[-7,-2],[-4,-3],[-2,-5],[0,-5],[1,-28],[-2,-8],[-7,-16],[-2,-11],[-13,-17],[-3,-7],[-4,0],[-7,5],[-6,0],[-6,-8],[-3,-12],[-25,-13],[-14,3],[-11,0],[-11,5],[-8,12],[-19,8],[-7,22],[-3,3],[-8,-1],[-10,9],[-3,7],[0,17],[-23,41],[-14,11],[-10,2],[-5,-2],[-6,-5],[0,-6],[3,-9],[-2,-13],[-5,-12],[-2,-10],[3,-10],[20,-21],[8,-13],[1,-11],[0,-3],[-6,-7],[-11,-2],[-4,-5],[-12,-4],[-18,2],[-7,3],[-4,4],[-7,13],[-19,13],[-7,-1],[-4,1],[-9,-1],[-3,-1],[-3,-6],[-7,-2],[-19,-1],[-6,1],[-2,3],[-6,0],[-7,6],[-7,1],[-29,-8],[-15,-10],[-9,0],[-10,-7],[-7,-1],[-6,-3],[-16,-1],[-16,6],[-17,2],[-8,2],[-21,-1],[-13,-5],[-7,-5],[-23,-23],[-14,-7],[-18,-1],[-11,7],[-12,-3],[-17,4],[-22,12],[-20,-4],[-14,-10],[-10,-2],[-40,2],[-12,-8],[-3,-5],[-11,-8],[-2,-5],[-1,-17],[4,-16],[-3,-16],[-2,-6],[-11,-11],[-13,-34],[0,-16],[-2,-11],[2,-7],[8,-12],[1,-4],[-3,-39],[1,-9],[8,-26],[2,-27],[-4,-17],[-6,-14],[-7,-9],[-8,-5],[-4,0],[-21,19],[-26,17],[-10,8],[-5,11],[-1,8],[4,28],[-2,19],[3,20],[-1,29],[1,23],[-1,5],[3,18],[-9,64],[-12,43],[-13,11],[-15,8],[-14,5],[-24,-2],[-7,-4],[-4,-8],[-7,-31],[-14,-43],[-15,-28],[-9,-27],[-10,-12],[-23,-16],[-10,-9],[-2,-7],[-10,-3],[-7,8],[-3,-1],[-7,5],[-20,-1],[-3,2],[-10,19],[-8,11],[-9,20],[-1,9],[1,5],[-5,19],[-8,20],[-9,16],[-2,9],[-12,29],[-1,27],[-7,46],[1,50],[8,31],[2,20],[11,13],[8,1],[11,-4],[4,1],[8,8],[1,2],[1,26],[-3,6],[-9,7],[-5,2],[-14,-1],[-15,3],[-12,-5],[-16,-12],[-3,-6],[-3,-2],[-18,-6],[-70,5],[-9,3],[-12,5],[-20,17],[-11,12],[-2,5],[-4,23],[-4,7],[-9,7],[-33,10],[-7,-7],[-19,2],[-15,-5],[-13,-5],[-13,-12],[-8,-3],[-37,-2],[-1,4],[-8,-2],[-23,0],[-20,6],[-43,2],[-16,-8],[-20,0],[-11,-2],[-18,-16],[-4,3],[-26,-1],[-15,9],[-36,16],[-14,4],[-7,0],[-30,-7],[-11,0],[-29,13],[-28,33],[-16,12],[-30,3],[-28,-6],[-10,4],[-3,3],[-17,6],[-10,1],[-8,0],[-20,-11],[-6,-1],[-37,10],[-9,-1],[-9,-6],[-35,8],[-7,3],[-3,12],[-7,4],[-3,5],[-5,1],[-5,9],[-9,10],[-5,10],[-20,22],[-9,5],[-12,3],[-26,16],[-8,-1],[-7,-5],[-11,-12],[-17,-1],[-8,-4],[-16,-11],[-12,-4],[-10,1],[-8,-5],[-19,-32],[-5,-13],[-4,-4],[-11,-6],[-9,-7],[-7,-11],[-11,-24],[-8,-9],[-17,-7],[-26,-6],[-23,-11],[-44,-9],[-11,-6],[-19,-18],[-17,-9],[-13,-4],[-11,-14],[-8,-9],[-3,-1],[-19,1],[-10,-5],[-2,-4],[-1,-6],[-12,-10],[-8,-4],[-12,-19],[-5,-3],[-8,2],[-6,-5],[-11,-24],[-14,-23],[-3,-9],[-9,15],[-7,27],[1,8],[6,9],[4,10],[1,30],[-3,10],[-10,20],[-2,11],[1,8],[8,22],[8,15],[2,9],[1,12],[-18,41],[-1,16],[2,22],[-5,39],[-3,6],[-9,12],[-3,7],[0,6],[10,18],[1,5],[-2,6],[-14,16],[0,10],[7,11],[-1,16],[2,21],[5,7],[8,24],[9,9],[1,9],[5,8],[2,9],[12,28],[2,19],[9,8],[14,0],[6,-2],[8,-9],[8,-1],[6,3],[6,10],[1,11],[-1,15],[-2,8],[-6,15],[-11,15],[-16,29],[0,19],[6,9],[6,6],[13,4],[15,-5],[11,-7],[15,-3],[36,-20],[9,1],[8,5],[4,10],[-1,15],[-11,15],[-19,18],[-8,10],[-6,12],[0,9],[1,6],[3,7],[10,14],[6,16],[11,31],[5,27],[15,41],[5,7],[13,10],[11,17],[3,2],[11,0],[6,12],[16,12],[2,6],[3,25]],[[5946,5690],[-11,-24],[0,-25],[-17,-22]],[[5918,5619],[-2,-22],[2,-13]],[[5918,5584],[-1,-4],[-3,-2],[-15,5]],[[5899,5583],[-5,-1],[-5,-5],[-16,-2],[-9,4],[-2,6],[-4,4],[-20,6],[-12,-1]],[[5826,5594],[-10,10],[-1,4]],[[5815,5608],[3,11],[6,17],[0,14]],[[5824,5650],[3,12],[-2,5],[-11,8],[-3,6],[0,5],[8,7],[1,4],[-7,4],[-2,6],[1,16],[-2,2],[-8,2],[2,-3],[-2,-1],[2,-1],[0,-3],[3,-2],[0,-3],[-5,-8],[-3,-1],[-2,-6],[-2,1],[-1,-3],[-3,-1],[2,-3],[3,2],[3,-2],[-4,-7],[-3,-1],[0,-4],[-3,0],[-1,-2],[-2,-7],[-2,0],[-3,4],[-2,-2],[-4,6],[-2,0],[-7,-4],[-4,-8],[-3,0],[0,-4],[-8,-9],[5,-7],[1,-9],[-4,-13],[-2,-5],[-2,-1],[-1,-6],[-4,1],[-1,-2],[-4,1],[0,-7],[2,-3],[-2,-1],[3,-3],[-4,-1],[-2,3],[-3,-5],[-3,-1],[-11,0],[-4,-11],[-10,-3],[-3,-4],[0,-2],[1,-2],[-4,-4],[2,0],[0,-6],[-3,0],[1,2],[-4,-3],[-5,4],[-4,6],[0,3],[-4,4],[-1,-1],[0,2],[-6,-1],[-11,-15],[0,-6],[-3,-4],[0,-3],[-2,0],[-1,-12],[-9,-2],[-2,-7],[-5,-7],[1,-7],[-4,-7],[2,-6],[-7,-5],[-7,-9],[-7,-1],[-10,4],[-12,3],[-7,-4],[-3,9],[-9,13],[-5,0],[-3,-6],[-2,0],[-2,-3],[-4,2],[0,5],[-5,6],[-9,1],[-3,-6],[-7,2],[-1,3],[1,2],[-2,0],[1,3],[-2,0],[-1,2],[-7,8],[-4,1],[0,5],[-3,1],[0,4],[-3,1],[-2,5],[-1,0],[0,3],[-4,1],[-4,-6],[-4,3],[-1,-2],[-2,2],[-2,-2],[-1,3],[-1,0],[-3,4],[-5,0],[-4,4],[-8,3],[-3,4],[-5,1],[-8,4],[-6,-3],[-4,2],[0,-4],[-3,-4],[-4,5],[-8,-1],[-2,4],[-2,0],[0,4],[-7,3],[1,3],[-5,3],[-3,-1],[0,2],[-4,5],[-2,0],[1,-3],[-2,0],[-3,5],[-4,-1],[-2,5],[-6,-2],[-3,10],[-7,4],[-2,4],[1,5],[-3,3],[2,4],[0,4],[2,2],[-5,13],[1,6],[4,7],[-1,3],[-5,1],[-7,7],[-11,0],[-1,3],[2,4],[-2,3],[5,0],[1,2],[-5,1],[-2,3],[-4,0],[-1,-3],[-2,8],[-5,-1],[-2,0],[-8,14],[-4,-2],[-3,2],[-1,-3],[-3,0],[-2,4],[-5,0],[-1,3],[-4,2],[1,5],[-4,6],[3,5],[0,2],[-3,4],[-7,4],[-5,11],[-6,-6],[-14,-7]],[[5279,5731],[-16,-13],[-9,0]],[[5254,5718],[-12,-5],[-10,-11],[-6,-23]],[[5226,5679],[-2,1],[-2,-1],[0,-3]],[[5222,5676],[-2,2],[-4,-2],[0,-2]],[[5216,5674],[2,-1],[-1,-3]],[[5217,5670],[-2,0],[-4,7],[1,7],[-5,0],[-3,7],[-3,0],[-3,-5],[-4,0],[-4,1],[-3,5],[-8,-9],[-4,-2]],[[5175,5681],[3,-6],[-5,-3]],[[5173,5672],[-11,6]],[[5162,5678],[-2,4]],[[5160,5682],[-4,1],[-3,10]],[[5153,5693],[-4,1],[-2,5]],[[5147,5699],[0,7],[-3,1]],[[5144,5707],[-1,2],[-2,-1],[-4,3],[-4,0],[-7,11],[-3,0],[-6,6],[-8,2],[-3,5],[-5,0],[-2,3],[0,5],[-4,6],[0,2],[2,1],[-1,10],[-2,6],[-2,1],[-2,4],[-5,0],[-2,1],[-2,-2],[-7,1],[-4,3],[-14,2],[-7,-5],[-6,2],[-13,-1],[-4,-2],[-5,-6],[-4,-1],[-1,-3],[-8,0],[-3,-3],[-1,1],[-2,9],[1,5]],[[5003,5774],[-1,2],[-7,-2]],[[4995,5774],[-7,1],[-4,-2],[-1,2],[2,4]],[[4985,5779],[-1,6],[5,6]],[[4989,5791],[-3,7],[0,4],[6,4],[2,7],[5,6],[-3,19],[-2,4],[0,4],[-8,12],[5,6],[1,8],[3,6],[8,4],[-2,5]],[[5001,5887],[3,3],[-1,4],[-3,2]],[[5000,5896],[-8,-2],[0,2],[6,9],[5,0],[6,-3],[6,7],[2,-1],[10,1],[3,4],[-2,6],[2,6],[-6,2],[2,7],[-6,4],[0,8],[-3,-1],[-1,3],[-7,1],[-4,8],[0,10],[4,5],[5,-4],[6,0],[3,3],[1,9],[-5,3],[5,5],[6,2],[4,7],[1,9],[-3,9],[3,4],[2,4],[-5,7],[-1,5],[4,2],[1,5],[2,0],[4,4],[1,3],[-3,4],[-3,1],[2,3],[-3,5],[-5,3],[1,7],[-5,1],[-1,5],[-11,4],[-1,7],[-3,6],[-4,1],[-5,8],[-6,16],[6,1],[3,11],[5,1],[2,9],[3,3],[9,-1],[10,-5],[4,1],[12,8],[11,0],[0,8],[-6,2],[-3,4],[1,3],[5,5],[3,9],[-2,8],[1,15],[2,5]],[[5062,6207],[0,4],[-5,7],[-7,5],[-1,5]],[[5049,6228],[-3,4]],[[5046,6232],[-2,5],[-10,7]],[[5034,6244],[-3,9],[-4,5],[-5,0],[-4,-2],[-5,1],[-6,-4],[-8,9],[-6,-1],[0,2],[-5,5],[-3,-2],[-3,2],[-2,7],[-3,1],[-1,3],[-4,2],[-2,-1],[-5,7],[-5,0],[0,4],[-6,2],[-2,3],[1,6],[-2,3],[2,3],[-5,4],[-5,13],[-3,-1],[2,3],[-1,3],[-6,-2],[-3,2],[-4,-1],[-1,3],[-5,0],[-3,3],[-4,0],[0,4],[-6,7],[-3,6],[-4,2],[1,3],[2,0]],[[4905,6357],[0,4],[-1,5]],[[4904,6366],[-3,7],[0,4]],[[4901,6377],[7,9],[11,-3],[5,1],[0,5],[-4,-3],[-2,5],[2,3],[6,3],[4,7],[1,4],[-3,2],[0,5],[4,3],[4,2],[3,11],[8,6],[4,7],[1,16],[-3,10],[1,5],[-1,8],[1,21],[-3,7],[0,8],[4,5],[9,2],[1,8],[1,27],[6,6],[10,8],[3,6],[-1,6],[-11,18]],[[4969,6605],[-1,3],[3,6]],[[4971,6614],[12,8],[6,10],[9,6],[6,7],[2,7],[-3,13],[8,9]],[[5011,6674],[2,7],[-7,7],[-3,7]],[[5003,6695],[-6,0],[-4,-3],[-13,0],[-16,16],[-10,-10],[-24,4],[-4,5],[0,4],[10,0],[2,2]],[[4938,6713],[0,2],[-4,9],[-5,5],[-7,-2],[-9,-7]],[[4913,6720],[-3,1],[-1,3],[3,6],[5,6]],[[4917,6736],[1,11]],[[4918,6747],[-3,5],[-4,1],[-4,-2],[-2,-9]],[[4905,6742],[-4,3],[1,6]],[[4902,6751],[10,6],[2,3],[-1,3]],[[4913,6763],[-8,-1],[-4,2]],[[4901,6764],[3,4],[5,8],[7,4],[3,0]],[[4919,6780],[21,-10],[5,2],[2,5],[1,12]],[[4948,6789],[2,11],[-7,11],[0,4]],[[4943,6815],[8,8],[2,18],[-2,13]],[[4951,6854],[1,6],[-8,3],[-1,10],[-3,4]],[[4940,6877],[-2,8],[-7,0]],[[4931,6885],[-5,4],[-3,-2],[-4,3],[-3,-4],[-5,1]],[[4911,6887],[-11,-4],[-3,0],[-4,10]],[[4893,6893],[-6,3],[-2,17],[-5,4],[-8,3],[-3,4],[4,17]],[[4873,6941],[-2,9],[-6,2]],[[4865,6952],[-4,-3]],[[4861,6949],[-12,10],[-9,0]],[[4840,6959],[-3,-4],[-3,-1]],[[4834,6954],[-15,-1],[-9,-9]],[[4810,6944],[-7,-2],[-2,0],[-9,9],[-11,-1],[-3,-2],[-5,-11],[-6,-6],[-5,0],[-4,2],[-26,26]],[[4732,6959],[2,9],[-1,6],[-2,4],[-4,3],[-16,0],[-3,2],[0,4],[3,12],[-3,10]],[[4708,7009],[-15,-10],[-4,8],[-3,2]],[[4686,7009],[-26,2],[-12,15]],[[4648,7026],[-8,3],[-2,4],[0,17],[-5,28]],[[4633,7078],[3,7],[-10,22],[-5,6],[-1,5],[-5,4],[-3,6],[-1,4],[2,6],[-3,4],[-1,15],[-10,-3],[-5,-6],[-12,4]],[[4582,7152],[-9,-11],[-7,-4]],[[4566,7137],[-3,-1],[-4,3],[-5,11],[-5,7]],[[4549,7157],[-2,9],[-10,-3],[-9,5],[-11,-1],[-8,24]],[[4509,7191],[-4,7],[0,22]],[[4505,7220],[-2,8],[-3,4]],[[4500,7232],[-5,2],[3,6]],[[4498,7240],[3,1],[-2,2],[1,1],[3,2],[2,-2],[1,5],[3,1],[0,3],[6,-3],[11,1],[-1,5],[1,3],[5,2],[4,6],[-2,13],[3,6],[3,0],[1,3],[-2,4],[3,1],[3,6],[-2,2],[13,3],[2,3],[-5,14],[1,7],[6,2],[3,6],[3,-1],[3,4],[1,0],[1,-6],[2,0],[4,8],[-4,4],[7,0],[4,-4],[5,2],[1,3],[-3,4],[4,5],[5,2],[1,4],[6,0],[4,5],[4,1],[11,2],[5,6],[5,0],[5,6],[5,0],[5,5],[13,-4],[8,4],[5,0],[8,14],[5,2],[3,9],[5,3],[4,11],[-1,8],[2,9],[3,0],[2,-8],[2,-4],[4,7]],[[4709,7438],[22,10],[5,7]],[[4736,7455],[2,14],[5,5]],[[4743,7474],[16,3],[4,9],[-2,3],[-2,-2],[-1,1],[3,3],[5,0],[2,2],[0,2],[-5,0],[-3,5],[2,3],[3,1],[2,3],[-6,3],[-1,10],[3,7]],[[4763,7527],[-3,8],[1,2],[4,0]],[[4765,7537],[1,6],[-2,2],[8,0],[2,3],[3,0],[1,2],[-1,3],[-6,7],[3,1],[3,-2],[1,3],[-4,1],[0,2],[0,2],[3,-1],[1,2],[-8,4],[0,9],[-2,-2],[-1,1],[3,4],[-3,2],[0,2],[7,0],[-4,8],[3,6],[-1,3],[2,5],[-2,2],[-1,6],[3,5],[4,0],[2,8],[2,2],[-2,2],[-2,9],[5,4],[0,3],[6,2],[-2,7],[4,2],[-3,3],[3,7],[-2,3],[7,5],[-2,3],[0,3],[-2,1],[4,7],[2,-2],[3,1],[-4,8],[1,8],[1,3],[-1,1],[1,2],[2,-1],[-1,4],[2,0],[-4,6],[3,16],[2,0],[2,-3],[2,6]],[[4807,7743],[3,-6],[2,1],[3,5]],[[4815,7743],[1,-4],[3,1],[-3,9]],[[4816,7749],[5,0],[-1,3],[-3,0],[0,4],[-2,3]],[[4815,7759],[5,10],[-4,12],[-4,0]],[[4812,7781],[-5,-8],[2,-14],[-2,-4],[-2,-1]],[[4805,7754],[-9,17]],[[4796,7771],[-12,-4]],[[4784,7767],[-5,3],[-1,4]],[[4778,7774],[6,7],[0,11]],[[4784,7792],[-2,2],[-5,-4]],[[4777,7790],[-5,1],[-1,4]],[[4771,7795],[3,9]],[[4774,7804],[-3,9],[-5,0]],[[4766,7813],[0,-13],[-6,-5],[-5,3],[-3,6]],[[4752,7804],[-21,13],[-8,-5]],[[4723,7812],[0,-13],[-3,-5]],[[4720,7794],[-36,-31]],[[4684,7763],[-9,5],[-14,21],[-2,2],[-11,-1]],[[4648,7790],[0,-14],[-7,-5]],[[4641,7771],[-8,0],[-13,12],[-18,13]],[[4602,7796],[-4,6],[-6,15]],[[4592,7817],[-1,10],[1,5],[5,1],[1,3],[-4,3],[-3,-7],[-6,-1],[-2,1],[0,6],[2,3],[5,-3],[3,3],[1,3],[6,-1],[2,3],[3,-5],[6,6],[2,-2],[3,4],[4,1],[3,5],[2,0],[3,4],[6,-4],[-2,8],[5,0],[3,-3],[3,0],[14,10],[1,5],[4,3],[3,-1],[3,3],[2,-1],[4,7],[3,2],[1,3],[1,0],[1,2],[3,1],[1,6],[-1,7],[5,11],[1,9],[-1,1],[2,7],[-2,2],[-1,5],[2,3],[-1,2],[3,5],[-1,3],[4,4],[3,1],[-2,2],[3,0],[-1,4],[-1,1],[1,3],[-2,-1],[-1,2],[5,12],[0,11],[5,6],[-1,3],[2,1],[2,10],[2,1]],[[4709,8015],[-1,6],[4,2]],[[4712,8023],[3,8],[2,0],[8,16],[4,2],[1,3],[2,-1],[0,4],[7,2],[-1,2],[2,3],[0,4],[1,0],[3,3],[1,6],[0,4],[2,15],[-2,4],[9,7],[3,15],[9,4],[4,11],[4,4],[1,6],[4,1],[1,6]],[[4780,8152],[5,2],[1,7]],[[4786,8161],[8,5],[-1,6],[2,3],[3,0],[1,8],[5,5],[2,5],[6,1],[-1,5],[3,7],[5,2],[2,4],[2,-2],[6,0],[-3,3],[1,5],[-1,4],[5,1],[2,1],[-1,3],[5,1],[0,6],[1,-1],[5,4],[-2,8],[5,-2],[1,4],[-2,3],[0,5],[3,-4],[2,2],[0,4],[1,2],[1,-4],[3,0],[-1,4],[4,-1],[0,6],[1,2],[2,-2],[7,0],[0,6],[7,9],[-1,6],[5,5],[3,-7],[4,-3],[10,-4],[12,-1],[16,-23]],[[4924,8252],[5,-4],[4,-2],[9,-1]],[[4942,8245],[7,-12],[0,-4],[1,-16],[5,-1],[6,2],[14,1],[11,4],[5,-3],[7,-16],[-2,-14],[3,-8],[6,-8],[6,-2],[3,-3],[1,1],[3,-1],[3,-9],[5,-1],[1,-4],[2,-1],[0,-4],[3,-1],[3,-7],[0,-6],[5,1],[2,-8],[10,-1],[2,-8],[-2,-8]],[[5052,8108],[5,-14]],[[5057,8094],[7,0],[6,5]],[[5070,8099],[5,-6],[5,1]],[[5080,8094],[7,-5],[5,-2]],[[5092,8087],[4,0]],[[5096,8087],[3,-2],[6,9]],[[5105,8094],[0,5],[7,0],[4,5],[2,-12],[9,-11],[4,4],[4,1],[1,5],[7,10],[0,8],[8,-7],[2,3],[4,2],[2,-1],[6,7],[0,10],[4,0],[1,1],[-1,1],[3,3],[0,-4],[2,0],[2,5],[6,6],[2,3],[1,-1],[1,-3],[2,0],[1,5],[5,-1],[2,3],[-1,3],[6,2],[-3,8],[-3,3],[-2,8],[2,3],[-2,5],[1,5],[-4,6],[0,8],[-6,13],[0,7],[-3,5],[1,5],[-3,10],[1,8],[-6,10],[-1,6],[1,5],[4,1],[3,3],[4,17],[4,4],[7,4],[5,5],[6,2],[3,9],[6,9],[16,18],[4,9],[14,17],[18,17],[13,6],[12,13],[5,9],[1,6],[3,8],[3,2],[0,9],[4,4],[3,0],[7,8],[-2,4],[-9,3],[-2,6],[-5,1],[-2,4],[-6,-3],[0,-4],[-9,6],[-6,7],[-3,0],[-1,-3],[-3,2],[0,5],[-3,5],[-2,-1],[-2,3],[-4,-5],[-3,-1],[-8,10],[-3,-3],[-5,-1],[-2,7],[-6,3],[1,6],[-2,-2],[-4,7],[-3,1],[-2,4],[1,4],[0,3],[-5,3],[-1,-3],[-4,2],[-3,5],[1,9],[-4,0],[-2,3],[-1,-2],[-2,1],[-1,-3],[-3,5],[-3,0],[-1,4],[2,4],[-6,7],[2,12],[-4,3],[0,18],[3,4],[-3,9],[-3,5],[1,4],[-3,13],[1,5],[-4,4],[2,12],[-1,2],[-6,2],[-1,3],[4,11],[-1,4],[-2,3],[-1,6],[-5,8],[0,5],[3,8],[-8,9],[-2,5],[-5,3],[-3,6],[-2,1],[-2,-5],[-2,0],[-10,3],[-5,5],[-5,-2],[-2,3],[-4,11],[-8,4],[-8,-1],[-2,-2],[-3,1],[-1,-2],[-2,2],[-4,-1],[-1,4],[-5,-10],[0,-4],[-3,2],[-3,-3],[-2,3],[-2,8],[-3,1],[-3,-2],[-2,3],[-4,1],[0,6],[-3,0],[-4,7],[-3,-3],[-5,1],[-1,4],[-2,-1],[-4,3],[-6,0],[-4,3],[-1,3],[-8,-3],[-1,4],[-2,-3],[-6,3],[-2,-1],[-5,10],[-1,11],[1,4],[-2,1],[-3,8],[0,2],[-4,8],[-14,8],[2,5],[0,11],[-3,5],[-2,10],[3,7],[8,7],[1,4],[-4,7],[-9,5],[-1,2],[9,13],[11,7],[4,9],[1,8],[3,7],[-1,15],[2,4],[6,2],[11,9],[1,9],[-12,14],[-17,6],[-5,7],[-10,6],[-8,15],[-12,6],[-2,9],[-3,3]],[[4960,9015],[-5,25],[-2,2]],[[4953,9042],[-4,14],[-4,7],[-4,-1]],[[4941,9062],[-7,7],[-3,-1],[1,4],[-5,0],[0,5],[-4,2],[-6,-3],[-2,3],[-3,-1],[-2,6],[-4,-1],[-3,3]],[[4903,9086],[-7,0],[-2,-1]],[[4894,9085],[-3,1],[-4,-2],[-2,-6],[-7,-1],[-10,5],[-12,2]],[[4856,9084],[-7,7],[-1,4],[3,1]],[[4851,9096],[1,4]],[[4852,9100],[8,18],[-2,1],[1,2],[2,-2],[0,3],[5,-1],[-2,8],[8,6],[1,10],[1,-3],[5,0],[-2,4],[4,6],[5,2],[10,13],[0,13],[7,2],[5,-2],[1,1],[1,4],[2,2],[7,-2],[6,3],[8,-8],[0,-5],[5,-3],[0,-2],[6,0],[0,2],[3,0],[2,2],[8,4],[8,-16],[5,1],[2,5],[2,-1],[2,3],[7,4],[6,1],[4,-6],[2,0],[2,3],[-1,3],[6,8],[-2,3],[3,1],[1,3],[3,1],[2,6],[6,10],[4,2],[3,-1],[1,-5],[4,-2],[9,4],[2,2],[3,1],[1,3],[4,1],[11,12],[5,10],[6,5],[4,-1],[1,6],[-1,4],[-2,2],[0,4],[6,3],[2,7],[1,1],[1,-4],[5,-3],[3,1],[0,3],[2,6],[-2,5],[4,2],[4,-2],[8,6],[4,-1],[7,9],[4,-1],[1,2],[5,11],[-1,5],[-2,0],[-2,4],[0,3],[4,-3],[2,-3],[2,0],[5,9],[8,1],[7,-6],[0,3],[-4,5],[2,5],[-1,1],[0,3],[7,2],[6,6],[3,14],[7,-4],[2,6],[2,9],[10,7],[5,-4],[2,6],[7,8],[2,10],[7,4],[-1,3],[5,2],[0,3],[6,6],[4,6],[2,-1],[3,1],[0,-3],[2,-1],[1,2],[5,-3],[1,8],[7,-2],[4,4],[3,-1],[2,8],[8,3],[-3,-4],[9,-6],[9,-4],[6,1],[0,-3],[3,-2],[7,0],[2,3],[1,-3],[22,-4],[4,-2],[12,5],[16,20],[9,28],[1,8],[4,5],[1,6],[2,1],[1,-2],[-1,-3],[1,-2],[2,5],[3,1],[0,2],[-1,2],[2,2],[-1,6],[3,0],[3,4],[33,10],[1,4],[-3,2],[1,4],[8,-1],[1,-3],[3,6],[0,6],[4,1],[3,-2],[1,1],[-2,4],[-4,3],[0,3],[5,1],[2,4],[5,2],[5,6],[2,0],[4,-7],[0,5],[3,3],[2,0],[2,-2],[0,4],[4,-1],[-3,8],[5,-5],[5,2],[3,4],[13,3],[0,6],[8,2],[1,4],[-3,7],[12,-2],[5,9],[11,2],[2,4],[1,-1],[-1,-6],[1,-2],[2,5],[4,3],[-2,4],[2,1],[6,11],[3,-2],[3,3],[4,1],[7,-4],[-1,17],[-1,-1],[0,-7],[-2,-3],[-4,5],[-3,-2],[-3,2],[4,5],[-1,5],[5,0],[3,5],[0,9],[-1,4],[1,2],[6,6],[6,-3],[4,3],[4,1],[0,3],[-2,3],[-3,0],[-2,-3],[-3,1],[3,10],[-2,2],[-2,8],[5,-2],[6,2],[1,4],[0,2],[-5,1],[-5,5],[-1,4],[2,5],[5,0],[4,-4],[4,2],[1,-3],[3,0],[3,1],[1,6],[-7,5],[-1,4],[9,-3],[3,-4],[10,0],[1,7],[-1,3],[6,-1],[5,7],[7,2],[4,4],[6,-1],[2,3],[3,-3],[4,6],[3,1],[0,9],[1,1],[4,-5],[6,4],[2,3],[4,0],[4,5],[2,10],[4,-3],[1,5],[4,3],[2,-1],[1,-3],[1,-1],[3,2],[1,-3],[3,0],[3,20],[4,0],[-1,10],[6,2],[-1,6],[13,-9],[3,10],[1,-1],[1,-1],[-1,-6],[2,-1],[2,6],[6,2],[-2,4],[0,4],[-2,3],[1,5],[3,1],[0,7],[5,3],[1,-1],[0,-4],[2,2],[3,-3],[5,2],[-3,5],[5,2],[2,0],[-1,-4],[3,-1],[1,8],[4,8],[2,1],[0,5],[8,1],[5,7],[1,4],[6,-4],[2,4],[3,-4],[3,7],[5,1],[2,8],[6,4],[1,-3],[1,0],[3,2],[-1,4],[3,4],[7,-4],[-1,10],[5,0],[3,3],[4,-1],[3,-5],[3,0],[3,2],[-1,5],[2,6],[6,1],[5,3],[9,-3],[7,9],[2,-3],[5,3],[4,-6],[10,-1],[4,8],[9,5],[-2,2],[0,2],[3,0],[2,-3],[4,7],[3,-3],[2,1],[5,0],[3,3],[0,2],[2,-1],[1,3],[6,3],[10,19],[27,10],[2,6],[2,-5],[4,2],[1,-5],[9,3],[2,3],[-2,4],[1,2],[2,-1],[2,-5],[2,1],[1,3],[3,-3],[4,1],[8,8],[0,6],[4,-3],[2,0],[0,3],[-5,4],[4,-1],[6,2],[2,6],[-2,2],[18,6],[2,4],[5,-3],[2,-4],[5,-3],[2,-4],[11,1],[5,5],[4,-2],[-1,-3],[4,0],[4,7],[3,0],[13,-7],[4,-7],[2,-2],[3,3],[-1,3],[-4,2],[2,2],[6,-3],[-1,-4],[3,-1],[1,7],[-2,4],[4,1],[0,1],[-4,5],[-1,2],[14,-3],[3,1],[4,-3],[1,4],[-1,9],[2,1],[5,-3],[1,-13],[7,-5],[0,-4],[8,-4],[8,0],[11,-12],[6,0],[3,13],[11,-6],[10,-2],[2,-5],[-1,-7],[-1,-3],[-6,-1],[7,-4],[3,0],[3,4],[4,4],[7,9],[2,8],[2,2],[5,-1],[1,-9],[6,-7],[5,-1],[6,6],[1,-2],[-2,-5],[0,-4],[4,1],[1,2],[0,8],[7,-2],[-1,-6],[-2,-3],[4,-2],[-2,-4],[2,-2],[1,-1],[3,7],[4,1],[3,-4],[3,6],[2,-2],[-2,-4],[0,-2],[6,-2],[4,3],[4,-3],[3,4],[4,-7],[5,7],[2,7],[4,1],[6,-1],[0,6],[5,-1],[3,6],[8,2],[5,-4],[5,1],[0,-2],[-4,-3],[7,-4],[2,-7],[2,-1],[3,5],[3,0],[0,4],[2,1],[4,-9],[3,-11],[5,-1],[-1,-6],[1,-3],[2,1],[2,11],[5,0],[3,-18],[7,11],[1,0],[1,-6],[5,-5],[3,2],[-1,8],[3,-1],[4,2],[1,-8],[4,-3],[2,3],[-2,6],[3,-4],[2,1],[1,7],[2,-5],[9,-3],[1,3],[-2,5],[1,1],[2,-6],[0,-9],[1,-2],[3,1],[2,-2],[2,2],[0,-6],[4,-1],[2,1],[1,-2],[3,5],[7,-4],[8,6],[1,-7],[-3,-5],[3,-1],[4,7],[2,-4],[-2,-3],[0,-3],[10,12],[9,-6],[5,6],[2,-4],[-4,-6],[0,-3],[3,-1],[4,3],[0,-6],[6,1],[1,-3],[0,-5],[6,-6],[5,2],[10,-2],[0,-2],[-13,-24],[-4,-11],[-11,-13],[-4,-10],[-7,-45],[-4,-16],[-23,-59],[-12,-22],[-4,-13],[0,-14],[-5,-30],[3,0],[0,-1],[-9,-25],[4,-2],[-3,-8],[2,-7],[3,11],[4,-1],[1,-2],[-1,-19],[6,-4],[-4,-2],[3,-9],[-3,0],[-7,-8],[5,-3],[2,-5],[-9,3],[-1,-2],[0,-3],[7,-3],[0,-2],[-6,-1],[0,-1],[4,-2],[-3,-8],[0,-1],[2,0],[2,-5],[2,7],[3,-2],[1,-11],[5,2],[3,-1],[0,-8],[3,-6],[2,2],[2,-1],[7,2],[8,-4],[6,1],[3,-2],[0,-2],[7,-1],[7,-6],[11,-4],[13,2],[9,-7],[10,0],[2,-5],[6,-5],[12,0],[14,3],[5,-5],[2,-10],[6,-4],[0,-2],[-7,-5],[-2,-7],[2,-3],[9,-1],[6,6],[5,2],[5,-2],[4,4],[-3,-5],[1,-3],[2,3],[4,-3],[2,-4],[1,2],[5,1],[-2,3],[3,1],[1,-4],[-2,-4],[3,-5],[4,0],[1,-4],[5,-5],[20,-6],[6,0],[5,-6],[9,-5],[8,0],[6,7],[7,3],[9,0],[2,-2],[4,-14],[15,-8],[7,-5],[7,-3],[4,-5],[3,-6],[-3,-2],[-2,-18],[9,-12],[1,3],[3,0],[3,9],[6,1],[5,-3],[-2,13],[4,2],[3,-4],[3,2],[2,-1],[3,7],[4,-2],[1,2],[5,2],[5,-3],[7,5],[2,3],[-1,6],[-10,8],[-1,6],[2,2],[2,0],[1,4],[3,0],[5,-4],[4,0],[5,9],[0,4],[-3,4],[-1,6],[4,7],[10,4],[5,9],[1,0],[4,2],[0,4],[2,0],[1,-3],[3,-1],[-1,5],[3,3],[10,-5],[14,16],[14,5],[3,5],[6,3],[17,1],[6,2],[2,5],[9,5],[4,9],[3,2],[3,-1],[3,1],[4,6],[4,4],[6,-2],[6,-6],[8,0],[5,3],[2,9],[4,1],[4,-1],[5,5],[5,-2],[14,8],[4,-3],[5,3],[6,-5],[3,3],[16,0],[4,2],[2,7],[4,1],[5,-2],[5,-9],[5,-2],[1,3],[0,7],[2,2],[22,-18],[10,1],[6,-3],[5,2],[5,-10],[5,-5],[5,0],[3,7],[3,-1],[11,-11],[3,-10],[4,-7],[3,4],[1,5],[7,2],[2,7],[3,2],[6,-5],[-1,-3],[4,-4],[7,1],[9,9],[4,-3],[6,-1],[-1,-6],[1,-3],[4,0],[3,-4],[3,0],[4,-5],[8,6],[5,-4],[10,-3],[3,3],[4,2],[22,-12],[12,1],[2,-15],[5,-4],[1,-5],[5,-6],[-2,-12],[6,0],[3,-4],[5,4],[4,-12],[0,-5],[3,-3],[3,7],[4,-9],[5,-4],[5,0],[4,-3],[3,2],[3,4],[5,-3],[1,-6],[-4,0],[-1,-4],[11,-6],[3,-6],[1,-5],[5,-6],[5,1],[2,-2],[6,-13],[9,-6],[5,-9],[10,-7],[2,-4],[14,-11],[13,-2],[3,-4],[6,3],[10,-5],[1,-1],[0,-5],[2,-3],[-1,-3],[5,-12],[8,-7],[2,-4],[9,-2],[0,-4],[2,-4],[4,0],[5,2],[-1,4],[1,2],[9,-5],[4,-8],[-1,-5],[4,-7],[11,-6],[3,3],[7,-10],[8,-5],[1,1],[0,6],[2,0],[3,-7],[0,-3],[4,-2],[-4,-3],[1,-1],[6,-3],[0,-4],[8,-2],[4,-4],[7,-7],[1,-4],[5,1],[2,5],[5,2],[9,15],[4,1],[10,-7],[1,-2],[0,-4],[1,-2],[7,-2],[2,-8],[13,-19],[5,3],[9,-4],[1,-2],[8,-2],[1,-2],[0,-7],[2,-3],[9,-7],[3,1],[4,-2],[3,-4],[13,-8],[1,-3],[4,-4],[12,-19],[13,-4],[16,0],[6,-3],[1,-3],[-5,-11],[-2,-23],[1,-7],[19,-5],[11,-6],[7,-7],[4,-1],[14,8],[6,0],[2,-3],[7,-18],[9,-10],[15,20],[4,2],[4,-4],[5,-13],[7,-7],[9,-6],[11,-4],[9,-11],[7,5],[2,-2],[5,-11],[2,0],[5,3],[11,15],[9,5],[6,2],[3,4],[3,0],[6,-7],[7,1],[6,5],[9,-3],[8,4],[3,14],[6,2],[8,-13],[8,-1],[2,-2],[1,-6],[-2,-7],[2,-8],[10,-13],[7,-1],[7,-5],[8,-11],[4,-9],[5,-19],[7,0],[2,-16],[2,-4],[6,-2],[2,1],[3,6],[7,6],[13,5],[16,2],[39,13],[3,0],[6,-11],[3,-1],[7,3],[20,-11],[11,3],[8,-1],[5,16],[11,0],[4,7],[12,3],[8,11],[7,6],[4,7],[1,12],[4,6],[14,-3],[5,1],[9,6],[20,4],[5,8],[6,2],[272,-314],[32,-34],[21,-27],[68,-78]],[[8584,8551],[-2,5],[-2,1],[-3,-2],[-6,-10]],[[8562,8534],[-7,-2],[-3,-8]],[[8533,8520],[-5,-9],[-5,0]],[[8518,8513],[-8,-4],[-4,7]],[[8506,8516],[-2,6]],[[8441,8376],[-14,-13],[-10,0],[-24,-9]],[[8393,8354],[-11,0],[-4,-2],[-2,-2],[10,-25]],[[8382,8202],[-12,-1],[-15,-7],[8,-8],[5,-3],[14,2],[7,-2],[2,-1]],[[8455,8153],[2,-15],[-3,-10]],[[8336,7848],[7,-3]],[[8343,7845],[2,-5],[3,-1],[7,5]],[[8355,7844],[5,-2],[6,1],[2,-5]],[[8365,7824],[-6,-5],[-3,-6],[0,-6],[2,-6]],[[8358,7801],[6,-10],[-4,-10],[-7,-8]],[[8349,7773],[-3,-6],[-9,-8],[-13,2]],[[8313,7760],[-5,-7],[-5,-1]],[[8299,7755],[-6,-2],[-7,10],[-2,7]],[[8261,7772],[-2,12]],[[8132,7513],[-2,-6],[-3,-5],[-7,5]],[[8103,7506],[-8,1],[-2,7]],[[8093,7514],[3,10],[-3,3],[-7,-1],[-12,-3]],[[8068,7529],[-8,3],[-15,-5],[-9,1]],[[8029,7526],[-15,1],[-9,-2]],[[8005,7525],[-5,-6],[-7,-19]],[[7993,7500],[4,-12],[-1,-8],[-15,-35],[-7,-4],[-14,3]],[[7960,7444],[-3,-3],[-3,-10],[-3,-3]],[[7951,7428],[-27,-13],[-3,0],[-2,2]],[[7919,7417],[-1,11],[-10,7],[-9,-6],[-12,2],[-2,-3],[-2,-8],[-6,-2],[-5,4],[-10,-5],[-9,8],[-7,2],[-12,-5]],[[7834,7422],[-4,-12],[-6,-10],[-5,-3],[-6,-1],[-19,3],[-11,6]],[[7783,7405],[-11,2],[-10,7],[-15,6]],[[7747,7420],[-5,7],[-6,1],[-15,-4]],[[7721,7424],[-7,-10],[-4,-1],[-5,-6],[-6,-3],[-5,-7],[-10,-2],[-18,9],[1,-7],[9,-7],[-4,-1],[-1,-3],[2,-9],[-2,-2],[2,-2],[-4,-1],[2,-5],[-2,-1],[-2,-3],[6,-1],[1,-6],[5,-4],[0,-7],[7,-2],[7,-5],[-1,-4],[-5,-3],[4,-12],[-4,-5],[5,-8],[-1,-8],[2,-1],[2,-3],[9,-6],[-1,-14],[2,-2],[-2,-4],[3,-4],[-3,-6],[1,-12],[2,-1],[7,2],[6,-3],[3,-5],[5,-2],[0,-9],[-4,-2],[-3,-5],[-7,-3],[-3,-4],[-18,-10],[-4,1],[-4,7],[-5,-4],[-10,-17],[-11,4],[-5,-8],[-10,-4],[-8,-10],[-10,-2],[-7,-9],[-4,-1],[-15,-10],[-3,-7],[-2,-9],[-6,-5],[-3,-9],[-5,-1],[-5,-5],[-4,0],[-5,8],[-6,-2],[-22,5],[-4,-8],[-6,-23],[-2,-2],[-13,-1],[1,-10],[-2,-3],[-4,3],[-5,14],[-10,-1],[-2,-3],[0,-14],[2,-7],[0,-3],[-19,-34],[-2,-1],[-5,0],[-5,-3],[-7,0],[-26,-15],[-3,-5],[-1,-5],[3,-14],[-5,-10],[9,-15],[-1,-8],[-6,-4],[-7,2],[-6,-1],[-5,-8],[3,-4],[2,-10],[6,-8],[1,-4],[-8,-13],[-7,-9],[0,-2],[5,-4],[-2,-13],[-8,-1],[-6,2],[-4,-4],[1,-4],[4,-4],[6,-11],[-4,-12],[-7,-9],[-9,3],[-3,-2],[-2,-12],[-3,-3],[-3,-9],[5,-10],[0,-11],[-9,3],[-10,-9],[-5,-1],[-4,-3],[0,-5],[-9,-11],[-6,1],[-8,-4],[-15,-1],[-1,-2],[3,-8],[-1,-2],[-7,2],[-10,8],[-1,6],[-2,3],[-3,-2],[-9,1],[-1,-3],[0,-7],[-4,-4],[-3,-2],[-2,4],[-3,2],[-2,9],[-4,1],[-2,-6],[0,-11],[-5,-18],[0,-6],[-4,-3],[-1,-12],[-8,-2],[-8,-9],[-9,-7],[-4,-1],[-1,-8],[-12,-22],[1,-11],[-6,-7],[1,-5],[-1,-8],[4,-7],[-1,-8],[-1,-3],[-6,-3],[-1,-5],[-5,-4],[-3,-10],[-2,0],[-6,6],[-11,2],[-1,-3],[-3,0],[-2,-3],[-3,-7],[-3,0],[-9,-9],[-3,-1],[-8,-11],[-4,-9],[-6,-2],[-1,-15],[-5,-3],[-2,-4],[0,-5],[-3,-10],[-3,-1],[-4,-7],[-2,-6],[-6,-5],[-1,-9],[-7,-7],[-3,1],[-4,-3],[-12,0],[-1,-7],[4,-5],[-2,-4],[-3,-1],[-1,3],[-3,1],[-8,-2],[0,-4],[4,-1],[0,-3],[-5,-4],[-3,0],[-4,5],[-1,5],[3,5],[-1,5],[-2,-1],[-4,-5],[-3,-1],[-4,12],[-15,2],[-3,-3],[0,-3],[1,-6],[2,-3],[0,-5],[-7,-8],[-9,2],[-11,-6],[1,-14],[-2,-5],[-3,1],[-2,-2],[-4,-11],[9,-16],[11,-1],[4,-4],[0,-20],[5,-10],[-2,-10],[2,-8],[-1,-1],[-4,0],[-5,5],[-4,-5],[-2,-7],[-3,-3],[-8,6],[-5,1],[2,-19],[-3,-5],[-3,-2],[-5,11],[-7,7],[-4,10],[-9,1],[-1,7],[-16,19],[-9,4],[-2,-1],[0,-3],[6,-8],[6,-3],[2,-3],[-4,-10],[-9,-10],[5,-4],[1,-2],[-11,-21],[3,-9],[7,-1],[3,-1],[-1,-5],[-2,-6],[1,-5],[-2,-2],[-5,5],[-5,0],[-2,-6],[4,-7],[-1,-3],[-3,-1],[-4,1],[-10,-3],[-9,-10],[-6,-3],[-3,-4],[1,-2],[3,-2],[3,-9],[6,-6],[10,-3],[1,-11],[5,-6],[-1,-6],[-2,0],[-4,8],[-4,3],[-5,1],[-4,-3],[-4,0],[-4,2],[-5,8],[-7,-1],[-2,8],[3,7],[-5,1],[-2,-1],[-4,-9],[-3,-8],[1,-6],[-5,-5],[-9,9],[-6,-4],[-7,2],[-2,-2],[3,-10],[7,-1],[2,-5],[1,-7],[4,-3],[0,-7],[-2,-3],[-20,13],[-3,4],[-2,11],[-5,3],[-9,-12],[-10,3],[-3,-2],[1,-4],[8,-4],[0,-3],[-15,3],[4,-12],[-2,-7],[-2,-1],[-6,2],[-7,-2],[-3,3],[-1,14],[-17,-4],[-2,7],[2,10],[-12,1],[0,5],[5,10],[-1,11],[-3,2],[-2,-7],[-4,-5],[-8,-15],[-9,4],[-4,-2],[2,-9],[3,-4],[4,-3],[6,0],[3,-3],[3,-17],[-1,-3],[-5,0],[-9,10],[-7,5],[-19,9],[-5,-3],[-6,0],[-3,-4],[-1,-5],[-7,-6],[1,-3],[6,-6],[1,-5],[-2,-4],[-10,-7],[-3,-7],[2,-7],[5,5],[3,-1],[-5,-11],[7,-9],[0,-7],[-12,-14],[-7,-1],[-4,-6],[-5,1],[-11,-4],[4,-19],[3,-26],[13,-5],[1,-4],[-3,-7],[0,-9],[-1,-2],[-13,-5],[-4,0],[-4,-3],[3,-7],[6,-8],[0,-4],[-2,-4],[2,-5],[-2,-6],[9,-8],[-4,-1],[-5,2],[-2,-1],[2,-3],[3,0],[1,-3],[-5,-4],[-3,-5],[5,-1],[2,-6],[-1,-2],[-2,4],[-2,0],[-6,-18],[-11,-1],[-3,-3],[-3,-9],[-4,-4],[-1,-6],[-3,-11],[-7,-6],[-2,-8],[-8,-7],[-2,-4],[-10,-12],[0,-6],[-3,-3],[-4,-11]],[[6578,5839],[7,-6],[1,-5],[-3,-2]],[[6583,5826],[-15,-19],[-11,-2]],[[6557,5805],[-1,-3],[-5,-4]],[[6551,5798],[-11,-2],[-10,5]],[[6530,5801],[-10,1],[0,-10],[-3,-6],[2,-12],[-7,-11]],[[6512,5763],[1,-8],[-2,-4]],[[6511,5751],[-3,0]],[[6508,5751],[-5,10],[0,7],[-3,3],[-3,8],[-7,4]],[[6490,5783],[-3,4],[-15,5],[-3,5]],[[6469,5797],[-1,7],[-4,3],[-1,4],[0,9],[-2,13],[-4,1],[-7,9],[-4,-1],[-3,9],[-6,6],[1,3],[-1,4],[2,2],[-2,5],[-1,18],[-6,5],[-1,7],[-3,3],[-1,5],[-13,10],[-1,5],[4,7],[2,8],[-7,7],[-7,5],[-3,1],[-5,5],[-2,1],[-1,6],[1,6],[-8,7],[2,4],[4,1],[-2,9],[2,5],[6,3],[-2,5],[-4,4],[1,4],[4,4],[0,11],[-3,7],[-4,2],[0,4],[-2,4],[1,3],[-2,4],[0,2],[5,1],[1,3],[4,-2],[1,2],[-2,10],[-6,12],[4,8],[2,-3],[2,1],[-2,6],[-7,9],[5,5],[-2,9],[-6,2],[-1,4],[-3,0],[3,7],[-2,2],[-3,-1],[-2,2],[1,9],[-8,7],[-1,8],[1,3],[-4,-1],[2,3],[-2,4],[-5,5],[-3,-3],[-6,0],[-4,5],[-5,-1],[0,2],[-6,1],[0,3],[-2,1],[-1,-2],[-5,0],[-2,-7],[1,-1],[-3,-1],[-5,-8],[0,-2],[3,-3],[-1,-4],[2,-5],[-3,-3],[4,-7],[-2,-1],[-1,-4],[2,-1],[1,-3],[-7,-6],[-2,-7],[4,-2],[1,-9],[-4,-2],[-2,-6],[-7,-6],[-2,-6],[2,-5],[-6,-7],[-1,-9],[6,-6],[0,-5],[-5,-6],[-3,-10],[5,-14],[-4,-15],[-1,-4],[2,-3],[-1,-8],[-3,-6],[-3,-3],[-11,-6],[-7,0],[1,-9],[-2,-6],[-9,-13],[-5,-10],[-5,-7],[-2,-6],[-9,-10],[-3,-15],[-7,-20],[-3,-17],[-7,-11],[-5,-18],[-8,-2],[-6,-8],[-3,-2],[-1,2],[1,11],[-6,2],[-2,5],[-1,21],[-14,4],[-8,-7],[-7,-1],[2,8],[-2,10],[-1,1],[-4,-3],[-4,2],[-4,-1],[-3,4],[-8,3],[2,6],[-4,5],[-5,0],[-5,5],[-3,0],[-3,-7],[-4,-2],[-4,-13],[-19,7],[-5,-3],[-5,1],[-1,-3],[-4,-2],[-3,-6],[-9,6],[-8,-3],[-9,1],[-16,13]],[[6036,5885],[-2,0],[-4,-3]],[[6030,5882],[9,-9],[-14,-7],[1,-10]],[[6026,5856],[-3,-10],[0,-11]],[[6023,5835],[4,-11],[-3,-13],[3,-17]],[[6027,5794],[-2,-9],[3,-14],[-5,-4],[-19,1],[-14,-5]],[[5990,5763],[-8,1],[-14,-10]],[[5968,5754],[-10,-4],[-5,-6]],[[5953,5744],[-2,-6],[0,-14]],[[5951,5724],[-5,-23],[0,-11]],[[7090,8913],[0,0]],[[2371,4044],[-8,-4],[-1,-8]],[[2366,3976],[4,-9],[-1,-5],[-3,-2]],[[2344,3949],[-9,-7],[-4,-5],[-4,-9]],[[2327,3928],[0,-5],[-2,-3],[-5,0]],[[2226,3879],[-7,-3],[-3,4]],[[1968,3834],[-1,-3],[2,-13],[-2,-5],[-9,-5]],[[1957,3805],[-5,-3],[-10,1],[-4,-1]],[[1938,3802],[-4,2],[-5,6],[-1,11]],[[1928,3821],[1,3],[-9,13]],[[1920,3837],[-9,6],[-4,0]],[[1867,3850],[-3,3],[-8,1],[-1,-1]],[[1069,3801],[-17,-20],[-1,-5]],[[1051,3776],[0,-5],[1,-2]],[[1055,3757],[0,-8],[-3,-6],[-7,-7]],[[1012,3688],[-5,-9],[-3,-2],[-7,-1]],[[991,3672],[-5,1],[-3,2],[-8,16]],[[939,3679],[3,-6],[-8,-1]],[[918,3658],[-7,-17],[-3,-3],[-7,-1]],[[896,3630],[-10,-3],[-23,0]],[[863,3627],[-12,2],[-1,3],[-6,5],[-2,4],[-5,2],[-6,7]],[[796,3760],[-7,8],[-1,12]],[[617,4251],[-1,2],[-1,-1],[-2,2]],[[590,4252],[-5,5],[-3,-1]],[[546,4243],[0,-2],[-2,1]],[[535,4242],[-3,-5],[-5,1],[1,4]],[[524,4243],[-1,-2],[-2,4],[-3,0],[-2,-3]],[[273,4269],[0,18],[0,4],[6,7],[32,13],[13,0],[7,6],[3,10],[-5,26],[2,3],[17,4],[17,-1],[30,-1],[9,-4],[5,-1],[9,7],[5,13],[21,12],[12,15],[27,55],[6,19],[3,25],[-7,6],[-1,4],[3,10],[-1,12],[2,5],[-1,5],[-10,28],[1,15],[5,8],[3,2],[8,2],[22,11],[17,20],[7,13],[5,16],[11,50],[5,6],[6,3],[15,3],[8,3],[9,10],[5,8],[4,11],[4,17],[8,23],[6,10],[12,31],[7,14],[9,13],[16,11],[18,5],[23,11],[22,-5],[16,4],[8,-1],[17,12],[14,5],[13,-1],[22,-5],[19,0],[21,-3],[11,18],[13,11],[3,4],[5,15],[2,12],[5,12],[7,9],[8,3],[16,-3],[3,-2],[15,-1],[7,-11],[38,-11],[16,4],[8,-1],[7,5],[7,8],[8,0],[5,-2],[4,-3],[2,-10],[3,-1],[10,0],[15,-15],[15,5],[19,-13],[12,2],[6,9],[3,9],[0,8],[2,7],[4,3],[9,1],[13,-7],[9,0],[25,23],[10,6],[11,2],[13,-2],[9,-9],[8,-4],[8,2],[3,5],[0,7],[-15,19],[-1,7],[2,7],[9,7],[30,9],[14,1],[15,5],[5,-1],[10,-5],[6,3],[7,10],[2,7],[-1,11],[-3,13],[0,9],[4,6],[6,5],[14,-1],[9,1],[5,-2],[4,3],[6,-4],[6,-18],[0,-37],[1,-11],[3,-10],[23,-20],[11,-22],[16,-21],[5,-19],[5,-8],[12,-10],[14,1],[4,3],[5,6],[28,47],[15,41],[6,1],[17,-6],[7,2],[3,6],[1,19],[3,7],[12,10],[16,2],[4,3],[3,6],[1,13],[6,9],[8,22],[12,16],[13,6],[4,4],[4,9],[1,4],[-2,6],[-8,14],[-8,8],[0,6],[2,2],[6,1],[14,-6],[12,4],[11,-3],[2,3],[4,13],[13,9],[7,10],[5,4],[7,-2],[10,-1],[-1,-3],[-5,-8],[1,-3],[5,-5],[10,0],[1,-4],[0,-3],[4,-4],[8,0],[3,-4],[1,0],[5,5],[13,7],[8,10],[3,10],[3,14],[5,5],[6,4],[5,1],[6,-4],[10,-3],[9,4],[5,14],[8,2],[-3,18],[7,-1],[4,6],[1,7],[3,3],[8,5],[4,7],[10,7],[6,6],[3,1],[14,0],[3,-2],[4,-9],[2,-1],[17,-1],[5,-2],[3,-4],[1,-6],[5,-6],[19,-8],[13,-2],[4,-6],[4,-33],[10,-5],[5,4],[5,13],[7,7],[10,6],[14,-6],[12,16],[2,0],[12,-9],[4,-2],[20,7],[6,1],[9,-3],[18,7],[7,-3],[13,5],[8,-2],[5,4],[0,8],[7,7],[9,-1],[19,-8],[4,0],[6,1],[8,8],[7,-1],[11,5],[4,-3],[3,-6],[-1,-18],[7,-5],[8,2],[6,-1],[5,-4],[0,-4],[5,-8],[4,-2],[6,3],[15,12],[4,1],[3,-1],[2,-3],[1,-5],[-5,-10],[0,-3],[2,-8],[3,-2],[6,2],[4,9],[14,9],[4,7],[4,2],[3,-2],[2,-8],[3,-2],[14,3],[9,6],[2,0],[4,-6],[0,-9],[4,-2],[42,5],[9,-3],[13,-12],[15,-6],[3,0],[3,4],[-2,3],[-8,4],[-2,11],[1,3],[18,11],[8,9],[5,9],[1,7],[5,5],[4,-1],[8,-2],[2,-5],[0,-6],[3,-2],[25,-2],[2,-3],[-2,-11],[6,-6],[10,0],[5,-2],[7,1],[10,-9],[12,-5],[7,4],[2,0],[3,-5],[0,-11],[3,-6],[4,-4],[4,-18],[18,-8],[9,-10],[5,-4],[6,3],[9,-5],[16,1],[7,4],[5,14],[5,1],[9,-5],[5,-10],[3,-10],[6,1],[8,-4],[7,-7],[2,-8],[3,-3],[11,0],[14,12],[4,-11],[-3,-12],[2,-8],[-1,-7],[2,-2],[7,3],[3,-3],[2,-6],[1,-15],[3,-4],[3,-1],[2,3],[0,4],[11,7],[10,0],[3,8],[0,9],[1,2],[10,6],[21,-12],[2,-1],[2,10],[4,-1],[5,-7],[7,2],[4,5],[0,6],[-3,3],[-5,1],[-1,2],[2,5],[5,1],[1,2],[0,6],[4,8],[2,1],[7,-2],[10,-12],[6,2],[1,7],[-5,9],[5,12],[0,13],[1,3],[13,6],[4,7],[8,-4],[4,-4],[-3,-5],[2,-5],[8,-2],[5,-6],[4,-1],[4,4],[12,8],[2,3],[9,-2],[1,1],[1,7],[-8,7],[-1,3],[2,6],[6,6],[5,11],[2,1],[4,-3],[2,3],[-5,9],[-1,5],[3,1],[11,-1],[7,2],[4,-17],[2,-3],[9,0],[5,5],[7,12],[0,8],[3,3],[11,-3],[8,26],[4,8],[4,2],[5,-5],[1,-2],[-2,-3],[-1,-4],[1,-2],[21,11],[1,9],[12,7],[0,3],[-7,7],[-6,3],[-5,8],[-2,8],[-5,5],[4,4],[4,8],[10,8],[-1,5],[-5,6],[7,14],[2,0],[3,-3],[-3,-10],[1,-3],[6,-2],[5,9],[-1,5],[-4,6],[0,2],[10,5],[4,5],[10,1],[-1,2],[-3,2],[-3,6],[6,3],[4,-3],[2,6],[4,0],[3,12],[-2,6],[1,2],[2,0],[4,-6],[2,0],[2,3],[3,2],[3,6],[5,5],[4,2],[3,-2],[1,-2],[-2,-9],[2,-6],[-3,-6],[0,-11],[2,-7],[4,-1],[4,5],[-2,7],[0,4],[11,8],[1,2],[-1,11],[4,4],[9,4],[2,-1],[1,-5],[2,-1],[4,6],[8,0],[-3,5],[0,4],[6,8],[7,-2],[6,4],[3,0],[3,10],[8,11],[3,0],[4,-2],[5,-8],[5,1],[4,6],[-6,5],[-1,7],[5,6],[0,6],[2,1],[7,-1],[4,-3],[2,-6],[4,7],[10,1],[0,4],[-7,2],[-3,5],[8,5],[3,0],[-1,6],[2,2],[0,4],[2,0],[5,-5],[1,3],[3,2],[11,1],[3,8],[5,5],[5,0],[1,5],[0,6],[-2,0],[-1,-2],[-4,0],[4,13],[5,1],[2,-4],[3,0],[3,9],[3,-1],[6,7],[10,7],[9,1],[7,-7],[1,5],[-3,8],[4,1],[7,-2],[3,4],[6,2],[0,7],[-2,4],[3,6],[-1,22]],[[3362,5636],[1,3],[5,4],[0,4],[3,2],[6,14],[9,-5],[5,0],[5,2],[5,6],[15,7],[9,10],[3,14],[5,10],[7,1]],[[3440,5708],[5,4],[4,4],[4,15],[5,12],[8,9],[6,0]],[[3472,5752],[6,-9],[-1,-5],[-3,-7]],[[3474,5731],[-5,-33],[-1,-5],[-7,-8],[1,-10]],[[3462,5675],[-2,-11],[-8,0]],[[3452,5664],[5,-3],[11,1],[2,-2],[1,-7],[4,-4],[2,-4],[-3,-16],[4,-6],[2,-13],[2,-3],[10,-2],[6,3],[9,18],[3,-1],[3,-6],[-1,-8],[-7,-14],[1,-9],[9,-23],[5,-2],[5,3],[0,-11],[9,-9],[3,-15],[0,-7],[-8,-15],[-6,-20],[10,-8],[2,-18],[7,-14],[0,-7],[-4,-8],[-1,-5],[5,-3],[5,2],[5,-1],[6,-3],[6,1],[7,-5],[13,0],[12,9],[7,3],[7,7],[5,3],[2,-3],[-3,-4],[0,-3],[4,-4],[1,-13],[5,-9],[7,-3],[7,1],[10,8],[4,4],[5,10],[5,3],[3,7],[9,-4],[0,-6],[3,-6],[0,-7],[-1,-10],[-3,-5],[0,-6],[3,-8],[4,-3],[7,-20],[-6,-3],[-7,-8],[-2,1],[0,13],[-4,5],[-1,-1],[1,-4],[-3,-3],[1,-7],[-1,-1],[-3,-1],[-1,5],[-6,7],[-3,-1],[-1,-2],[1,-9],[-1,-2],[-5,0],[-4,6],[-3,0],[-1,-7],[2,-4],[0,-8],[2,-5],[-9,-4],[-4,1],[0,4],[6,7],[0,3],[-1,1],[-5,-1],[-8,-6],[-1,-3],[3,-8],[0,-9],[2,-4],[0,-4],[-10,1],[0,-3],[-2,0],[-2,-4],[1,0],[2,-6],[2,1],[3,-5],[-1,-6],[1,-9],[11,1],[5,-6],[1,-4],[6,-1],[1,-3],[-5,-6],[1,-6],[2,1],[1,-6],[-3,-2],[-4,-7],[2,-5],[3,0],[3,-5],[-2,-3],[1,-5],[-1,-1],[2,-2],[1,-4],[-2,-3],[2,-4],[5,-4],[2,-7],[2,0],[1,3],[3,-2],[2,1],[5,-4],[1,4],[6,3],[0,5],[3,1],[3,-1],[3,-6],[-2,-2],[1,-4],[4,-2],[1,-4],[-1,-5],[4,-7],[2,0],[0,-6],[1,-5],[4,-7],[5,-3],[3,-5],[-1,-24],[2,-1],[4,4],[4,0],[3,-1],[3,-6],[0,-4],[-3,-8],[1,-5],[6,-5],[9,-16],[6,-3],[3,-5],[8,-1],[7,-14],[15,-1],[8,-5],[5,0],[8,4],[2,-2],[0,-17],[-3,-10],[8,-3],[2,-4],[-12,-7],[-5,-13],[-5,-5],[-2,-9],[1,-10],[4,-9],[1,-7],[-1,-13],[-7,-8],[11,-5],[4,-4],[0,-7],[-4,-20],[-3,-10],[-3,-3],[-14,0],[-8,5],[-6,-4],[-6,-12],[-7,-24],[-1,-13],[2,-11],[-1,-9]],[[3737,4825],[2,-5],[5,-4],[9,2],[15,11]],[[3768,4829],[4,-5],[2,0]],[[3774,4824],[1,-3],[3,-10],[-1,-8]],[[3777,4803],[0,-3],[2,-1],[-1,-5]],[[3778,4794],[2,-3],[0,-9],[-4,-4]],[[3776,4778],[-1,-7],[-8,-7],[0,-7]],[[3767,4757],[2,-7],[-4,-1],[-10,-6],[5,-4]],[[3760,4739],[6,4],[10,-2],[7,6],[4,0],[5,-9],[5,-6],[2,-7],[6,-6],[6,-4],[0,-6],[-3,-2],[-7,-1],[-3,2],[-6,-1],[-1,-3],[3,-6],[-1,-4],[-5,-5],[-2,-12],[-6,-7],[1,-13],[6,-9],[5,-9],[10,-7],[0,-8],[-3,-17],[9,-3],[1,-10],[4,-2],[7,0],[4,-4],[4,1],[4,-4],[7,-2],[-2,-2],[-11,-1]],[[3826,4580],[-6,-9],[-3,-9],[1,-9]],[[3818,4553],[-1,-7],[1,-9],[3,-5],[12,-4],[2,-5],[0,-8],[1,-3],[-13,-22],[-1,-8],[-2,-4],[-4,-2],[-9,0],[0,-2],[-1,-10],[3,-7],[0,-4],[-3,-2],[0,-7],[2,0],[-3,-11],[3,-3],[-1,-8],[3,-2],[0,-3],[2,-3],[0,-8],[2,-2],[3,2],[2,-3],[-3,-3],[-1,-9],[-3,-2],[-1,1],[-2,-4],[-3,0]],[[3806,4386],[1,-4],[3,-4],[-1,-5]],[[3809,4373],[-4,0],[2,-4],[-2,-3],[-5,-1],[-7,-14],[-1,-4],[-3,-3],[-1,-7],[-3,-1],[-2,-3],[-9,-2],[-4,1],[-3,3],[-3,-1],[-6,1],[-3,3],[0,4],[-1,0],[-1,-3],[-6,-9],[-1,-11],[-3,0],[4,-9],[-4,-9],[-3,-1],[-1,-3],[-2,-2],[-4,1],[0,-3],[-2,0],[-1,-7],[-4,-4],[-1,-3],[-4,-2],[-1,-3],[-1,1],[-1,-3],[1,-1],[-2,-3],[-5,-1],[-3,-5],[-6,0],[0,-1],[-3,-1],[-4,-8],[-1,-11],[-8,-1],[-7,-10],[-4,-2],[-4,-8],[-5,-2],[-4,2],[-1,-5],[-3,0],[-2,-4],[-3,-3]],[[3654,4208],[-1,-10]],[[3653,4198],[-7,-3],[-6,2]],[[3640,4197],[2,13],[-1,0],[-8,-10],[-2,13]],[[3620,4224],[-4,-5],[-3,0],[-1,-3],[-5,-3],[-1,8]],[[3559,4275],[-2,5],[-4,0],[-1,-11],[-4,-5]],[[3548,4264],[-6,3],[-2,8],[-3,3]],[[3537,4278],[-5,-3],[-4,1],[-1,3],[1,4]],[[3528,4283],[10,7],[-2,5]],[[3541,4302],[-2,1],[-4,0],[-8,-6]],[[3526,4304],[-4,0],[-3,-8],[-2,0]],[[3519,4307],[-7,0]],[[3338,4351],[-3,14],[-6,3]],[[3329,4368],[-4,-5],[-2,0]],[[3311,4369],[-9,1],[-2,-4]],[[3300,4366],[2,-6],[-4,-4],[-2,1]],[[3280,4361],[-11,6],[-6,-1]],[[3123,4397],[-3,5],[-3,0],[-3,-8]],[[3082,3895],[6,-4],[12,-4]],[[3100,3887],[5,-4],[-1,-5],[-10,-9]],[[3094,3869],[-5,-14],[-6,5]],[[3055,3868],[-7,2],[-7,-4]],[[3011,3865],[-7,-4],[-8,4]],[[2919,3943],[1,4],[-2,2],[4,10]],[[2925,3963],[2,5],[-8,28],[-4,6],[-2,7]],[[2902,4114],[1,6],[-1,9],[1,4],[4,4],[1,7]],[[2907,4212],[5,9],[-2,1]],[[2838,4406],[-2,-2],[-5,-8],[-7,-5]],[[2804,4401],[-5,1],[3,-12]],[[6733,4327],[-4,4],[-5,-9]],[[6724,4322],[-10,5],[-4,0],[-4,-4],[-7,2],[-1,6],[2,5],[-4,14],[0,5],[-4,7],[-5,4],[-2,8],[-14,8],[-9,3],[-6,14],[-8,-1],[-3,-2],[-2,1],[-9,29],[-4,0],[-4,5],[-10,6],[-3,7],[-1,8],[-2,7],[-5,5],[1,5],[-2,2],[0,2],[-4,6],[0,-2],[-2,3],[0,-1],[-4,4],[-1,-1],[-2,3],[0,-6],[-2,-3],[-3,5],[-5,-3],[-5,5],[-4,-1],[0,-4],[-2,0],[-5,7],[-11,1],[-3,2],[-1,3],[-5,1],[-3,3],[-6,-2],[-4,-3],[-2,3],[0,6],[-4,8],[1,3],[4,1],[1,4],[3,-3],[2,4],[-3,3],[1,7],[3,2],[3,5],[10,3],[2,5],[-1,5],[-4,4],[0,10],[-12,40],[0,12],[-7,4],[-5,13],[0,4],[2,4],[-2,11],[-2,4],[1,5],[-5,6],[-5,14],[-5,1],[-3,5],[5,8],[-4,15],[-2,2],[-7,15],[-1,7],[-3,5],[3,6],[-7,12],[-2,8],[-4,2],[1,13],[-5,6],[-2,-16],[3,-9],[-13,-2],[-1,-7],[-2,-2],[-1,2],[-8,24],[0,6],[-3,5],[-2,9],[-2,3],[-9,41],[-3,4],[0,9],[-4,2],[0,3],[-12,6],[-2,6],[-2,1],[0,7],[-2,5],[-1,6],[1,7],[-11,1],[-11,7],[-6,7],[-2,9],[-5,1],[-5,9],[1,4],[-4,2],[-4,6],[-8,-1],[-4,3],[-4,-1],[-1,2],[-6,-3],[-8,-9],[-4,-1],[-7,3],[-9,-2],[-5,-6],[-7,1],[-1,-6],[-4,1],[-3,-2],[-2,2],[-3,-5],[5,-6],[-3,-3],[0,-5],[4,-3],[1,-9],[-2,-3],[-4,-1],[-2,2],[-3,6],[-9,-6],[-1,1],[2,5],[-2,4],[-8,6],[5,11],[-3,2],[-6,-4],[-2,2],[0,6],[3,6],[-1,4],[-4,-1],[-2,-4],[-6,-4],[-1,3],[0,8],[-7,2],[-4,5],[-1,5],[6,9],[0,17],[-1,1],[-2,-1],[-3,-9],[-3,-4]],[[6237,4956],[-7,2]],[[6230,4958],[1,4],[7,4],[3,10],[7,4],[2,4],[-3,5],[-4,0],[-9,7],[1,4],[6,-2],[1,2],[-1,6],[-7,2],[1,4],[2,-3],[6,-1],[4,2],[4,3],[5,14],[6,2],[3,-2],[4,3],[3,1],[14,12],[15,2],[4,-8],[3,-1],[15,6],[0,7],[15,9],[2,5],[3,3],[19,4],[2,8],[-1,9],[19,-4],[4,5],[19,-1],[2,9],[4,0],[1,1],[2,13],[-2,4],[-4,3],[0,8],[-5,-3],[-12,5],[-1,5],[4,9],[11,7],[1,7],[6,6],[9,-7],[2,0],[11,11],[1,5],[3,2],[3,8],[6,4],[3,0],[6,4]],[[6456,5188],[6,7],[0,2],[-3,12]],[[6459,5209],[-2,1],[-6,-5],[-6,4],[-11,-1],[-3,4],[-4,0],[-3,4],[-4,0],[-2,4],[1,5],[0,5],[3,6],[1,4],[-9,-3],[-5,0],[-4,10],[-3,2],[-5,-6],[-3,0],[0,-2],[-4,-2],[-4,2],[-2,-2],[0,-5],[-3,-2],[-3,0],[-1,5],[-1,0],[-17,-7],[-5,4],[-7,-1],[-2,4],[-7,-6],[-2,2],[-5,1],[2,5],[-2,4],[2,5],[0,3],[-4,1],[-4,4],[-2,-1],[-6,-7],[-5,3],[-2,6],[-9,0],[-3,3],[-4,-3],[-2,4],[-5,-2],[-2,7],[-5,1],[1,5]],[[6281,5272],[3,3],[4,1],[10,-7]],[[6298,5269],[9,-2],[10,3],[0,11]],[[6317,5281],[-10,10],[-4,9],[-4,2],[-2,3],[-3,9]],[[6294,5314],[2,17],[-2,3],[-11,1]],[[6283,5335],[-6,3],[-4,-2],[-12,8],[-7,-3]],[[6254,5341],[-5,4],[-2,4],[1,4]],[[6248,5353],[-1,9],[-5,4]],[[6242,5366],[-1,3],[-2,0],[1,4],[-3,5],[1,4],[-3,2],[-1,2],[-1,-1],[-4,2],[-2,3],[1,4],[-4,4],[0,8],[-6,5],[2,3]],[[6220,5414],[3,13],[8,10],[4,2],[5,-5]],[[6240,5434],[6,1],[4,-2],[6,2],[3,-6],[3,2],[3,-3],[12,-3],[7,-5],[3,4],[2,0],[7,8],[7,2],[1,5],[-2,5],[2,7],[16,6],[0,3],[-2,6],[1,4],[3,1],[4,-2],[4,2],[0,3],[1,1],[-1,3],[2,1],[0,3],[3,-1],[2,2],[1,6],[1,1],[-1,1],[-1,8],[-2,1],[1,2],[7,7],[4,7],[6,3],[9,-1],[8,10],[2,20],[-3,9],[-7,7],[-3,11],[-3,0],[-3,3],[-1,17],[3,1],[6,-3],[6,8],[3,-1],[4,4],[5,0],[8,4],[3,-3],[4,-11],[7,1],[1,1],[-2,9],[1,7],[-1,5],[0,2],[13,-1],[9,-11],[2,2],[1,8],[-1,6],[8,4],[4,6],[8,4],[3,0],[5,-6],[4,0],[1,4],[5,22],[3,2],[4,-1],[4,1],[-3,9],[1,5],[4,6],[8,3],[8,8],[-2,4],[-8,3],[1,17],[1,2],[7,3]],[[6490,5719],[10,13],[1,4]],[[6501,5736],[-2,8],[4,1]],[[6503,5745],[2,6],[6,0]],[[6511,5751],[1,1],[0,11]],[[6530,5801],[7,-5],[14,2]],[[6557,5805],[11,1],[15,20]],[[6583,5826],[3,1],[1,3],[-1,2],[-8,7]],[[7721,7424],[9,4],[8,0],[5,-2],[4,-6]],[[7783,7405],[8,-5],[7,-2],[19,-1],[5,2],[5,5],[7,18]],[[7919,7417],[4,-2],[28,13]],[[7960,7444],[13,-3],[6,2],[11,20]],[[7990,7463],[4,-5],[5,-3],[13,-2],[5,-5],[0,-11]],[[8120,6731],[-5,-9],[0,-4]],[[8122,6682],[3,-7],[-1,-17]],[[8127,6610],[1,-13],[-3,-11],[-3,-7],[-4,0]],[[8032,6604],[-5,0],[-4,-8],[-9,-7]],[[7748,6047],[1,-6]],[[7749,6041],[2,-1],[3,-7],[6,-4]],[[7760,6029],[0,-1],[5,-5]],[[7795,5941],[-1,-24],[1,-5],[-2,-1]],[[7793,5911],[-5,6],[-3,0],[-3,4],[-8,-7],[-3,2],[-6,-1],[-2,6],[-7,5],[-7,7],[-2,-3],[-3,-9],[-4,-2],[0,-3],[0,-10],[6,-1],[2,-5],[-3,-18],[-9,-2],[-5,8],[-7,2],[-3,9],[-4,2],[-7,-5],[-5,2],[-1,-9],[-3,-1],[-4,-8],[-2,-2],[-13,-2],[-8,4],[-3,-1],[-6,1],[1,-19],[2,-8],[-4,-15],[-7,-7],[-3,-7],[4,-7],[0,-4],[-5,-8],[-6,-5],[-1,-5],[2,-31]],[[7648,5764],[3,-10],[-3,-7],[-9,-9]],[[7639,5738],[-11,4],[-5,-2],[-2,-11],[-4,-6]],[[7617,5723],[2,-12],[-1,-4],[-2,0]],[[7616,5707],[-5,12],[-6,7],[-6,-1],[-1,-5],[-1,-2],[-2,1],[-1,7],[-2,1],[-10,-2],[-2,-5],[1,-11],[-6,-18],[0,-3],[2,-3],[-1,-5],[-10,1],[-7,-5],[-4,1],[-2,-4],[-4,1],[-2,4],[-4,-1],[-2,-3],[1,-9],[-5,-10],[1,-7],[-2,-3],[-4,1],[-6,-7],[-3,-9],[-3,-1],[1,-12],[-8,1],[-1,-3],[-3,-1],[-1,-3],[-7,2],[-5,-8],[-7,3],[-6,-11],[-6,2],[-6,-7],[-1,-4],[-6,-2],[-2,-8],[2,-7],[-7,-5],[-2,-7],[8,-3],[7,-11],[3,-1],[6,-10],[1,-5],[-3,-8],[4,-13],[-4,-7],[-9,-4],[0,-6],[-5,-7]],[[7463,5484],[-1,-30],[-1,-5],[-3,-2],[-18,-2],[-3,-3]],[[7437,5442],[-1,4],[-3,0],[-4,6],[1,5],[-5,2],[-3,-8],[0,-9],[-3,-5],[1,-12],[-7,3],[-1,-6],[-8,-4],[-1,-5],[-6,-5],[-5,-6],[-9,2],[-4,-7],[-7,-3],[-6,1]],[[7366,5395],[-3,-5],[3,-7]],[[7366,5383],[7,-1],[1,-8]],[[7374,5374],[4,6],[2,1]],[[7380,5381],[3,-5],[5,3]],[[7388,5379],[6,-3],[2,-5]],[[7396,5371],[6,-1]],[[7402,5370],[5,-7],[1,-10],[8,-6]],[[7416,5347],[2,-4],[7,-4],[5,1],[3,-3],[3,-6],[-2,-4],[0,-8],[4,-9],[-5,-6],[0,-5],[-13,-2],[-5,-4],[-5,-2],[-4,-7],[2,-8]],[[7408,5276],[-2,-9],[-2,0]],[[7404,5267],[-5,8],[-4,0]],[[7395,5275],[-2,-2],[2,-9]],[[7395,5264],[-4,-7],[-6,0],[1,6],[-3,2],[-9,-15],[0,-6],[-3,-6],[1,-3],[-2,-1],[0,-2],[1,-3]],[[7371,5229],[-3,-1]],[[7368,5228],[-1,6],[-5,-1],[1,6],[-4,2],[-4,14],[-3,1],[-4,9],[0,4],[-3,3],[-3,-6],[2,-5],[-3,-5],[0,-6],[-7,-5],[2,-8]],[[7336,5237],[-1,-3],[-2,0],[-4,3]],[[7329,5237],[-2,-1],[-1,4]],[[7326,5240],[-4,3],[2,4],[-2,6]],[[7322,5253],[-3,-1],[-10,2]],[[7309,5254],[1,-9]],[[7310,5245],[-1,0],[-2,0]],[[7307,5245],[0,9]],[[7307,5254],[5,6],[-4,19],[-3,8],[0,9],[5,9]],[[7310,5305],[0,21]],[[7310,5326],[-4,11],[-6,2]],[[7300,5339],[1,4]],[[7301,5343],[-2,4],[-7,0]],[[7292,5347],[-2,-4],[-2,0],[-2,-5],[-6,1],[-5,-8],[-3,-2]],[[7272,5329],[-3,1],[-3,7]],[[7266,5337],[-7,6],[-2,13],[2,6],[-3,16],[1,2],[-5,3],[-1,6],[-3,1],[-1,2],[-5,-1]],[[7242,5391],[-3,4],[2,7]],[[7241,5402],[-2,8],[8,16]],[[7247,5426],[0,8],[4,18],[2,3]],[[7253,5455],[16,11],[2,7],[9,1],[3,5],[6,3],[5,10],[0,8],[5,4],[-1,6],[10,10],[1,3]],[[7309,5523],[-7,10],[-3,-3]],[[7299,5530],[-1,-8],[-2,-2],[-9,7],[-3,-1],[-2,4],[-5,-3],[-7,-2],[-2,5],[3,8],[-3,4],[-1,4],[-4,1],[-4,-6],[-11,-5],[-7,0],[-4,-7],[-8,-2],[-5,-5],[-5,-9],[3,-6],[-3,-16],[-11,-3],[-7,4],[-4,4],[-11,25],[-7,1],[-12,22],[-3,3],[-6,2],[0,2],[2,5],[-1,3],[1,5],[-2,3],[-4,4],[-6,2],[-4,5],[-8,5],[-13,3],[-3,-3],[0,-10],[-3,-15],[-4,-4],[-2,-4],[-16,-1],[-4,3],[-4,-3],[-16,6],[-1,-9],[-3,-9],[1,-7],[-2,-7],[-9,-4],[-2,-11],[-20,-36],[-9,-12],[-4,-19],[2,-10],[-3,-5],[-2,-7],[-2,-4],[-7,-1],[-13,12],[-8,-5],[-2,1],[-4,3],[-5,10],[0,7],[-5,0],[3,-8],[1,-9],[3,-5],[-1,-4],[8,-14],[3,-9],[0,-3]],[[6990,5390],[3,-2],[0,-6],[-3,-4]],[[6990,5378],[1,-6],[-4,-1],[1,-3],[-4,-6]],[[6984,5362],[0,-5],[-2,-3]],[[6982,5354],[-3,0]],[[6979,5354],[0,-3],[-2,-3]],[[6977,5348],[-4,3],[-7,-3],[-5,2],[-6,15],[-4,2],[1,7],[-2,1],[-4,-1],[1,-12]],[[6947,5362],[-2,-10],[4,-5],[3,-7]],[[6952,5340],[5,-5],[2,-4],[-4,-19]],[[6955,5312],[0,-2],[5,-7]],[[6960,5303],[4,-14],[4,-3]],[[6968,5286],[7,5],[1,5],[2,5]],[[6978,5301],[0,5],[4,2],[4,6],[0,5],[2,1],[6,-5],[-1,-8],[6,-9],[-2,-9],[6,-11],[4,0],[2,-5],[7,0],[2,-2],[7,4],[9,-2],[6,2],[4,-6],[4,-4],[-1,-10],[4,-1],[1,3]],[[7052,5257],[6,-1],[0,-7]],[[7058,5249],[6,-2]],[[7064,5247],[2,-8],[-5,-8]],[[7061,5231],[-4,-3],[-1,-7],[2,-1],[4,1],[2,-4],[5,-3],[2,-4],[-6,-9],[3,-8],[4,-2],[-4,-7],[1,-6],[10,-2],[4,-4],[14,-5],[2,-14],[-3,-8],[1,-9],[3,-7],[-1,-4],[-6,-1],[-2,2],[-3,-1],[-1,-6],[-5,-3],[-4,1],[-4,-2],[-11,-1],[-8,-3],[-7,2],[-8,-3],[4,-8],[0,-7],[3,-10],[-6,-9],[0,-5],[-2,-12],[6,-12],[4,-1],[3,1],[3,-2],[-3,-10],[2,-7],[-4,-5],[-11,-3],[-3,-3],[-1,-5],[-6,-5],[-3,-12],[1,-12],[-5,-2],[-3,-9],[-13,0],[-3,1],[-3,4],[-2,0],[2,-7],[-2,-2],[2,-5],[-1,-7],[3,-2],[0,-2],[4,1],[2,-3],[-3,-7],[-2,-2],[2,-1],[0,-5],[-3,1],[0,-5],[-2,0],[1,-5],[3,-2],[-1,-6],[-2,-2],[1,-5],[-3,-2],[-1,-5],[1,-4],[2,-1],[-2,-5],[1,-4],[2,0],[-2,-9],[4,-3],[-3,-13],[7,-14],[9,-1],[3,-7],[1,3],[3,-1],[-1,-13],[-2,-3],[-3,9],[-9,2],[-13,-9],[-5,-1],[-5,-6],[-3,-6],[4,-6],[-4,-4],[-8,-17],[-5,-3],[2,-7],[-7,-14],[-1,-8],[-4,-1],[-2,-6],[-5,-5],[-6,-2],[-5,2],[-5,-4],[-8,1],[-4,-5],[-4,-2],[-4,-5],[-10,8],[-7,1],[-1,-13],[5,-7],[2,-15],[5,-8],[10,-1],[1,-11],[4,-2],[-2,-4],[2,-4],[2,-1],[-1,-5],[2,-3],[-1,-1],[-3,4],[-2,-2],[-3,4],[-1,-1],[-1,-6],[-3,1],[1,-11],[0,-7],[-3,-1],[-5,1],[-12,-6],[-6,0],[-2,-4],[-1,-7],[-4,1],[-5,-1],[-3,1],[-5,-10],[-7,-1],[-7,-7],[6,1],[3,-2],[7,1],[1,-2],[3,-11],[-1,-7],[1,-1],[2,1],[3,-8],[3,-2],[-2,-3],[6,-1],[3,-5]],[[6891,4575],[-2,-4],[2,4]],[[6891,4575],[6,1],[6,-5],[1,-6],[5,-3],[5,-7],[1,-2],[-7,-12],[2,-12],[-2,-14],[1,-2],[3,-13],[4,-3],[2,-5],[8,-2],[1,-2],[1,-3],[-4,-8],[5,-13],[-1,-5],[-13,-5],[2,-5],[-4,-4],[-1,-7],[-9,-1],[2,-11],[2,-4],[-1,-8],[10,-7],[8,-2],[5,-8],[16,-8],[3,1],[2,-7],[-7,-14],[-1,-4],[5,-3],[4,-6],[11,-3],[4,0],[3,4],[7,3],[5,5],[9,-12],[5,3],[4,-2],[18,6],[1,-8],[9,1],[6,9],[4,13],[7,7],[1,-1],[-1,-3],[3,0],[2,-2],[-8,-9],[-1,-4],[3,-2],[6,3],[4,-1],[-2,-6],[3,-2],[2,-6],[6,-13],[-2,-10],[6,-4],[-3,-10],[-4,-3],[9,-4],[4,-7],[13,-12],[-2,-7],[2,-5],[-3,-5],[1,-5],[-1,-4],[7,-14],[1,-5],[12,-13]],[[7102,4228],[-1,-4],[-8,-3]],[[7093,4221],[-10,5],[-4,5],[3,6],[-4,4],[-4,-2],[-1,-5],[-1,-2],[-5,-2],[-5,1],[-7,-10],[-4,1],[-3,2],[-3,6],[-3,10],[-6,5],[-7,0],[4,-6],[-5,-4],[-3,1],[-3,3],[-3,-4],[-1,6],[6,5],[0,18],[-12,9],[0,3],[2,3],[0,2],[-11,-1],[-8,-5],[1,-6],[-9,-2],[-5,1],[-11,10],[-23,37],[-11,8],[-4,7],[-10,9],[-3,5],[-7,5],[0,8],[-9,5],[-2,9],[5,7],[-1,4],[-23,18],[-3,-2],[-2,-11],[-2,-3],[-2,-6],[-5,-1],[4,-5],[0,-2],[-8,-7],[-4,-7],[-1,-5],[-6,2],[-3,-2],[-12,-3],[-6,4],[-10,3],[-8,-6],[-7,-1],[-11,5],[-14,3],[-4,-10],[0,-8],[-5,-19],[-4,-2],[-1,-4],[-3,-2]],[[6766,4311],[-9,0],[-4,-6]],[[6753,4305],[-7,-2],[-4,6],[-5,11],[-4,3],[0,4]],[[4014,1461],[4,-4],[4,3]],[[4022,1460],[3,6],[6,-1],[4,5],[4,0],[0,-8],[4,-5],[5,-19],[-4,-9],[-5,-2],[-1,-2],[7,-9],[3,-6],[6,1]],[[4054,1411],[-1,-7],[3,0],[7,11]],[[4063,1415],[13,1],[1,-2],[-2,-6],[3,-2],[5,1],[-6,-14],[10,0],[1,2],[2,0],[4,-6],[6,7],[5,1],[2,-1],[1,-5],[-4,-1],[-3,-12],[-8,-5],[2,-11],[-2,-6],[2,0],[0,-3],[6,4],[3,-8],[-6,-2],[-1,-6],[7,-1],[3,5],[3,-3],[3,1],[1,8],[2,0],[-1,-3],[1,-1],[6,7],[-1,6],[1,4],[9,1],[1,4],[4,-1],[1,4],[4,1],[4,-4],[-3,-9],[2,0],[1,-2],[0,-5],[3,-4],[0,-4],[5,-6],[1,0],[2,-5],[4,-1],[0,-2],[1,-3],[-3,-4],[4,-5],[2,-10],[4,-1],[8,7],[11,-2],[14,-27],[12,-9],[7,-2],[12,1],[3,6],[-9,31],[1,7],[6,0],[3,4],[8,-2],[5,1],[2,5],[12,-7],[10,-3],[2,-1],[1,-5],[6,0],[5,-2],[2,-5],[-2,-6],[2,-4],[11,-1],[5,4],[4,1],[4,4],[7,3],[2,-17],[2,-3],[0,-5],[6,-3],[7,-10],[2,-6],[3,-6],[7,-5],[3,1],[7,8],[4,1],[6,-2],[6,-7],[0,-2],[-4,-5],[0,-12],[1,-5],[-2,-6],[1,-2],[6,1],[-1,-6],[1,-4],[6,-1],[5,2],[5,-6],[7,2],[9,-3],[7,1],[8,-4],[3,2],[3,14],[3,5],[4,2],[1,-1],[-1,-5],[2,-4],[-1,-2],[4,2],[3,-5],[3,0],[6,-5],[10,7],[4,-2],[12,-17],[1,0],[3,7],[6,0],[2,4],[3,2],[8,-1],[6,-5],[16,-8],[-1,-10],[1,-5],[11,-16],[9,-4],[2,-9],[4,4],[1,6],[12,-3],[2,4],[3,0],[3,-2],[4,-1],[2,3],[5,-1],[4,5],[6,-2],[8,6],[3,-1],[2,2],[1,-1],[2,2],[8,-2],[3,2],[3,8],[3,1],[2,3],[4,0],[1,4],[2,-1],[1,4],[-6,7],[-2,-2],[-5,14],[1,2],[-2,2],[1,1],[-1,8],[3,6],[-2,4],[-2,1],[0,6],[4,7],[0,5],[2,0],[0,10],[2,3],[2,0],[0,4],[4,4],[4,10],[3,-1],[4,5],[3,0],[4,5],[1,8],[-3,5]],[[4651,1302],[3,3],[5,-3],[4,-9]],[[4663,1293],[3,0],[0,-7],[5,-5]],[[4671,1281],[1,-7],[14,-7],[3,-1]],[[4689,1266],[2,3]],[[4691,1269],[10,-4],[10,9]],[[4711,1274],[5,-2],[7,3],[9,12],[6,-4],[2,3],[4,-2]],[[4744,1284],[5,2]],[[4752,1271],[0,-6],[-9,-7]],[[4742,1261],[3,6],[-4,1],[-1,-13]],[[4745,1252],[0,-8],[-1,-4]],[[4744,1240],[-4,-6],[-6,3],[-1,-2],[11,-17]],[[4764,1210],[3,-7],[-1,-2]],[[4759,1197],[-7,0],[-4,-7]],[[4744,1182],[-2,-7]],[[4749,1165],[0,-1],[-7,-11]],[[4742,1153],[-5,-2],[-1,-7]],[[4738,1140],[0,-4],[3,-2]],[[4766,1090],[-5,-3],[-4,-6],[5,-5],[0,-7]],[[4774,1077],[9,-10],[5,-1],[2,2]],[[4790,1084],[13,5],[5,-8]],[[4828,1079],[3,-3],[3,-8]],[[4834,1068],[-1,-6],[1,-1]],[[4843,1063],[9,-5],[-2,-18]],[[4926,1054],[5,5],[8,0],[9,7]],[[4966,1073],[8,4],[3,-4]],[[4970,1059],[-5,-7],[2,-2]],[[4991,1016],[7,-3],[0,-6]],[[5106,941],[6,3],[0,-3]],[[5174,711],[3,3],[0,4],[2,4],[0,2]],[[5177,726],[0,5],[8,6]],[[5204,747],[3,6],[10,-6]],[[5263,704],[3,-4],[-4,-4]],[[5233,704],[-4,1],[-4,3]],[[5245,619],[6,-5],[2,-3]],[[5258,575],[2,-12],[2,-1]],[[5270,562],[0,8],[2,5]],[[5272,575],[3,3],[6,-10]],[[5279,555],[0,-4],[2,-3],[0,-4]],[[5306,545],[9,-12]],[[5311,498],[-8,-4],[-4,0],[-5,-4],[-6,0],[-6,-5],[-4,0],[-4,-6],[-5,-1],[-2,-5],[-7,-6],[-6,-14],[0,-4],[2,-6],[-11,-10],[0,-3],[-1,-1],[-11,-3],[-3,-4],[-9,-1],[-8,-7],[-9,-1],[-7,-7],[-9,-7],[-3,0],[-10,-6],[-5,-1],[0,-4],[3,-5],[-3,-8],[0,-5],[-3,-4],[2,-2],[-1,-3],[-7,-3],[-5,-6],[-16,4],[-6,-3],[-15,2],[-14,-4],[-2,-6],[-12,-4],[-11,-14],[-3,-1],[-5,2],[-5,-4],[-5,-1],[-4,-8],[-7,-1],[-4,-4],[-7,0],[-4,2],[2,9],[-3,3],[3,9],[-4,6],[0,7],[-12,1],[-8,3],[-2,8],[-7,3],[-3,5],[-3,-2],[-5,7],[-15,13],[-6,-2],[2,0],[4,-10],[-2,-3],[-1,-8],[-5,-8],[-2,-9],[-3,-6],[-9,5],[-8,-8],[0,-3],[-6,-4],[-2,-4],[-7,-7],[-7,1],[-5,-4],[-2,-3],[-4,2],[-8,-4],[-5,1],[-6,-4],[-4,1],[-3,-1],[-3,3],[-6,3],[2,8],[4,5],[4,-1],[11,16],[5,1],[-8,16],[-8,4],[-2,3],[-1,5],[-3,-4],[-8,-6],[0,-1],[3,-4],[-4,-5],[-10,1],[-4,-2],[-12,-20],[-5,-2],[-7,-5],[-14,-5],[-10,0],[-6,-4],[-6,5],[-1,5],[-7,8],[6,6],[1,2],[-2,3],[9,16],[-2,3],[3,6],[0,5],[5,3],[-4,13],[3,7],[0,3],[-13,2],[-5,3],[-14,-15],[-5,1],[-4,5],[-11,4],[1,-5],[-3,-4],[-6,-2],[-2,-5],[2,-3],[-7,-4],[0,-7],[-2,-5],[1,-2],[5,-2],[2,-10],[7,1],[3,-2],[8,-21],[8,-3],[2,-3],[-1,-6],[4,-2],[-10,-4],[-3,-5],[-7,-3],[-10,2],[-4,4],[-10,-3],[-4,-6],[0,-2],[-3,-6],[-4,1],[-5,-7],[-8,-2],[-8,-6],[-8,-11],[-5,0],[-16,-6],[-6,-15],[0,-5],[-2,-8],[4,-8],[13,-10],[5,-1],[12,9],[5,-1],[6,6],[5,2],[7,5],[9,-2],[12,1],[4,-2],[-2,-3],[3,-3],[0,-4],[3,-2],[0,-5],[6,-11],[-1,-8],[4,-2],[0,-6],[2,-13],[-3,-2],[-2,-6],[-5,1],[-2,-6],[-4,-1],[-1,-15],[2,-3],[2,1],[3,-3],[2,-6],[6,-1],[1,-2],[-1,-5],[-3,-2],[-5,0],[-5,8],[-12,2],[-1,15],[-5,3],[-6,-1],[-3,-9],[-7,-2],[-4,-4],[3,-40],[0,-4],[-11,-7],[-2,-5],[-6,-4],[-3,0],[0,4],[-8,8],[-1,15],[-7,6],[-5,-5],[-1,2],[-6,3],[-2,-4],[-3,-2],[-4,0],[-3,3],[-4,-1],[-6,-5],[-2,-7],[0,-4],[-6,-5],[-1,-4],[1,-4],[-6,-12],[-6,-1],[-1,-2],[-7,-5],[-8,0],[1,4],[-2,13],[-1,3],[-3,2],[1,5],[-1,4],[3,4],[-3,4],[0,3],[-2,-1],[-4,5],[-3,-1],[-4,9],[3,6],[0,5],[-6,3],[-2,-3],[-4,-2],[-4,-5],[-1,-8],[-13,-16],[-11,0],[-1,-3],[-4,-1],[-3,-10],[-4,3],[-3,-5],[-5,-3],[-1,-6],[-5,1],[-12,-3],[3,-7],[-3,-4],[-5,1],[-2,-2],[-6,-11],[-4,4],[-6,-3],[-7,5],[-13,-7],[-5,-6],[-3,-1],[-8,2],[-4,4],[-7,-2],[-2,0],[-1,3],[-8,-1],[-5,-4],[-5,1],[-6,-9],[-3,0],[-3,-4],[-5,-1],[-8,-4],[-14,-15],[-10,7],[-3,5],[6,5],[8,15],[1,5],[-1,6],[-4,5],[1,15],[-2,11],[-3,1],[-8,-8],[-8,0],[-15,-3],[-4,-2],[-6,4],[-3,-4],[-29,-15],[-5,0],[-4,-14],[-3,4],[-15,0],[-3,14],[-4,3],[-11,-3],[-2,-7],[-6,-4],[-3,-7],[-3,-4],[-7,3],[-2,4],[-6,1],[-4,4],[-19,-11],[-7,-10],[-5,7],[-5,-1],[-3,5],[-4,2],[-3,9],[-5,4],[-1,5],[-3,-1],[2,10],[-4,-1],[-4,2],[3,7],[4,0],[3,4],[0,4],[-2,5],[1,10],[3,6],[0,4],[-5,8],[2,13],[6,18],[4,8],[1,6],[4,4],[4,0],[4,9],[4,0],[3,4],[-1,6],[6,1],[2,2],[-2,7],[-10,0],[-8,4],[-5,-5],[-3,6],[-3,3],[0,2],[-5,5],[-6,1],[-6,7],[-7,-4],[-9,5],[-2,-2],[-6,3],[-1,4],[-5,2],[-2,0],[-3,-3],[-5,2],[-5,3],[-2,6],[-4,-2],[-2,2],[-6,-1],[-3,4],[1,8],[-2,11],[-6,1],[1,1],[-6,5],[-2,-6],[-6,8],[0,2],[4,1],[3,3],[-7,10],[-2,6],[0,3],[9,5],[8,-3],[2,5],[7,1],[2,3],[8,0],[3,4],[8,4],[7,-4],[6,6],[7,-4],[0,-2],[-3,-5],[1,-3],[2,-1],[11,11],[-1,5],[2,6],[-4,8],[-9,7],[-7,0],[-6,3],[-3,5],[1,10],[17,4],[-15,26],[-1,-2],[-2,1],[3,3],[-1,3],[6,5],[3,5],[-7,3],[-8,-1],[0,5],[-4,6],[1,3],[4,6],[5,2],[3,6],[4,2],[3,4],[3,7],[1,10],[-5,3],[-1,-4],[-4,-3],[0,-5],[-3,-1],[-5,1],[-2,4],[-3,0],[-7,4],[0,7],[-8,4],[-1,5],[-4,5],[-9,-1],[-2,5],[-4,0],[-5,-2],[-3,2],[-4,-1],[-4,4],[-2,7],[-6,-4],[-2,-4],[-4,0],[-1,2],[-1,9],[-31,15],[5,8],[0,4],[5,15],[-6,0],[-2,3],[-3,1],[-6,-3],[-2,12],[3,5],[-6,10],[-9,-1],[-7,-7],[-2,6],[2,3],[-11,7],[-6,2],[-2,-4],[-8,-2],[-8,9],[-4,-4],[-1,2],[-5,-1],[-7,2],[-5,6],[-3,6],[-6,-4],[-3,7],[-10,5],[-4,4],[-2,9],[4,9],[0,9],[-1,6],[1,4],[-2,2],[3,9],[2,9],[-14,-4],[-6,13],[-4,1],[0,9],[-3,3],[-3,-2],[0,6],[-3,0],[1,3],[-1,3],[2,3],[-3,3],[0,7],[-2,1],[0,5],[-9,2],[0,8],[-6,-5],[-5,12],[7,0],[9,12],[0,3],[-3,0],[-2,10],[7,5],[1,3],[-4,7],[-4,2],[0,9],[15,18],[5,-2],[-4,12],[3,6],[10,10],[-2,11],[1,7],[8,28],[0,4],[-3,6],[4,1],[6,-7],[11,4],[4,-5],[0,4],[5,14],[0,9],[5,4],[6,-2],[13,7],[6,10],[5,3],[2,3],[-1,3],[-3,2],[-7,-1],[-4,2],[-6,24],[-7,3],[-4,0],[-1,5],[-3,1],[-7,12],[-7,0],[-14,-6],[-3,1],[-6,6],[-7,-3],[-4,4],[-7,-6],[-13,5],[-3,3],[-2,12],[-2,1],[1,3],[5,1],[6,-1],[2,-5],[1,0],[9,7],[11,-1],[4,3],[13,3],[6,9],[-16,6],[-8,21],[1,8],[8,9],[11,-1],[3,3],[4,3],[1,8],[4,2],[8,1],[11,-8],[9,-2],[3,0],[1,3],[1,11],[-2,9],[-1,2],[-6,1],[-6,10],[-2,5],[-5,1],[-6,5],[-7,17],[-2,9],[0,14],[-2,3],[-5,1],[-5,6],[-1,3],[3,4],[0,7],[-8,11],[1,4],[6,10],[12,3],[4,10],[1,8],[-6,1],[-3,3],[-1,2],[2,6],[-6,14],[-2,11],[-10,-2],[-5,7],[-6,3],[-2,5],[9,16],[9,8],[3,11],[14,20],[-2,12],[7,4],[6,8],[10,0],[2,3],[-2,13],[1,8],[-4,8],[5,8],[-2,5],[5,16],[-1,3],[-5,8],[-1,4],[1,9],[5,2],[-1,7],[3,13],[11,-2],[3,-4],[11,-3],[13,1],[2,-3],[3,4],[8,4],[-2,11],[1,6],[-1,5],[2,4],[4,3],[5,0]],[[5854,1563],[-1,4],[5,2],[-2,2]],[[5859,1579],[1,2],[2,1],[0,-4]],[[5901,1626],[4,5],[-5,5]],[[5896,1701],[1,8],[-5,0],[-5,3]],[[5847,1758],[-10,-15],[-4,4]],[[5831,1761],[-6,0],[-3,-2],[-2,3],[-1,7]],[[5828,1772],[3,6],[6,5]],[[5837,1785],[-7,7],[9,8],[1,5]],[[5807,1836],[-5,15],[-17,6],[-8,-2],[1,-19]],[[5778,1836],[-17,4],[-4,-2],[-3,-4],[-1,-8]],[[5473,2044],[-7,-8],[-2,1]],[[5456,2125],[2,-1],[1,2],[-1,3],[-4,3]],[[5430,2163],[-4,15],[-4,5],[1,4]],[[5423,2187],[4,3],[1,10],[4,-1],[3,-5],[7,-1],[9,16],[2,10],[8,6],[6,-5],[8,-1],[6,-5],[4,-7],[10,4]],[[5495,2211],[10,-5],[2,7],[0,9]],[[5507,2222],[10,8],[-2,7],[3,3],[2,6],[-1,10],[4,8],[6,-1],[5,4],[3,-4],[4,-4],[9,-2],[9,3],[8,0],[2,5],[3,1],[0,8],[3,4],[-3,8],[4,16],[-1,3],[1,4],[3,7],[2,0],[1,2],[-1,9],[-4,3],[4,3],[4,-2],[9,1],[2,-3],[1,-4],[3,0],[10,7],[0,8],[8,7],[0,9],[1,2],[7,-6],[4,1],[1,-6],[2,-3],[4,-2],[5,-5],[2,0],[11,22],[-2,3],[1,2],[8,16],[1,7],[5,1],[4,-3],[9,-1],[2,-4],[5,-1],[2,1],[3,7],[5,-2],[4,-3],[5,-13],[7,-9],[4,18],[5,-1],[1,11],[-3,5],[1,4],[6,3],[1,4],[6,7],[1,4],[7,6],[2,5],[4,1],[2,2],[6,-5],[5,-7],[2,-1],[13,18],[4,-2],[7,5],[7,1],[4,-3],[2,-7],[6,-5],[-1,-3],[10,-2],[7,-7],[7,-2],[6,-6],[9,6]],[[5845,2409],[4,8]],[[5849,2417],[4,3],[0,3],[4,0],[0,3],[1,1],[-1,1],[3,4],[5,2],[1,6],[6,10],[6,5],[6,0],[5,3],[6,-1],[4,9],[6,2],[4,5],[4,9],[-2,6],[4,5],[-3,16],[6,9],[-4,8],[0,8],[2,6],[5,4],[2,8],[0,9],[7,6],[5,-3],[6,1],[4,4],[2,9],[-5,2],[-4,5],[-2,10],[5,5],[3,10],[2,-2],[5,0],[4,4],[0,3],[6,3],[1,5],[14,9],[0,6],[-3,6],[3,3],[-1,7],[2,9],[5,1],[3,-5],[2,2],[8,-5],[13,2],[4,-2],[1,7],[3,0],[4,7]],[[6020,2670],[8,-1],[0,9],[-5,1]],[[6023,2679],[-5,4]],[[6018,2683],[-4,6]],[[6014,2689],[1,5],[5,12]],[[6020,2706],[0,5],[7,7]],[[6027,2718],[-2,10],[16,10]],[[6041,2738],[4,1],[5,8],[13,3],[6,6],[9,-8],[6,0],[5,-3],[3,4],[-1,5]],[[6091,2754],[4,14]],[[6095,2768],[4,3],[5,-2],[1,-8],[5,2],[8,-12],[6,-3],[4,2],[7,11],[6,0],[2,-3],[3,2],[1,10],[3,5],[3,-1],[8,3],[3,6],[6,-1],[7,-5],[9,-1],[10,2],[3,3],[4,-2],[2,7],[6,1],[4,-1],[4,4],[0,-3],[2,-1],[2,3],[2,-2],[7,4],[3,-1],[4,5],[-1,7],[2,4],[5,-2],[8,-8],[6,2],[2,-10],[10,-9],[9,2],[6,5],[7,0],[4,6],[7,-1],[-1,-3],[6,2],[-2,-6],[2,-4],[4,5],[3,-1],[3,-5],[4,5]],[[6323,2784],[2,10],[5,8]],[[6330,2802],[4,11],[8,13],[2,11],[7,-2],[5,3],[2,-3],[6,3],[1,5],[-2,3],[0,4],[3,4],[-1,4],[2,8],[5,3],[0,4],[4,1],[1,4],[3,1],[2,4],[5,-3],[6,1],[7,-2],[4,-6],[8,-4],[3,-9],[7,-2],[7,4],[12,-2],[4,-5],[3,-7],[4,1],[2,-2],[9,-2],[4,-2],[0,-4],[3,3],[4,-1],[3,-4],[0,-5],[-5,-9],[1,-11],[-1,-7],[5,-5],[-4,-15],[4,-2],[3,2],[4,-2],[7,1],[2,-2],[4,0],[1,2],[4,-1],[3,3],[0,16],[6,1],[4,5],[-2,13],[3,2],[0,4],[4,2],[2,5],[6,0],[8,-4],[3,1],[2,-2],[10,0],[3,3],[5,11],[6,3],[3,8],[6,3],[2,10],[3,1],[6,-3]],[[6585,2865],[16,-1],[1,-2]],[[6602,2862],[-1,-2],[4,-8],[8,-3],[5,-7],[1,0],[2,-2],[3,-6],[6,-3],[1,-3],[-1,-3],[2,-4],[10,0],[2,-4],[3,-1],[0,-3],[12,-5],[2,-5],[2,0],[4,-8],[0,-12],[5,-5],[-10,-18],[0,-10],[-6,-9],[2,-7],[-1,-4],[2,-3],[-6,-10],[5,-8],[1,-4],[4,-2],[0,-1],[-10,-11],[14,-9],[10,3],[6,-7],[0,-4],[2,-5],[1,-3],[12,0],[4,3],[1,4],[7,-2],[4,8],[9,-11],[3,0],[4,-7],[4,-2],[1,-4],[7,-3],[1,-6],[6,-2],[6,4],[1,-4],[6,1],[7,-4],[7,-1],[4,-4],[11,4],[4,6],[-8,17],[-1,12],[1,3],[7,-4],[4,2],[5,-1],[5,23],[5,-1],[5,-3],[3,8],[0,8],[9,3],[-3,8],[3,13],[12,-4],[9,0],[2,2],[9,-1],[4,8],[-6,3],[5,8],[4,1],[9,4],[4,1],[4,4],[6,-2],[2,4],[6,4],[-1,4],[5,5],[0,2],[7,5],[4,0],[4,4],[-1,4],[3,4],[1,-3]],[[6922,2791],[8,1]],[[6930,2792],[4,-8],[3,1]],[[6937,2785],[5,-3],[-1,-8]],[[6941,2774],[2,-4]],[[6943,2770],[6,2],[8,-5]],[[6957,2767],[0,-4],[4,-2],[-1,-6]],[[6960,2755],[-5,-3],[6,-4],[1,-9],[4,-6],[3,3],[6,1],[9,11],[3,0],[5,-4],[9,10],[9,0],[5,6],[4,1],[2,-3],[3,2],[2,-1],[3,6],[5,3],[6,8],[4,-3],[6,1],[3,-3]],[[7053,2771],[1,-13],[3,-4]],[[7057,2754],[-3,-4],[1,-4],[-3,-2],[8,-2],[1,-2],[-3,-11],[3,-1],[1,-7],[5,-4],[-3,-12],[-3,-3],[-2,-9],[-5,4],[-1,8],[-2,1]],[[7051,2706],[-4,-2],[-1,2],[-4,2],[-3,-3],[-2,-10],[-3,-2]],[[7034,2693],[-2,3],[-4,-2],[-2,3],[0,-4],[-3,-4]],[[7023,2689],[3,-4],[-2,-4]],[[7024,2681],[2,-4],[0,-6],[3,-10],[2,-2]],[[7031,2659],[-1,-6],[3,-6]],[[7033,2647],[0,-9],[10,-11]],[[7043,2627],[5,-1],[1,-2],[-4,-6],[5,-2],[0,-3],[-3,-3],[-3,0],[-1,-7],[6,-4],[-1,-5],[3,-4]],[[7051,2590],[8,-2],[8,-6]],[[7067,2582],[1,-5],[-1,-5],[-2,-2],[-3,1],[-6,-1],[-2,2],[-2,-1],[-8,0],[-2,-2],[-3,1],[-2,-15],[-3,-13],[1,-4],[8,-4]],[[7043,2534],[1,-4]],[[7044,2530],[-5,2],[-10,-2]],[[7029,2530],[-1,5],[-3,1],[-2,-2],[-4,-4],[-4,-2],[-3,4],[1,3],[-4,5],[-4,0],[-4,-3]],[[7001,2537],[-4,4],[-8,-9],[1,-5]],[[6990,2527],[-3,-1],[1,-4]],[[6988,2522],[-14,-2]],[[6974,2520],[-6,7]],[[6968,2527],[-3,-4],[-6,-15]],[[6959,2508],[-5,0],[-4,-4],[-2,1],[-1,-6],[-5,-3],[-2,-6],[0,-5],[-1,-2],[1,-8],[5,-6],[-4,-3],[2,-4],[-3,-2],[5,-9],[5,-4],[2,-8],[-5,0],[-1,-3],[-2,-1],[0,-4],[-4,-3],[0,-3],[-7,-1],[-4,2],[-4,-2],[-2,1],[-3,-4],[-1,-3],[2,-4],[-2,-2],[-3,-8],[2,-4]],[[6918,2400],[-3,-5],[0,-3],[9,-2],[2,-3],[0,-6]],[[6926,2381],[-4,-5],[5,-5],[-2,-5],[2,-10],[-2,-8],[5,-7],[2,-5],[-2,-7],[3,-9],[-1,-8],[8,-3],[-1,-6],[6,-2],[1,-6],[0,-4],[-9,-6],[1,-7],[-2,-2],[0,-7],[-5,-2],[-1,-3],[6,-3],[4,-7],[7,3],[4,-3],[3,4],[4,2],[2,-3],[2,0],[4,-7],[5,2],[5,-4],[-3,-3],[1,-7],[-3,-4],[-3,-2],[3,-14],[-2,-4],[-5,-4],[5,-4],[-7,-5],[3,-9],[4,1],[2,-6],[0,-3],[-2,0],[-2,-4],[0,-8],[2,-2],[5,0],[1,-6],[9,-3],[-2,-4],[1,-3],[-2,-3],[1,-8],[-3,-10],[-3,-5],[1,-4],[-4,-4],[0,-4],[-6,-3],[-6,4],[-6,7],[-1,8],[-5,3],[0,3],[-2,8],[-3,0],[-4,-4],[-4,2],[-12,-2],[-3,-7],[0,-5],[-2,-3],[-10,-2],[-9,-9],[-4,0],[-1,-3],[-11,-5],[-9,-2],[-3,-3],[-3,-12],[1,-8],[3,-2],[0,-3],[-6,-12],[-2,-12],[1,-4],[4,-1],[-3,-10],[-12,-3],[-5,-11],[-4,0],[-3,-2],[-3,1],[-3,-3],[-2,0],[-1,8],[-3,1],[0,4],[-7,-5],[-7,2],[-3,-3],[1,-6],[-1,-2],[-6,2],[-14,-3],[-2,-5],[-6,-3],[-1,-8],[2,-14],[10,-5],[1,-7],[0,-16],[3,-5],[-5,-5],[-6,2],[2,-8],[-1,-2],[-1,1],[0,-3],[0,-3],[5,-5],[-3,-3],[0,-3],[4,-3],[5,2],[2,-2],[4,3],[3,-5],[0,-4],[5,-4],[2,-6],[1,1],[-1,2],[4,1],[2,3],[8,-2],[8,5],[12,-5],[2,1],[1,-2],[-4,-10],[5,-15],[3,-2],[-6,-5],[-5,0],[-3,-9],[1,-3],[-9,-4],[1,-2],[-3,-4],[-1,-9],[-4,-2],[1,-8],[-1,0],[-4,-7],[-2,1],[-4,-6],[-8,-2],[-5,5],[0,2],[6,3],[-9,6],[1,6],[5,6],[1,5],[-1,2],[-4,-3],[-32,0],[2,5],[-4,8],[-7,20],[-2,-4],[-5,1],[-7,-7],[-1,-5],[-10,-7],[-1,-7],[1,-9],[-2,-3],[-19,4],[-3,-4],[-6,2],[-4,-8],[-1,2],[0,3],[-3,2],[-5,9],[-3,1],[-3,-4],[-2,0],[-2,-3],[-2,1],[-1,-3],[-2,0],[-2,-5],[-8,0],[-3,-2],[-4,-10],[-1,-7],[-3,-4],[-5,1],[-2,4],[-2,2],[-4,-4],[-2,-1],[-2,-10],[-8,-8],[-1,-14],[-5,-1],[-2,-11],[-2,-1],[-3,2],[-3,-9],[-10,-4],[-2,2],[-1,6],[-3,1],[-4,-8],[-6,0],[-3,-4],[-3,-2],[-2,1],[-2,5],[-6,0],[-6,-12],[-3,0],[0,-4],[-4,0],[-3,-5],[-3,0],[-2,-13],[5,-5],[9,-4],[1,-6],[7,2],[2,-5],[5,-3],[1,-6],[4,-3],[0,-7],[3,-5],[-4,-14],[0,-5],[3,-2],[4,4],[5,-5],[4,0],[1,-10],[-4,-2],[0,-2],[3,-11],[4,-2],[1,-4],[-7,-11],[-5,-2],[0,-3],[-2,-2],[-1,-6],[-8,-4],[-6,-5],[-9,0],[-1,-4],[8,-1],[-1,-13],[-3,-2],[0,-2],[7,-14],[3,0],[-2,-2],[-3,-9],[0,-7],[-5,-5],[1,-6],[-5,-5],[-4,0],[-3,2],[-5,-1],[-3,4],[-2,6],[-4,1],[0,7],[-6,14],[-3,2],[1,13],[-7,1],[-6,14],[-4,0],[-4,5],[-7,-2],[-4,4],[-3,-1],[-2,2],[-5,-3],[-10,4],[-3,-1],[-10,2],[-2,4],[-3,-3],[-3,0],[-4,-4],[-3,-2],[1,-15],[-3,-16],[2,-3],[-13,4],[-2,-4],[-1,-12],[-3,-2],[0,-7],[-3,-2],[-2,-4],[1,-2],[3,-3],[0,-2],[3,-6],[-1,-2],[3,-2],[0,-6],[3,-2],[1,-5],[-1,-5],[-3,-2],[-3,-23],[-6,1],[-14,-16],[-2,-8],[-9,-12],[-2,-15],[-4,-8],[-9,-1],[-11,9],[-2,6],[-3,1],[-4,8],[-10,5],[-4,6],[-9,8],[-4,0],[-3,3],[-2,7],[-11,3],[1,-5],[6,-3],[-1,-5],[2,-6],[-13,-2],[-1,2],[-6,-3],[-2,-2],[1,-6],[-3,0],[-5,-9],[-4,0],[-2,4],[-7,1],[-6,8],[-7,-2],[-5,-6],[-3,-8],[2,-6],[1,-1],[3,3],[3,-4],[3,2],[8,-4],[2,-6],[0,-5],[5,-4],[0,-5],[-7,0],[-1,-3],[-2,-2],[-5,2],[-1,-4],[-9,-4],[-7,-8],[-6,1],[-2,-2],[0,4],[-2,0],[-5,0],[-6,-4],[-6,2],[-3,-5],[-5,0],[2,-6],[-3,-1],[0,-3],[-3,-4],[-1,1],[-2,-2],[-1,4],[-7,-2],[-1,7],[1,1],[1,-3],[3,1],[-1,6],[2,4],[3,3],[0,3],[-6,4],[1,3],[-3,2],[0,7],[6,4],[-1,3],[1,1],[-1,3],[2,2],[3,6],[0,8],[-4,1],[-2,10],[-5,-4],[-3,1],[-3,10],[-2,0],[-1,-4],[-2,-1],[2,-6],[-2,-4],[-3,-1],[-2,4],[-9,5],[-2,3],[-3,-1],[-4,-9],[-2,-1],[-4,11],[-2,2],[-6,0],[-2,2],[-6,-8],[-3,2],[-2,3],[-1,-3],[-3,3],[0,5],[1,0],[1,4],[2,-3],[3,1],[-1,3],[3,1],[0,4],[2,2],[-3,2],[1,3],[-5,1],[-1,7],[-5,2],[1,11],[-3,-2],[-4,5],[0,5],[-4,-1],[4,6],[0,3],[2,1],[-3,5],[2,4],[-2,2],[1,5],[-1,1],[0,3],[-3,2],[5,8],[-2,7],[4,4],[1,8],[3,2],[-2,5],[-2,-4],[-2,1],[-1,4],[7,3],[-2,1],[-1,2],[1,4],[3,2],[-2,3],[-4,-4],[-2,0],[4,5],[-2,4],[-6,-5],[-5,1],[1,-4],[-1,-7],[-3,1],[-9,-13],[-3,-1],[-3,3],[-2,0],[-2,-4],[0,-6],[-4,0],[-6,-4],[-2,-3],[-8,5],[-1,6],[0,-8],[4,-2],[1,-6],[-4,-5],[-4,-9],[-1,-6],[-3,-3],[-3,-6],[-4,-3],[-3,-4],[-3,0],[-5,4],[-1,-1],[-1,5],[-3,1],[-5,10],[-1,0],[-1,-4],[-4,5],[-2,5],[4,2],[1,4],[-1,8],[-2,1],[-8,0],[-3,-4],[-7,-2],[-7,-6],[-11,-2],[-1,-2],[-3,1],[-1,-3],[-5,-3],[-6,4],[-3,-6],[-4,2],[-1,-3],[-2,3],[1,3],[-2,3],[-5,-1]],[[5990,1532],[-4,2],[-3,-1]],[[5983,1533],[-7,-6]],[[5976,1527],[-11,-2],[-9,6]],[[5956,1531],[-5,7],[-7,0],[-4,-3],[-2,-9],[-3,-2],[1,-2],[6,-1]],[[5942,1521],[4,-10],[-1,-5]],[[5945,1506],[-3,-2],[1,-7],[-4,0],[1,-6],[-3,-1],[4,-1],[2,-4],[2,-1],[3,3],[4,-4],[-1,-3],[4,-5],[-3,-1],[2,-6],[9,-2],[-2,-7],[-4,-4],[4,-4],[3,1],[0,-4],[4,0],[0,6],[4,3],[2,-2],[5,2],[0,-6],[2,-2],[0,-10],[10,-5],[-2,-3],[-7,-1],[3,-9],[-6,-6],[3,-4],[-4,-4],[-4,0],[-7,-2],[-2,-2],[1,-2],[-9,-1],[0,-2],[-3,-2],[-1,-5],[-3,0],[1,-2],[-1,-2],[-2,0],[-1,4],[-6,3],[2,1],[-3,7],[-2,-1],[-1,1],[0,-2],[-2,-1],[1,-2],[-2,1],[0,-3],[-3,4],[-4,-6],[-7,0],[-5,-9],[2,-3],[-5,-1],[-1,-4],[2,-1],[2,1],[1,-2],[-2,-2],[3,-10],[6,0],[-3,-6],[-4,4],[-4,-5],[-2,4],[2,4],[-1,2],[-8,-5],[-3,-7],[-3,-1],[-2,-3],[0,6],[-4,3],[0,3],[6,0],[1,3],[-1,3],[-2,-1],[-2,2],[1,3],[-3,-2],[-4,1],[-1,-4],[-3,-2],[-3,2],[2,-6],[-4,-3],[-2,-3],[5,-4],[-4,0],[2,-4],[-3,-5],[-6,0],[-2,3],[-2,0],[-6,-5],[0,-3],[4,-2],[4,-1],[5,-4],[4,0],[1,-2],[-6,-3],[-7,1],[-3,2],[-1,5],[-1,-1],[-1,3],[-2,-1]],[[5857,1333],[-2,1],[1,-2],[-4,-5]],[[5852,1327],[-3,1],[3,-4]],[[5852,1324],[2,-1],[-2,-2]],[[5852,1321],[-3,0],[0,-3],[9,0]],[[5858,1318],[4,-4],[-1,-3]],[[5861,1311],[-1,2],[-3,0]],[[5857,1313],[2,-3]],[[5859,1310],[-4,-9]],[[5840,1308],[-6,-2],[-2,-9],[-4,-4]],[[5828,1293],[-4,-1],[-3,18]],[[5785,1323],[-2,4],[-2,11],[-4,8]],[[5777,1346],[1,12],[-4,9]],[[5850,1543],[5,2],[-2,4]],[[7816,4555],[-1,4],[-6,-1]],[[7809,4558],[-3,-8],[2,-4]],[[7760,4599],[-5,2],[-6,0]],[[7657,4564],[-6,-7],[-5,0]],[[7652,4582],[-4,4],[-5,-7]],[[7612,4577],[-2,-3],[-4,-2],[-2,-2],[-10,-3],[0,3]],[[7589,4574],[-2,8],[0,4]],[[7587,4586],[-4,2],[-2,3],[2,9],[-3,5],[-1,6]],[[7579,4611],[-3,2],[6,11]],[[7582,4624],[-2,9],[1,3],[3,3]],[[7584,4639],[3,-2]],[[7587,4637],[2,1],[5,12]],[[7594,4650],[4,15],[-2,6],[-3,3],[0,10],[2,7],[-7,-1],[-1,6],[-3,2],[-10,-4],[-2,6]],[[7572,4700],[-4,2],[-8,-5]],[[7560,4697],[-2,-22],[-9,-4],[-2,-6]],[[7547,4665],[-4,-8],[-3,-1],[-4,3]],[[7536,4659],[-5,0],[-1,2]],[[7530,4661],[-3,1],[2,3],[-2,7]],[[7527,4672],[2,15],[-3,5]],[[7526,4692],[-3,-1],[-4,5],[4,11]],[[7523,4707],[-2,23]],[[7521,4730],[-4,8],[-3,2],[-1,5],[-3,7],[3,11],[3,3],[-1,3],[-4,3],[1,5],[6,9],[0,8],[4,3],[6,-3],[7,13],[2,-1]],[[7537,4806],[4,-7],[4,0]],[[7545,4799],[8,7],[5,-1],[-2,11],[1,2],[7,-1],[3,5],[5,-1],[14,8],[7,-1],[3,3],[10,0],[-2,4]],[[7604,4835],[-5,4],[-6,1]],[[7593,4840],[-6,9],[-5,-1],[-1,3],[-8,4],[-19,-11],[-12,5],[-1,2],[-5,1],[-2,-2],[1,-3],[-3,1],[0,5],[-3,3],[-1,12],[4,6],[-2,9],[-5,10],[-4,3],[-3,4],[-13,3],[-12,-8],[-10,6],[-4,-4],[-4,3],[-3,-4],[-5,5],[-14,3],[-3,12],[-3,0],[-5,-5],[-2,9],[-6,4]],[[7434,4924],[-2,8],[1,3],[-4,11],[-7,3],[-4,-1],[-4,-5]],[[7414,4943],[-11,3],[2,-9]],[[7405,4937],[-1,-1],[-8,8],[-7,1],[-3,6],[-6,-1],[-9,7],[-5,-1],[0,-6],[-3,-9],[-6,-1],[-1,-3],[0,-11],[-2,-4],[-4,-3],[0,-7],[3,-8],[-3,-5]],[[7350,4899],[-1,-7]],[[7349,4892],[-8,0],[-3,-4],[-5,-1],[-3,0],[-3,4],[-4,-3],[-3,5],[-3,12],[-7,6],[-5,1],[-4,14],[-9,7],[0,9],[-8,19],[3,3],[1,7],[-8,9],[-4,1],[-1,4],[1,5],[-3,3],[-3,7],[2,7],[7,0]],[[7279,5007],[5,11],[-16,15]],[[7268,5033],[5,10],[-3,6],[4,4],[-5,6],[-3,12],[-5,5],[0,4],[-4,5],[1,5],[10,3],[2,4],[-5,20],[2,19],[-7,0]],[[7260,5136],[-6,9],[1,8]],[[7255,5153],[-3,3],[1,7]],[[7253,5163],[2,2],[1,0],[2,5],[1,7],[-3,3],[3,1],[1,6],[-1,5],[4,9],[-1,1],[1,4],[-1,6],[3,-1],[5,2],[3,-4],[2,2],[2,-1],[3,11],[5,-2],[2,-4],[-1,-3],[5,0]],[[7291,5212],[1,3],[2,0],[1,1]],[[7295,5216],[-1,9],[4,5]],[[7298,5230],[-2,5],[2,0],[1,6]],[[7299,5241],[3,0]],[[7302,5241],[5,4]],[[7307,5245],[3,0]],[[7309,5254],[13,-1]],[[7326,5240],[2,-5],[1,2]],[[7329,5237],[5,-4],[2,4]],[[7368,5228],[1,0],[2,1]],[[7395,5264],[-1,8],[1,3]],[[7404,5267],[2,1],[2,8]],[[7416,5347],[-9,6],[0,9],[-2,5],[-3,3]],[[7396,5371],[-3,6],[-5,2]],[[7380,5381],[-6,-7]],[[7366,5383],[-3,4],[1,5],[2,3]],[[7437,5442],[4,3],[6,0],[13,3],[2,4],[1,32]],[[7616,5707],[3,1],[-2,15]],[[7639,5738],[5,4],[7,11],[-3,11]],[[7793,5911],[4,1]],[[7807,5911],[4,0],[5,4]],[[7816,5915],[8,3],[7,-5],[4,-6]],[[7845,5908],[2,-2],[2,-13]],[[7838,5850],[-6,-13],[1,-3],[4,-4],[1,-11]],[[7859,5779],[6,-12],[3,0],[2,4]],[[7880,5768],[9,-10],[-3,-9]],[[8025,5233],[-2,-7],[2,0]],[[8029,5208],[8,-1],[2,-6]],[[8039,5201],[-2,-2],[0,-4],[3,-5]],[[8038,5187],[-2,-4],[4,0]],[[8044,5177],[0,-7],[1,-3]],[[8050,5172],[2,-1],[4,-20]],[[8056,5151],[-2,-7],[4,-1]],[[8058,5143],[4,-6],[7,2]],[[8073,5137],[8,8],[1,4]],[[8090,5169],[0,4],[1,4]],[[8407,5174],[9,-10],[0,-11]],[[8414,5066],[1,-5],[5,-2],[3,-4]],[[8453,5031],[-1,-15],[10,-4]],[[8636,5049],[2,2],[-2,5]],[[8701,5122],[-1,5],[2,2],[3,1]],[[8709,5146],[2,2],[4,-1]],[[8715,5147],[7,3],[4,-3]],[[8724,5141],[2,-4],[-3,-3]],[[8720,5123],[-1,-4],[-4,-4]],[[8715,5115],[2,-9],[2,-4]],[[8737,5086],[10,10],[2,6]],[[8798,5150],[8,2],[5,-1],[4,8]],[[8815,5159],[3,-5],[4,-1],[1,1],[0,1],[134,-17],[2,-1],[4,-10],[0,-11],[-23,-148],[8,-3],[-1,-5],[1,-7],[-6,-2],[-5,-8],[-6,0],[-1,-5],[2,-3],[8,-7],[-2,-9],[8,4],[5,-2],[1,-1],[-3,-6],[10,-3],[12,-10],[2,-4],[14,-7],[1,-6],[5,2],[3,-3],[2,2],[4,-3],[4,2],[13,-4],[1,1],[3,-4],[1,0],[6,-6],[1,-93],[7,-11],[2,-7],[3,-2],[-2,-6],[6,-5],[2,-3],[4,-15],[-1,-3],[-10,-5],[-2,-5],[-7,-8],[-4,6],[-4,0],[-3,-2],[1,-5],[-2,-3],[-11,-1],[0,-6],[-50,4],[-50,1],[-7,0],[-13,-7],[-11,4],[-5,14],[0,4],[-4,7],[2,4],[-1,4],[-4,3],[-6,0],[-3,6],[0,8],[-12,-3],[-76,1],[-4,-13],[-4,-5],[0,-4],[-4,-6],[7,-15],[-4,-4],[-2,-6],[4,-4],[-3,-7],[4,-6],[2,2],[6,-2],[5,-12],[8,-10],[5,3],[-2,7],[1,9],[2,7],[9,-10],[11,-1],[18,7],[2,-1],[4,-6],[3,-12],[1,-8],[2,-6],[8,2],[6,-6],[3,-2],[2,-2],[4,-1],[4,-9],[3,-1],[-1,-5],[5,-6],[-3,-10],[5,-1],[2,-3],[0,-3],[6,-3],[0,-4],[12,-1],[2,-3],[5,0],[3,-1],[-2,-7],[1,-3],[1,-1],[6,6],[4,0],[3,-3],[0,-18],[2,-8],[3,-1],[7,3],[1,-2],[-2,-7],[5,-2],[3,-5],[2,-1],[6,1],[3,6],[11,1],[1,-1],[0,-5],[-9,-8],[-4,-6],[-17,-9],[-10,-8],[-3,0],[-1,-1],[1,-3],[0,-8],[-6,-9],[6,-16],[2,-1],[-2,-6],[1,-4],[-1,-4],[3,-1],[2,-7],[6,-1],[0,-3],[-2,-5],[1,-3],[17,-3],[2,-3],[4,-2],[3,-5],[5,5],[6,0],[0,-11],[-2,-8],[2,1],[5,7],[2,2],[1,-2],[-5,-11],[1,-5],[4,-3],[7,1],[3,-1],[7,1],[1,-2],[-2,-3],[4,-9],[7,-3],[4,-9],[7,1],[3,-7],[2,-1],[-3,-8],[-3,-4],[0,-5],[4,-2],[9,5],[3,-3],[0,-4],[-4,-7],[5,-6],[3,-5],[-2,-14],[1,-6],[3,-3],[4,3],[2,-2],[-1,-4],[5,-3],[1,-1],[-3,-5],[-1,-5],[7,-7],[-5,-5],[-3,-16],[-5,-1],[0,-4],[-4,-4],[-1,-4],[2,-6],[6,-4],[-5,-7],[5,-3],[12,-1],[3,-8],[-5,-13],[2,-1],[-7,1],[-6,-2],[-9,-8],[0,-2],[5,-7],[7,2],[3,-1],[-2,-7],[-3,-5],[2,-4],[6,-3],[5,3],[4,-1],[4,-4],[2,-5],[-6,-11],[-7,-3],[0,-10],[-6,-1],[-3,-9],[-6,-9],[1,-11],[-2,-4],[11,-10],[-4,-8],[3,-4],[0,-5],[-14,-11],[-6,-1],[-5,-7],[-5,-11],[2,-13],[-1,-2],[-4,-1],[-2,-4],[0,-5],[8,-10],[-1,-5],[2,-8],[7,-9],[5,-4],[-6,-5],[2,-9],[-4,0],[-5,-6],[-11,-18],[-1,-13],[-14,-3],[-24,2],[-9,6],[-11,10],[-8,6],[-3,-18],[8,-15],[0,-10],[-4,-16],[5,-8],[3,-13],[-1,-16],[-18,-8],[2,-6],[-1,-2],[-14,0],[-2,-16],[-15,3],[-1,-7],[-7,-3],[0,-12],[-5,-17],[-3,-4],[1,-4],[-1,-3],[-5,-3],[-5,3],[-7,-2],[-7,-11],[-2,-9],[-10,-6],[-9,3],[-3,-4],[-5,-9],[-5,-17],[2,-6],[-5,-7],[0,-5],[0,-6],[3,-9],[-5,-5],[-2,-14],[2,-5],[0,-4],[-8,-7],[-2,1],[2,-13],[12,-12],[0,-6],[3,-7],[-2,-3],[0,-6],[7,-7],[-1,-7],[3,-9],[-1,-4],[-6,-8],[-3,-10],[-10,-3],[0,-2],[5,-3],[4,-8],[-2,-4],[-1,-5],[-4,-2],[0,-22],[-2,-27],[-8,-2],[-10,-12],[-6,4],[-6,-1],[-7,-4],[-4,-17],[-11,-21],[-4,0],[-2,4],[-3,2],[-9,-6],[-2,-3],[-5,-3],[-3,2],[-5,-1],[-15,5]],[[8711,3435],[2,2],[4,10],[-1,5]],[[8716,3452],[-7,14],[1,8]],[[8710,3474],[8,3]],[[8718,3477],[8,-1],[3,3]],[[8729,3479],[3,0],[1,6],[-1,9],[-4,7]],[[8728,3501],[-9,-6]],[[8719,3495],[-1,1],[0,7],[2,3],[-1,5],[1,3],[-1,5],[1,3],[-7,3],[-12,9],[-6,3],[-1,7],[-13,9],[-2,0],[-2,1],[-1,11],[7,9],[0,10],[3,10],[-1,1],[-3,-3],[-2,0],[-10,8],[-5,12],[-2,12],[1,3],[-2,4],[-8,7],[-11,-2],[-5,-6],[-3,0],[0,4],[3,4],[-6,3],[-2,7],[-4,4],[-1,12],[4,1],[2,2],[5,15],[-1,6],[2,5],[-2,8],[-4,3],[0,3],[3,11],[-1,9],[5,11],[-1,3],[-3,0],[-3,6],[-1,6],[3,6],[17,2],[4,6],[0,3],[-5,10],[4,5],[0,1],[-15,10],[1,7],[-7,9],[1,4],[4,3],[-3,6],[3,12],[-12,1],[-1,10],[-4,3],[-7,11],[-3,11],[-6,0],[-3,5],[-5,2],[-3,9],[-2,3],[-7,0],[-6,-5],[-2,9],[2,5],[-3,3],[-8,0],[-3,-5],[-3,1],[0,4],[4,4],[2,7],[-3,5],[0,5],[-4,5],[-4,1],[-9,-15],[-7,3]],[[8540,3919],[-2,-4],[-5,-3]],[[8533,3912],[-5,-7],[-3,1],[0,4]],[[8525,3910],[4,2],[4,9],[-4,7],[-7,4],[4,5],[0,3],[-4,6],[-7,1],[-11,10],[-3,0],[-3,-5],[-1,0],[-4,6],[-1,7],[-5,-1],[0,8],[-9,4],[1,6],[-4,4],[5,4]],[[8480,3990],[-1,5],[-12,-4]],[[8467,3991],[-4,3],[-2,1],[-6,-16],[-5,-1],[-1,2],[3,4],[2,13]],[[8454,3997],[-1,6],[2,9],[-1,3],[-8,-6],[-7,-3]],[[8439,4006],[-6,2],[-4,5],[-9,4],[2,4],[0,9],[-3,7],[-11,-3],[-5,-9],[-1,-4],[1,-3],[-4,-5],[-5,-13],[-7,-5]],[[8387,3995],[-7,-8]],[[8380,3987],[-3,-8],[2,-4]],[[8354,3944],[-1,-3],[-18,-2]],[[8312,3932],[-10,-3],[-9,7],[-3,4]],[[7883,4343],[17,5],[11,7],[11,15],[12,21]],[[7949,4409],[-3,10],[1,4],[11,11]],[[7958,4434],[8,15],[0,6]],[[7881,4518],[-5,6],[-4,0]],[[7864,4521],[-4,6],[-3,0],[0,2],[3,3]],[[7839,4540],[-3,5],[-2,4]],[[5982,2795],[-7,1],[-10,8],[-7,1]],[[5958,2805],[-1,1],[-3,6],[2,7]],[[5956,2819],[0,3],[1,4],[5,-2],[0,4],[-5,4],[-1,5],[-5,3],[0,5],[-2,0],[-1,4],[-5,4],[0,6],[-2,14],[-1,1],[-9,-1],[-11,16],[-6,1],[0,7],[5,5],[-1,7],[6,5],[1,5],[3,5],[-3,6],[-3,0],[-3,-4],[-3,1],[-2,5],[0,9],[-6,8],[-2,-2],[-5,2],[-1,8],[6,3]],[[5906,2960],[-4,17],[4,3]],[[5906,2980],[-1,8],[-4,3],[-3,0],[-1,2]],[[5897,2993],[3,11],[-3,4],[3,7],[7,6]],[[5907,3021],[1,15],[6,-1],[2,3],[-1,8],[7,21],[-1,5],[2,-2],[12,3],[3,-3],[9,-3],[6,3],[2,3],[9,3],[1,3],[9,-2],[5,8],[1,2],[-7,3],[-3,12],[7,9],[-2,7],[5,12],[3,12],[-3,4],[-7,5],[-2,10],[7,9],[5,5],[0,5],[5,3],[2,5],[-1,8],[6,7],[1,5],[-1,18],[-29,-7],[-13,1],[-5,-3],[-15,-2],[-6,-4],[-3,0],[-11,-9],[-14,-9],[-5,7],[-1,5],[-8,16],[0,11],[-5,7],[-8,3],[-2,6],[-1,3],[3,4],[-2,8],[1,8],[-4,3],[-4,-5],[0,5],[-2,3],[-9,-2],[0,3],[-3,2],[0,3],[-4,3],[0,5],[6,9],[-5,8]],[[5846,3308],[-2,8],[1,5],[-2,3]],[[5843,3324],[10,8],[-3,5],[1,12],[-9,7]],[[5842,3356],[-6,9],[0,6],[2,4]],[[5838,3375],[-2,9],[-5,2]],[[5831,3386],[-4,7],[-4,-1],[-5,6],[-6,3],[8,15],[6,2],[0,10],[5,14],[-2,8],[-1,10],[-2,4],[-3,0],[-1,6],[-2,0],[-5,6],[-2,6],[13,0],[3,-2],[4,1],[2,5],[-1,5],[0,10],[-3,4],[4,2],[1,17],[5,3],[2,9],[7,3],[2,3],[4,0],[6,4],[1,5],[3,1],[-1,20],[-1,3],[2,9],[3,1],[6,-4],[6,-1],[4,18],[4,3],[2,0],[4,5],[2,0],[-1,6],[5,2],[-1,8],[4,8],[-5,3],[2,8],[-1,6]],[[5900,3647],[8,7],[1,5],[-1,4],[-4,4]],[[5904,3667],[-1,3],[-5,-2],[-5,1],[-3,2],[-4,7],[-7,2],[-2,10],[-4,4],[3,3],[-1,3],[-3,0],[-15,-7],[-5,4],[-1,6],[6,2],[1,2],[-3,9],[-5,3],[0,9],[6,2],[5,5],[5,1],[4,10],[-1,1],[-5,0],[-4,6],[-4,3],[-5,-1],[-6,-8],[-2,1],[-2,3],[3,10],[-2,5],[5,0],[5,11],[-7,8],[-3,0],[-3,-3],[-1,1],[4,12]],[[5842,3795],[10,-1],[8,7],[-2,5],[-6,3]],[[5852,3809],[-2,-5],[-8,4],[-10,11],[-3,-1],[2,-6],[-5,-2],[1,-6]],[[5827,3804],[-3,-1],[-6,3]],[[5818,3806],[-3,9],[-6,-1],[-4,2],[-6,-2],[-10,7],[1,2],[11,4]],[[5801,3827],[8,13],[-5,4]],[[5804,3844],[1,4],[-5,5],[-5,-1],[-5,4],[-1,10],[-14,7]],[[5775,3873],[14,11]],[[5789,3884],[-1,4],[2,4],[8,4]],[[5798,3896],[-2,7],[-8,4]],[[5788,3907],[-5,-1],[-4,2],[-8,-1]],[[5771,3907],[-5,1],[-2,-1],[-1,-5]],[[5763,3902],[-2,-2],[-7,7]],[[5754,3907],[-3,0],[-23,-21]],[[5728,3886],[-4,-7],[-5,1],[-5,-7],[-8,3],[-4,4],[-7,-5]],[[5695,3875],[-9,2],[-2,-10]],[[5684,3867],[-9,3],[-2,-5]],[[5673,3865],[-3,1],[-5,-5]],[[5665,3861],[-6,2],[-8,-6],[6,-27]],[[5657,3830],[5,-8]],[[5662,3822],[-6,-7],[-8,-7]],[[5648,3808],[-12,9],[-6,1],[-4,-3],[-4,1],[3,23],[-2,2],[0,6],[2,4],[-1,2],[2,3],[-1,6],[1,0],[-9,9],[0,3],[-3,0],[0,4],[-6,3],[-2,8],[-3,3],[-4,1],[-2,4],[-9,0],[-1,-4],[-2,1],[-4,-4],[-4,1],[0,3],[-5,4],[1,4],[-2,5],[-6,9],[1,7],[-1,3],[0,3],[-1,2],[1,4],[-3,3],[-3,-3],[-2,0],[-1,5],[-4,2],[0,5],[-2,3],[-3,1],[-2,-4],[-4,3],[-4,-3],[-1,2],[-3,-1],[-2,6],[-11,11],[-5,-1],[-7,2],[-1,-2],[-6,4],[-6,-2],[0,-2],[-11,-10],[-2,2],[3,3],[-9,12],[0,3],[5,2],[-3,14],[-2,0],[-5,-2],[-2,8],[-2,-3],[-7,1],[-1,-5],[-11,3],[-4,3],[-7,-8],[-2,2],[-5,-2],[-2,4],[-7,-1],[-7,14],[-1,0],[-1,-3],[-2,2],[-1,2],[2,4],[-1,3],[-4,1],[-3,5],[-12,4],[-8,17],[-14,4],[-6,10],[-7,7],[-3,5],[-1,13],[-3,8],[2,21],[-3,8],[3,15],[-5,23],[1,2],[6,1],[0,6],[12,3],[3,6],[-3,3],[-7,3],[-6,-4],[-8,0],[-5,-5],[-4,0],[-3,3],[1,6],[4,5],[0,5],[-2,3],[-8,-4],[-2,-6],[-4,-3],[-14,4],[-6,6],[-9,1],[-4,3],[-1,3],[0,2],[10,13],[1,3],[-13,18],[-2,12],[-3,6],[2,9],[-5,11],[-1,2],[2,2],[-1,3],[-2,3],[-13,8],[-3,-3],[-2,-24],[-9,-5],[-6,-1],[-2,-3],[4,-9],[4,-2],[1,-3],[-6,1],[-10,4],[-8,9],[-2,7],[-11,3],[-2,-3],[-1,-7],[-7,-7],[-4,-9],[2,-12],[-4,-6],[0,-4],[-4,-8],[-16,-8],[-8,10],[-4,0],[-3,-2],[-5,-14],[-13,0],[-6,-1],[-3,-5],[-2,-9],[-5,-8],[1,-8],[-3,-5],[-9,-4],[-3,0],[-7,5],[-2,-4],[-1,-5],[3,-3],[11,-5],[0,-9],[-4,-1],[-3,8],[-3,1],[-4,-5],[-3,-15],[-6,-4],[2,-3],[-1,-2],[-6,1],[-1,-2],[-5,-2],[0,-4],[-7,-2],[-1,3],[0,3],[2,0],[-2,6],[-5,-1],[2,3],[-4,-1],[-1,-2],[-2,2],[3,6],[-5,-1],[-3,4],[-1,-5],[-3,3],[-3,0],[-2,2],[1,-5],[-2,0],[-3,-10],[-2,0],[-2,8],[1,6],[-4,5],[-2,0],[-1,5],[-5,-1],[-3,4],[-1,-1],[-3,2],[-8,-3],[-2,4],[-3,-2],[0,1],[-4,1],[-2,3],[-7,-4],[-1,4],[1,1],[-3,4],[1,5],[-2,1],[-1,-2],[-6,1],[-2,-5],[-2,3],[-5,2],[2,-6],[0,-3],[1,0],[-1,-3],[-7,-6],[-1,-3],[-3,-1],[-3,-5],[-3,2],[-1,-3],[1,0],[0,-5],[-2,-4],[-1,-1],[-2,3],[0,-4],[-3,-1],[0,-1],[-2,0],[1,-3],[-2,0],[-1,-3],[-2,2],[-1,-2],[0,4],[-8,2],[-1,-2],[-5,-2],[-1,-3],[-3,4],[-1,-2],[-4,3],[-5,-6],[-5,5],[-3,-5],[-10,-2],[-4,2],[-6,8],[-7,3],[-2,-1],[-2,2],[-7,-4],[-6,6],[-2,0],[-2,-4],[-5,1],[-4,-6],[-5,2],[-5,-2],[-5,4],[-3,6],[-6,2],[-4,12],[-6,5],[0,5],[-5,5],[-1,10],[-4,4],[-10,3],[-11,6],[-4,-1],[-14,-13],[-6,1],[-5,-2],[-1,7],[-1,1],[-10,0],[-4,3],[-2,6],[1,11],[-4,8],[-3,4],[-4,1],[-3,10],[-4,2],[-2,3],[-5,-4],[-4,5],[-3,0],[-4,5],[0,-4],[-5,-4],[1,-4],[-5,-10],[1,-6],[-2,-3],[1,-2],[-3,-5],[0,-6],[-7,-5],[-2,0],[-3,-5],[-1,-5],[-6,-4],[-6,-30],[-14,-4],[-4,-3],[-4,14]],[[4650,4127],[-8,11],[3,5],[-3,1],[7,2]],[[4649,4146],[0,2],[-4,2],[8,4],[0,2],[-8,1],[6,4],[-4,2],[3,6],[-3,3],[5,2],[1,1],[-4,7],[7,-1],[-1,2],[-3,2],[9,4],[-3,10],[2,0],[3,5],[7,1],[-4,8],[1,2],[8,-1],[1,2],[-7,3],[8,3],[-6,4],[5,5],[0,5],[3,0],[3,8],[-5,5],[0,2],[3,2],[-2,2],[0,4],[-3,6],[9,2],[-9,6],[8,8],[-2,5],[8,6],[-2,3],[-5,4],[4,3],[7,-5],[-3,5],[1,8],[3,5],[6,1],[0,5],[-3,5],[1,4],[4,2],[1,2],[2,2],[1,4],[2,-3],[2,1],[0,9],[-5,-1],[-2,3],[3,2],[6,1],[-1,6],[5,7],[-3,2],[1,4],[-2,2],[0,3],[2,2],[5,-3],[4,3],[3,3],[-4,6],[7,0],[-2,3],[0,7],[4,0],[-5,4],[1,2],[4,3],[-4,1],[0,2],[6,4],[3,-3],[-2,6],[-4,1],[1,3],[3,2],[-2,5],[6,0],[-2,7],[8,6],[-5,6],[2,2],[-1,3],[0,4],[4,4],[-3,4],[5,1],[7,6],[0,2],[-3,2],[2,3],[11,1],[4,2],[-1,3],[-3,2],[2,4],[0,12],[3,3],[-3,2],[-2,4],[0,2],[5,3],[-4,4],[1,2],[6,-4],[5,0],[1,3],[-6,3],[7,9],[0,2],[-6,4],[-2,4],[1,5],[-2,1],[-4,-2],[-2,4],[2,2],[10,1],[-2,2],[-7,1],[4,5],[0,4],[4,2],[-2,4],[2,1],[10,-1],[0,2],[-4,1],[-1,2],[5,5],[-6,2],[0,2],[3,3],[10,0],[-6,5],[-1,3],[3,3],[-4,2]],[[4783,4601],[9,4],[-1,2],[-6,2]],[[4785,4609],[3,8]],[[4788,4617],[6,1],[-2,4],[1,2],[9,0],[-5,5],[1,4],[4,-2],[4,2],[4,-3],[1,2]],[[4811,4632],[-5,7]],[[4806,4639],[-5,1],[0,4],[2,2],[-3,2],[7,4],[-5,3],[0,2],[3,2],[8,-1],[1,3],[-1,3],[-5,-3],[-6,3],[7,15],[-1,8],[-2,2],[-3,-1],[0,1],[7,5],[8,-6],[6,-1],[-1,3],[-7,8],[2,3],[7,1],[2,1],[-2,5],[2,6],[-6,1],[-1,2],[3,3],[14,1],[0,2],[-11,7],[3,4],[0,5],[2,2],[-4,6],[1,9],[5,-3],[5,2],[-2,7],[-7,2],[0,6],[-2,2],[1,2],[-1,-1],[-3,2],[0,-3],[-3,-1],[-9,1],[-1,-4],[-3,2],[-3,0],[-2,-2],[1,-2],[-5,1],[0,2],[-2,-2],[-2,2],[-2,-1],[-8,7],[-4,9],[-6,5],[8,23],[-2,9],[2,5],[2,16],[-1,7],[21,9],[4,10],[3,5],[-1,10],[9,6],[5,9],[7,1],[0,12],[3,5],[-1,2],[1,7],[2,4],[-2,8],[9,14],[-2,4],[-5,3],[-4,7],[4,3],[0,5],[4,8],[4,5],[1,10],[7,10],[-1,3],[-3,4],[-2,16],[1,3],[3,3],[-3,6],[2,3],[-3,2],[-1,3],[1,5],[-2,2],[1,2],[-3,0],[5,2],[0,3],[-10,6],[-2,4],[-5,-1],[4,4],[5,0],[-1,2],[-4,1],[2,7],[-4,0],[2,7],[-4,0],[0,2],[1,4],[5,2],[-8,-2],[-3,0],[0,2],[1,11],[4,-2],[-1,6],[1,2],[-2,1],[5,4],[-2,4],[-4,2],[-3,-2],[3,7],[4,0],[0,4],[-2,2],[-5,0],[-1,2],[4,0],[3,10],[5,-7],[-6,10],[2,1],[2,-3],[6,1],[-3,7],[5,-1],[4,3],[-6,1],[0,3],[2,2],[-1,2],[-5,-3],[3,9],[-1,4],[1,1],[2,-2],[1,0],[0,4],[6,0],[3,4],[4,2],[0,7],[3,1],[-2,3],[-4,0],[0,4],[10,0],[1,4],[-4,1],[-1,2],[3,3],[4,-2],[1,7],[3,-6],[4,0],[0,5],[2,1],[-3,5],[1,2],[5,-2],[2,4],[-1,8],[5,1],[6,-2],[0,7],[-2,3],[1,2],[3,1],[-2,3],[1,4],[11,5],[2,6],[3,3],[5,-3],[4,4],[10,4],[-1,4],[6,0],[0,6],[2,5],[4,-3],[6,2],[1,5],[-2,3],[2,1],[5,3],[9,-1],[4,5],[4,-7],[6,1],[7,-3],[8,1],[4,-2],[7,0],[3,-3],[3,3],[9,6],[6,-5]],[[5019,5296],[19,3],[2,2]],[[5040,5301],[0,7],[7,6],[3,9],[8,5],[11,4],[6,8],[4,15],[16,12],[2,7],[6,15],[6,4],[2,6],[2,1],[3,-1],[3,13],[5,0],[6,5],[10,2],[4,4],[9,-8],[11,-5]],[[5164,5410],[6,8],[0,9]],[[5170,5427],[4,9],[3,12],[4,4],[8,7],[1,5],[8,17],[2,11],[-1,10],[-3,8],[-11,-3],[-4,3],[-2,9]],[[5179,5519],[5,11],[6,9]],[[5190,5539],[6,1]],[[5196,5540],[22,-11],[9,-13],[4,1],[4,6]],[[5235,5523],[-1,8],[5,8]],[[5239,5539],[2,9]],[[5241,5548],[-1,10],[-7,14],[-7,8]],[[5226,5580],[-10,18],[0,5],[1,5],[4,3],[14,8]],[[5235,5619],[7,11],[-2,24],[-4,6],[-8,4]],[[5228,5664],[0,8],[-2,7]],[[5226,5679],[4,19],[3,6],[10,9],[11,5]],[[5254,5718],[10,0],[15,13]],[[5824,5650],[-1,-16],[-3,-9],[-5,-17]],[[5815,5608],[2,-6],[9,-8]],[[5899,5583],[16,-5],[3,6]],[[5918,5584],[-2,12],[2,23]],[[5918,5619],[17,23],[0,23],[11,25]],[[5951,5724],[-1,12],[3,8]],[[5953,5744],[6,7],[9,3]],[[5968,5754],[13,10],[9,-1]],[[6027,5794],[-3,16],[3,11],[-4,14]],[[6023,5835],[0,12],[3,9]],[[6026,5856],[-2,9],[15,9],[-9,8]],[[6030,5882],[6,3]],[[6469,5797],[2,-4],[17,-6],[2,-4]],[[6508,5751],[-4,0],[-1,-6]],[[6501,5736],[-2,-5],[-9,-12]],[[6240,5434],[-3,4],[-3,1],[-10,-11],[-4,-14]],[[6242,5366],[4,-3],[2,-10]],[[6248,5353],[-1,-5],[2,-4],[5,-3]],[[6283,5335],[8,0],[5,-3],[0,-10],[-2,-8]],[[6317,5281],[1,-10],[-2,-2],[-11,-2],[-7,2]],[[6298,5269],[-9,7],[-4,0],[-4,-4]],[[6459,5209],[3,-13],[-6,-8]],[[6230,4958],[3,-2],[4,0]],[[6724,4322],[4,8],[2,1],[3,-4]],[[6733,4327],[1,-5],[4,-3],[7,-16],[8,2]],[[6753,4305],[3,5],[10,1]],[[7093,4221],[8,2],[1,5]],[[7061,5231],[5,7],[-2,9]],[[7058,5249],[1,6],[-2,1],[-5,1]],[[6978,5301],[-3,-11],[-7,-4]],[[6968,5286],[-3,3],[-5,14]],[[6960,5303],[-3,4],[-2,5]],[[6955,5312],[4,16],[0,4],[-3,5],[-4,3]],[[6952,5340],[-7,13],[2,9]],[[6977,5348],[2,2],[0,4]],[[6982,5354],[2,4],[0,4]],[[6990,5378],[2,3],[1,6],[-3,3]],[[7299,5530],[2,3],[8,-10]],[[7253,5455],[-5,-12],[-1,-17]],[[7247,5426],[-8,-17],[2,-7]],[[7241,5402],[-2,-4],[0,-4],[3,-3]],[[7266,5337],[3,-6],[3,-2]],[[7292,5347],[6,0],[3,-4]],[[7300,5339],[5,-2],[5,-11]],[[7310,5305],[-5,-7],[-1,-7],[8,-30],[-5,-7]],[[7307,5254],[0,-8],[-5,-5]],[[7299,5241],[0,-5],[-3,-2],[2,-4]],[[7295,5216],[-4,-4]],[[7253,5163],[-1,-4],[0,-4],[3,-2]],[[7255,5153],[-2,-8],[7,-9]],[[7268,5033],[16,-14],[-5,-12]],[[7349,4892],[1,2],[0,5]],[[7405,4937],[-1,9],[10,-3]],[[7414,4943],[5,5],[9,-1],[4,-8],[2,-15]],[[7593,4840],[7,-2],[4,-3]],[[7545,4799],[-3,-1],[-2,2],[-3,6]],[[7521,4730],[-1,-5],[3,-18]],[[7526,4692],[4,-6],[-3,-14]],[[7530,4661],[2,-3],[4,1]],[[7536,4659],[2,-3],[4,1],[5,8]],[[7560,4697],[9,5],[3,-2]],[[7594,4650],[-4,-11],[-3,-2]],[[7584,4639],[-4,-5],[2,-10]],[[7582,4624],[-6,-10],[3,-3]],[[7587,4586],[-4,-14]],[[7583,4572],[1,-3],[0,-9],[-3,-3],[-3,1],[-8,-1]],[[7570,4557],[-2,3],[-6,0]],[[7535,4531],[-2,-6],[-17,9]],[[7432,4602],[-8,-3],[-4,2],[-4,5]],[[7416,4606],[2,8],[-3,2]],[[7415,4616],[-1,6],[-3,2],[-4,5],[-3,-1]],[[7388,4623],[-5,11],[-6,-5]],[[7415,4346],[1,-4],[-2,-4],[-6,1]],[[7403,4343],[-4,-1],[-1,-4],[0,-11]],[[7398,4327],[-5,-5],[-4,6],[-6,1]],[[7427,4150],[6,-4],[1,-2],[0,-12]],[[7395,4061],[-7,-10],[-4,-1],[-5,-4],[-9,-3]],[[7370,4043],[-8,1],[-6,-2]],[[7326,4035],[-23,-11],[-3,-8]],[[7149,4027],[-8,-2],[-2,-2],[2,-6]],[[7148,3879],[1,-13],[4,-2]],[[7162,3868],[7,3],[6,-5]],[[7187,3837],[-2,-11],[3,-4]],[[7187,3798],[1,-8],[-3,-8]],[[7253,3711],[1,0],[4,-3]],[[7264,3689],[3,-7],[-2,-19]],[[7268,3660],[1,-6],[3,-3]],[[7391,3596],[0,-5],[-2,-2],[-8,-1]],[[7331,3522],[-9,1],[-11,-2]],[[7311,3521],[-1,-4],[3,-5],[3,-2],[6,-1]],[[7322,3509],[-9,-10],[-3,-8],[3,-5],[5,0]],[[7341,3473],[6,-8],[4,2],[0,6],[5,1]],[[7374,3501],[9,9],[3,0],[3,-3],[3,-10],[15,-8]],[[7407,3489],[4,-15],[-2,-4],[-1,-4],[1,-5],[-3,1],[-6,-13],[1,-17]],[[7401,3432],[-1,-5],[-10,-13],[-1,-3]],[[7389,3411],[4,-7],[1,-6],[3,-2],[4,-1],[9,3],[5,-5]],[[7415,3393],[6,1],[3,-2],[2,-10]],[[7426,3382],[2,-3],[0,-4],[4,-10],[1,-11],[-5,8],[-3,0],[-5,-9]],[[7420,3353],[-2,-16],[-1,-1],[-3,1]],[[7414,3337],[-3,4],[-7,-2],[-4,1],[0,2],[-1,0],[-1,7]],[[7398,3349],[2,1],[0,2],[-2,2],[-3,-2]],[[7395,3352],[-2,-5],[-3,-2],[-3,-9],[-2,-1],[-5,-5],[-4,1],[-7,10],[-5,-2],[-4,3],[-11,3],[-5,-3]],[[7344,3342],[-6,5],[-3,0],[-3,-2],[1,-4]],[[7333,3341],[-2,-3]],[[7331,3338],[-5,2],[-6,0],[-3,-3]],[[7317,3337],[-2,-7],[-7,-3],[-5,-6],[-3,3],[-9,2],[-3,-11],[-5,-1],[-2,-3],[-4,-1],[-3,5],[-4,4],[-14,2],[-4,11],[-6,5],[-1,5],[-5,0],[-2,3],[0,4],[-4,7],[-6,-1],[-9,-6],[-4,-6],[-6,1],[-3,4],[-4,-1],[-3,6],[-6,2]],[[7193,3355],[-1,3],[-4,-1]],[[7188,3357],[-5,0],[-7,-7]],[[7176,3350],[-5,-1]],[[7171,3349],[-14,-11],[-1,-13]],[[7156,3325],[-3,-5],[-4,-1],[-4,4],[-11,3],[-3,-6],[-5,-3],[-8,2],[-5,4],[-3,-9],[-6,0],[-1,-6],[-5,2],[-3,3],[-8,-2],[-4,-5],[-4,0],[-4,-5],[-2,-6],[-11,5],[-4,-1],[-5,4],[-12,1],[-1,5],[-7,2],[-3,4]],[[7030,3315],[-2,1],[-2,-1],[-2,-4],[-6,-7]],[[7018,3304],[-4,2],[-6,1],[-8,3],[-10,1],[-6,-2],[-5,2],[-7,-11],[-2,0],[-1,2],[-1,0],[-7,-3],[-6,-10],[-8,7],[-5,0],[-4,4],[-5,2],[-2,-3]],[[6931,3299],[0,-6],[-5,1]],[[6926,3294],[-2,-2],[-3,2]],[[6921,3294],[0,-5],[-2,-2],[-6,-3],[-3,-4],[-2,-6]],[[6908,3274],[4,-21],[-16,-13],[-7,-3],[1,-4],[-3,-8],[-2,-14],[-4,-13],[2,-5],[-2,-4],[-6,-7],[-1,-5],[1,-10],[-4,-2],[0,-20],[2,-3],[0,-5],[-6,-2],[1,-7]],[[6868,3128],[7,1]],[[6875,3129],[3,-1],[4,3],[4,0],[6,-11],[4,-1],[5,7],[3,-5],[6,-2],[6,2],[8,-8],[5,3],[-1,9],[7,2],[1,8],[1,2],[15,3],[3,-4],[3,0],[1,6],[5,4],[1,-3],[6,-3],[5,1],[10,-9],[2,-11],[7,-3],[1,3],[-3,6],[4,7],[7,10],[3,0],[2,4],[2,5],[7,10],[6,2],[1,-6],[3,-2],[1,1],[4,-1],[12,2],[0,-3],[-2,-5],[5,-5],[-2,-7],[3,-9],[-2,-4],[7,-7],[-2,-6],[2,0],[2,-7],[0,-7],[4,-5],[-4,-5],[-1,-15],[-6,-4],[-4,-8],[0,-6],[5,-5],[-1,-5],[-2,0],[0,3],[-6,-2],[-3,7],[-2,0],[-4,-3],[1,-4]],[[7033,3047],[-1,-4],[-2,-2]],[[7030,3041],[-3,-1],[2,-2]],[[7029,3038],[-2,-7],[2,0],[2,-5],[3,-4],[0,-4],[3,-2],[-2,-6],[1,-3],[-5,-6],[10,1],[2,3],[4,1],[12,-5],[0,-6],[2,-3],[4,-13],[3,-2]],[[7068,2977],[3,-5],[-9,-5],[-13,-1]],[[7049,2966],[0,-4],[3,-3],[-5,-4],[1,-4],[-1,-3],[-3,-2],[0,-8],[3,-5],[4,1],[3,-4],[-5,-5],[-1,-6],[-6,-3]],[[7042,2916],[0,-3],[-3,-5],[1,-6],[7,-2]],[[7047,2900],[2,-3],[4,0],[3,-4],[6,-2],[2,-8],[3,-3],[0,-6]],[[7067,2874],[14,-6]],[[7081,2868],[-1,-2],[2,-3],[-1,-1],[-3,-9],[1,-7],[-7,-4]],[[7072,2842],[2,-10],[0,-5],[-3,-5],[-5,-1]],[[7066,2821],[1,7],[-5,-1],[-3,7],[-5,-2],[-3,2],[0,6],[-7,3],[-6,10],[-3,0],[-1,3],[3,9],[-4,6],[-5,3],[-4,-2],[-7,-1],[-2,-4],[2,-8],[-3,1],[-3,-2],[-1,2],[-3,-4],[-5,0],[0,-7],[-2,-3],[1,-8],[-2,-1],[-8,6],[2,1]],[[6993,2844],[1,6],[-8,-6]],[[6986,2844],[0,5]],[[6986,2849],[-3,3],[-2,-3],[-3,1],[-1,-3],[-3,-2],[1,6],[-6,0],[-5,-1],[0,-4],[-6,-4],[-8,2],[-4,-2]],[[6946,2842],[-2,-6],[6,-2]],[[6950,2834],[1,-6],[-4,-1],[2,-4],[-3,-15],[-6,-11],[0,-2],[-1,-5],[-5,-1]],[[6934,2789],[-6,3],[-6,-1]],[[6602,2862],[-3,2],[-14,1]],[[6330,2802],[-6,-9],[-1,-9]],[[6095,2768],[-2,-4],[-2,-10]],[[6041,2738],[-15,-10],[-1,-2],[2,-8]],[[6020,2706],[-2,-2],[-4,-15]],[[6014,2689],[-13,19]],[[6001,2708],[-1,8],[3,5],[-4,4],[-2,9],[-4,3],[-4,0],[-2,3],[2,11],[6,1],[3,5],[-1,6],[8,12]],[[6005,2775],[-1,6],[1,2]],[[6005,2783],[-3,-1],[-5,2]],[[5997,2784],[-3,-3],[-8,0]],[[5986,2781],[1,5],[-5,1]],[[5982,2787],[3,1],[0,3],[-3,4]],[[4119,4142],[-3,9],[-3,4]],[[4113,4155],[-7,0],[-16,-5]],[[4031,4126],[-7,6],[-3,-1]],[[4002,4142],[-2,1],[-7,1],[-2,-2]],[[3678,4179],[-1,1],[-2,8]],[[3657,4186],[2,7],[1,10],[-3,3],[-3,-2],[0,4]],[[3809,4373],[1,4],[-4,6],[0,3]],[[3818,4553],[-1,8],[2,10],[7,9]],[[3760,4739],[-5,3],[1,2],[14,7],[-3,6]],[[3776,4778],[4,6],[-1,7],[-1,3]],[[3777,4803],[1,9],[-4,12]],[[3774,4824],[-2,-1],[-4,6]],[[3768,4829],[-18,-13],[-9,1],[-3,4],[-1,4]],[[3452,5664],[8,1],[2,10]],[[3474,5731],[4,9],[0,4],[-2,3],[-4,5]],[[3472,5752],[-4,1],[-6,-6],[-8,-12],[-6,-20],[-8,-7]],[[3362,5636],[1,-17],[-3,-5],[-1,4],[-4,3],[-1,9],[-6,1],[-1,2],[4,0],[-2,2],[2,1],[0,3],[-2,1],[3,5],[-1,0],[1,2],[-2,1],[2,2],[-3,2],[1,2],[-2,-1],[-1,2],[-3,2],[-1,-1],[-2,2],[0,-3],[-4,2],[-1,6],[-1,0],[1,2],[-2,-1],[-2,3],[1,1],[2,-2],[1,3],[-2,2],[-4,-2],[1,4],[-1,1],[1,1],[-2,0],[2,3],[-2,0],[1,4],[-3,-1],[0,3],[2,1],[-1,1],[0,2],[5,0],[0,3],[3,1],[0,6],[1,2],[-3,2],[2,6],[-5,3],[1,2],[-5,-2],[0,5],[-1,-1],[-1,3],[-4,-1],[0,4],[-3,0],[0,3],[-2,1],[1,4],[1,1],[-2,2],[1,3],[-1,1],[-1,4],[-1,-4],[-1,3],[-1,-2],[-1,0],[1,2],[-1,1],[1,5],[-2,1],[3,0],[0,4],[-2,2],[-2,-2],[0,2],[-1,1],[1,4],[0,-2],[2,1],[0,2],[-2,2],[3,1],[-1,2],[3,2],[-6,5],[2,3],[-1,0],[2,2],[-2,0],[0,4],[1,1],[-1,1],[-3,3],[-1,-2],[-2,3],[-2,-3],[-3,3],[-1,-1],[0,6],[1,0],[-1,2],[-1,-1],[0,6],[-1,0],[1,2],[-1,4],[4,3],[-1,0],[0,5],[2,0],[-1,2],[2,1],[-2,1],[0,4],[-2,1],[0,-2],[-1,1],[1,7],[1,0],[-2,3],[1,3],[-4,1],[1,4],[-4,6],[0,5],[-2,0],[0,2],[2,0],[-1,5],[-6,5],[1,4],[2,-1],[2,1],[-1,1],[4,2],[1,10],[3,-1],[-1,2],[1,0],[2,-2],[0,2],[5,1],[0,6],[-3,0],[0,3],[-3,0],[2,3],[3,-1],[1,8],[2,-2],[2,3],[-2,2],[-2,-1],[0,2],[-3,0],[0,9],[5,0],[-2,4],[3,-1],[0,3],[3,3],[3,0],[1,3],[-3,1],[5,5],[1,3],[0,-2],[0,2],[3,-1],[1,3],[-3,4],[-1,5],[2,2],[-1,2],[-4,0],[1,5],[-3,-2],[1,3],[-1,6],[2,5],[3,0],[-1,3],[2,-2],[1,2],[1,0],[1,4],[1,-1],[0,2],[3,2],[2,-1],[0,3],[2,-2],[0,4],[5,3],[0,3],[2,2],[2,11],[1,1],[-1,1],[1,2],[-2,0],[0,10],[10,11],[0,-3],[1,2],[2,-1],[-2,2],[3,3],[0,4],[1,-1],[1,2],[2,-2],[2,2],[1,0],[1,-2],[0,1],[3,-1],[1,3],[2,0],[0,2],[2,-1],[0,3],[2,-2],[2,5],[2,0],[0,1],[3,0],[-1,10],[-2,4],[-2,0],[1,1],[-2,4],[-3,-1],[0,3],[2,2],[-2,1],[0,7],[1,5],[4,6],[3,1],[0,2],[2,-1],[4,20],[-1,5],[1,4],[-6,13],[-4,2],[-3,16],[-3,6],[-4,5],[-2,5],[-15,14],[-5,10],[-3,11],[-9,19],[-8,2],[-10,-5],[-4,0],[-5,3],[-17,0],[-8,9],[-2,4],[-3,-2],[-3,2],[-7,0],[-13,-10],[-15,-3],[-1,-3],[-3,0],[-10,-7],[-2,1],[-1,-5],[-4,-7],[-5,6],[-6,3],[-2,9],[-5,6],[-2,9],[-5,2],[-2,-6],[-5,-3],[-13,13],[-3,10],[0,3],[5,7],[0,7],[-2,6],[-6,2],[-2,8],[1,7],[-1,4],[-7,3],[-5,-3],[-12,8],[1,4],[-1,5],[4,-1],[1,5],[5,0],[2,4],[-1,12],[6,3],[-2,4],[-2,-4],[-2,1],[-2,13],[-6,3],[0,3],[2,1],[2,-3],[4,0],[3,-5],[1,5],[-9,11],[1,7],[-4,1],[-2,6],[9,-1],[1,2],[-4,9],[1,1],[3,1],[0,-5],[3,-1],[5,3],[-1,5],[4,-1],[2,3],[-3,9],[3,11],[-6,0],[-1,3],[4,9],[8,4],[4,4],[-1,3],[-3,-2],[-4,4],[0,7],[1,3],[1,1],[2,-1],[-2,-4],[1,-3],[3,1],[7,-4],[3,-11],[4,0],[3,-5],[8,2],[2,3],[3,1],[6,-13],[2,0],[6,3],[1,3],[-4,2],[0,5],[9,-1],[3,-5],[5,1],[1,3],[-3,3],[-1,3],[-4,3],[0,4],[-4,3],[-1,3],[4,2],[0,4],[4,3],[4,-1],[3,5],[3,1],[1,0],[3,-5],[6,-3],[1,1],[1,9],[-7,9],[7,5],[2,9],[-2,10],[-4,4],[-6,0],[-2,3],[0,5],[6,6],[9,1],[1,7],[-1,2],[-5,1],[1,1],[4,4],[9,1],[1,1],[-4,5],[1,4],[2,2],[11,4],[5,-3],[2,-5],[3,2],[2,5],[-4,3],[0,2],[7,3],[-2,2],[-4,9],[5,4],[1,4],[4,-2],[1,2],[-2,3],[5,0],[3,-5],[4,-1],[0,3],[-2,9],[3,3],[0,6],[4,2],[5,-4],[1,4],[0,7],[-7,2],[-4,8],[0,3],[5,-4],[4,3],[8,-4],[3,3],[-11,6],[0,4],[3,2],[-4,8],[1,4],[9,0],[2,3],[5,-2],[4,8],[-2,5],[4,7],[2,-1],[-1,-6],[2,-2],[2,4],[3,0],[7,7],[2,-3],[-1,-11],[2,-1],[4,6],[-1,8],[6,6],[1,4],[7,-6],[5,-1],[1,3],[-2,4],[1,3],[-1,6],[2,3],[3,-3],[2,4],[-4,1],[-2,4],[3,2],[3,-2],[1,6],[-1,2],[-4,-2],[-1,3],[4,5],[2,5],[3,0],[5,-8],[-1,6],[3,2],[0,9],[1,1],[3,-4],[1,6],[2,2],[1,-5],[6,0],[1,19],[3,-6],[4,4],[8,-7],[3,3],[2,-1],[2,3],[-4,2],[-4,-3],[-2,4],[4,3],[5,-3],[-1,7],[4,-1],[2,2],[5,-5],[4,0],[0,2],[-2,5],[2,8],[2,-1],[0,-3],[4,0],[3,-2],[5,3],[0,3],[-2,-1],[-2,2],[1,7],[5,-2],[2,4],[4,-6],[2,1],[5,9],[-6,2],[0,8],[-2,7],[1,4],[2,2],[2,-7],[5,-4],[5,-4],[2,1],[0,2],[-3,2],[0,4],[2,1],[1,-3],[2,0],[1,4],[-1,6],[1,2],[3,2],[1,-5],[2,1],[-2,4],[2,3],[3,-7],[5,1],[0,5],[-2,4],[4,-3],[1,5],[5,3],[-3,2],[8,10],[0,3],[-5,1],[-6,-5],[0,8],[3,-3],[1,9],[-4,-2],[-3,2],[-3,-2],[-1,3],[7,8],[6,0],[5,3],[3,9],[0,5],[-13,5],[-3,5],[2,5],[-7,-3],[-7,3],[-1,3],[6,3],[0,5],[-11,0],[-1,2],[1,3],[6,6],[1,4],[-5,4],[-5,-3],[-2,7],[-2,2],[0,2],[5,2],[3,7],[4,1],[0,2],[-4,3],[-2,4],[-3,-4],[-4,-1],[-1,10],[-5,9],[-7,-2],[-1,-4],[-6,-4],[-1,2],[2,4],[2,9],[-1,2],[-7,3],[0,4],[7,4],[1,4],[-8,2],[1,8],[-6,-1],[-1,10],[0,2],[7,1],[2,8],[-5,3],[-1,17],[3,2],[3,9],[5,5],[-2,3],[-3,-5],[-12,-1],[0,6],[2,0],[3,3],[-4,2],[-1,7],[-5,2],[-2,2],[0,7],[4,2],[-3,4],[2,5],[-2,5],[2,8],[-2,4],[-10,2],[0,10],[1,2],[3,0],[2,5],[-8,-4],[-3,11],[2,9],[-1,3],[7,4],[-4,9],[7,4],[1,7],[-2,2],[-3,11],[-9,6],[-3,5],[-6,-5],[-3,4],[5,2],[1,2],[0,19],[-1,3],[-3,-4],[-6,-1],[-2,9],[9,3],[-2,12],[-5,-2],[-3,0],[2,4],[2,-1],[1,1],[-5,11],[-2,-1],[-2,-7],[-2,1],[-6,-3],[0,4],[-3,-1],[-2,7],[0,7],[-3,-1],[-5,6],[4,4],[-1,2],[-2,1],[-1,5],[-3,0],[-2,-4],[-2,1],[-1,7],[1,4],[-2,1],[-9,-7],[2,9],[-4,2],[-1,4],[-5,3],[-3,-2],[4,9],[0,5],[-3,3],[-3,-7],[-5,-1],[-5,-7],[-2,0],[-2,3],[0,4],[4,0],[-1,6],[-3,1],[0,8],[-3,-2],[-3,4],[1,2],[2,-1],[-1,2],[-4,1],[-2,-2],[-3,2],[-4,5],[-2,-5],[-5,-3],[-2,-7],[-6,2],[-2,-2],[3,7],[-1,10],[-3,7],[-4,2],[-4,-1],[1,-7],[0,-4],[-5,2],[1,3],[-5,3],[-1,2],[3,5],[-3,4],[-5,0],[-2,-2],[-8,-2],[0,4],[4,5],[-3,3],[3,4],[-1,3],[-2,-2],[2,4],[4,-2],[0,3],[-4,7],[-1,1],[-1,-1],[-2,3],[-6,-4],[-5,4],[-2,-5],[-2,3],[1,4],[-2,-2],[-1,4],[2,1],[1,3],[-7,-3],[-5,3],[2,3],[-2,0],[0,-2],[-1,2],[0,3],[2,0],[-1,2],[2,5],[-3,1],[0,4],[-2,3],[1,5],[-6,5],[-1,5],[-5,5],[1,7],[-2,5],[3,1],[1,2],[2,1],[-2,2],[0,2],[-1,0],[2,6],[-2,4],[1,3],[2,0],[0,6],[-2,-1],[2,7],[5,1],[-2,4],[2,0],[2,3],[0,3],[-1,0],[-1,3],[2,3],[6,0],[2,7],[1,-1],[2,2],[2,-1],[2,2],[-4,3],[2,1],[0,1],[2,3],[0,-2],[2,4],[0,5],[1,1],[0,9],[0,1],[1,-1],[0,3],[1,2],[-1,3],[2,1],[-2,6],[1,2],[-1,1],[1,2],[-3,5],[1,2],[-1,4],[4,2],[1,2],[1,-2],[1,8],[-1,2],[2,2],[1,-1],[12,7],[7,16],[9,13],[1,-1],[4,5],[1,5],[4,5],[-1,2],[9,8],[-1,3],[5,5],[2,9],[2,2],[4,8],[-3,14],[7,9],[-4,12],[7,13],[4,1],[5,6],[-1,6],[1,6],[4,-2],[2,1],[-1,7],[2,1],[0,2],[1,2],[0,5],[3,4],[-2,3],[1,3],[-5,5],[-1,8],[1,0],[0,4],[3,0],[2,4],[-5,5],[-4,0],[-3,2],[2,4],[4,3],[-2,5],[2,7],[-5,0],[-2,-1],[-3,1],[2,3],[5,1],[1,2],[-1,4],[1,5],[-6,5],[-2,4],[-4,0],[1,4],[3,3],[-1,2],[-6,1],[1,3],[4,2],[1,3],[-8,0],[1,6],[2,3],[-3,3],[2,3],[-4,3],[3,1],[0,3],[3,-2],[7,3],[-2,3],[1,3],[-2,2],[5,2],[-2,6],[2,2],[1,5],[3,1],[-1,2],[1,6],[-2,3],[2,4],[-4,-1],[-1,2],[4,8],[1,0],[2,-4],[5,7],[3,-3],[-1,-5],[9,4],[-1,2],[2,4],[-5,3],[7,1],[0,5],[-3,7],[-4,1],[8,5],[2,4],[-2,4],[-1,7],[-1,2],[1,3],[-2,2],[2,3],[-3,-1],[-1,1],[3,6],[-1,6],[2,2],[2,-1],[1,4],[5,1],[-1,1],[1,6],[-1,1],[0,2],[4,-1],[-1,3],[4,1],[2,0],[1,-2],[1,3],[-2,2],[3,3],[2,-3],[2,0],[0,3],[4,1],[1,2],[1,-3],[-3,-3],[7,-3],[1,3],[3,0],[-1,-3],[2,0],[1,2],[3,-1],[-1,-4],[3,-1],[2,1],[3,-3],[1,3],[5,2],[-1,-2],[3,0],[5,4],[3,-3],[0,2],[2,-2],[3,4],[2,0],[-2,-2],[2,-1],[5,4],[2,-3],[2,0],[1,6],[1,1],[-1,5],[5,1],[-1,5],[2,2],[1,-2],[2,3],[-3,4],[1,2],[0,-2],[2,1],[-1,1],[0,1],[-2,0],[1,4],[5,-2],[1,3],[4,-2],[0,4],[1,-2],[0,2],[3,0],[-2,0],[2,2],[-2,4],[2,1],[1,-2],[3,-1],[-1,-3],[2,0],[1,2],[2,-2],[0,3],[-2,2],[3,0],[-2,2],[2,0],[-1,1],[0,2],[-2,0],[1,1],[-3,0],[1,3],[1,-2],[0,2],[1,-1],[1,2],[1,-3],[1,2],[1,0],[2,-7],[2,2],[0,2],[2,0],[1,2],[2,-2],[-1,3],[4,3],[0,2],[-2,-1],[0,1],[3,1],[-5,0],[2,3],[2,-1],[-4,3],[1,2],[-2,1],[3,1],[1,3],[-3,-1],[0,3],[5,3],[-1,3],[2,0],[1,4],[3,-2],[0,2],[-2,3],[2,-2],[2,4],[5,-2],[1,4],[2,-2],[0,4],[-1,-1],[-2,2],[1,2],[3,-1],[2,4],[3,-4],[0,3],[3,3],[-3,2],[0,3],[4,-3],[1,0],[-2,2],[2,0],[0,-1],[2,0],[-1,-4],[4,-3],[1,-4],[-3,0],[1,-3],[-3,-2],[2,-2],[-2,-3],[1,-4],[5,2],[0,3],[3,1],[5,-5],[1,-3],[3,0],[1,-3],[2,-2],[2,1],[0,-2],[2,1],[1,-3],[4,-1],[6,3],[2,-1],[3,-4],[1,0],[7,3],[4,0],[15,21],[6,4],[17,2],[3,4],[4,0],[4,3],[34,5],[142,44],[9,-1],[5,3],[2,6],[1,23],[-6,17],[-4,5],[-5,18],[2,9],[-4,5],[2,8],[7,11],[2,10],[-13,41],[0,25],[-14,17],[-6,26],[-5,11],[2,13],[0,21],[-2,9],[-3,7],[4,13],[-1,11],[-17,5],[-7,5],[-6,5],[-2,6],[-5,8],[-19,4],[-22,26],[-6,11],[4,45],[5,22],[4,8],[2,11],[-1,26],[4,23],[7,15],[5,14],[3,4],[14,11],[5,2],[6,9],[16,7],[15,15],[-1,6],[-14,3],[-3,5],[2,4],[6,8],[11,5],[11,25],[-1,4],[-18,20],[-16,23],[-12,2],[-2,5],[3,11],[-2,14],[1,16],[-2,8],[-14,-2],[-2,-1],[-3,-10],[-9,-5],[-5,-5],[-3,3],[-4,18],[-5,7],[5,3],[2,5],[-3,10],[0,12],[15,31],[6,25],[3,4],[4,11],[5,7],[10,25],[0,5],[-7,9],[-1,10],[-11,7],[-3,7],[-11,10],[-2,7],[1,7],[6,12],[2,2],[9,4],[12,12],[27,17],[6,12],[12,1],[21,-2],[15,-7],[20,-3],[12,-5],[13,-10],[12,-2],[12,-5],[23,-17],[17,-6],[27,-30],[21,-5],[16,6],[9,-4],[4,4],[7,3],[11,-3],[5,5],[4,7],[13,11],[5,-2],[2,5],[10,6],[9,-1],[6,-5],[10,9],[1,3],[-6,12],[-2,12],[-8,11],[0,8],[-9,10],[3,19],[4,5],[5,2],[0,11],[-3,6],[-7,3],[-5,4],[1,4],[-5,4],[-2,3],[1,15],[-6,11],[0,4],[3,13],[-1,11],[2,10],[2,5],[6,4],[2,5],[7,28],[1,10],[-6,9],[-3,15],[-2,2],[-11,6],[-11,1],[-1,2],[-1,6],[3,6],[0,4],[-5,9],[-3,12],[2,6],[14,10],[5,7],[-1,18],[6,6],[13,3],[11,8],[3,7],[-2,18],[5,14],[2,1],[10,-8],[6,1],[6,5],[7,-4],[3,-6],[2,-20],[14,-1],[6,-12],[10,-12],[6,-4],[17,-5],[9,-13],[10,-7],[5,-10],[8,-3],[2,-7],[10,1],[17,-10],[1,-4],[0,-7],[11,-2],[2,-7],[-1,-8],[1,-10],[-4,-13],[5,0],[4,-8],[9,-1],[4,-3],[-8,-22],[-6,-3],[-2,-4],[-1,-20],[3,0],[9,-13],[10,4],[2,-15],[5,-8],[12,-2],[4,3],[8,-3],[9,5],[2,4],[8,-1],[4,2],[2,-1],[7,-22],[7,-2],[4,7],[5,0],[6,-2],[7,-7],[14,-5],[3,2],[10,19],[-4,26],[3,3],[3,-2],[0,-7],[4,-4],[4,-8],[4,-3],[6,-2],[6,8],[6,-1],[5,3],[9,-20],[10,-2],[9,3],[3,5],[5,31],[4,0],[7,-6],[5,3],[1,7],[11,27],[10,4],[3,-6],[11,-5],[9,-15],[7,-6],[0,-7],[-4,-15],[1,-5],[5,-3],[5,1],[4,-10],[4,-6],[7,-7],[6,-2],[6,-19],[-1,-16],[-3,-15],[-8,-7],[4,-7],[1,-25],[-3,-9],[1,-5],[-11,-14],[-7,-4],[0,-6],[-14,-15],[-6,-10],[-1,-13],[-8,-11],[0,-3],[1,-6],[-1,-5],[-5,-3],[-9,-1],[-6,-17],[1,-4],[5,-8],[0,-4],[-3,-4],[1,-8],[-1,-8],[-6,-9],[-7,-4],[-10,-2],[-5,2],[-2,-8],[-11,-3],[-2,-7],[-2,-2],[-15,2],[-4,-2],[-2,-3],[2,-8],[2,-3],[5,-3],[11,-11],[-2,-15],[3,-15],[5,-6],[6,3],[4,-3],[1,-4],[0,-10],[2,-5],[17,2],[5,4],[-2,10],[4,4],[-1,3],[1,4],[3,-1],[0,7],[4,0],[0,5],[4,1],[-1,3],[1,2],[-2,5],[1,6],[7,3],[1,5],[-1,4],[2,5],[17,7],[8,0],[3,-4],[3,-1],[1,5],[4,-1],[4,1],[0,5],[3,4],[4,12],[-3,4],[5,6],[2,0],[0,5],[2,2],[-2,10],[2,-1],[2,6],[6,4],[0,3],[7,5],[7,1],[6,4],[14,0],[4,2],[2,-3],[3,1],[1,-4],[3,-1],[1,-2],[4,1],[1,-2],[3,-1],[0,-3],[6,-3],[11,-9],[7,-3],[2,3],[2,0],[1,3],[1,-1],[6,6],[-1,3],[0,2],[5,1],[0,-2],[2,3],[2,-3],[4,0],[3,7],[2,3],[4,0],[1,6],[-1,2],[2,3],[-1,0],[1,4],[4,1],[-1,4],[3,4],[4,-3],[3,5],[2,-1],[4,3],[1,-3],[2,1],[5,-5],[9,3],[3,4],[0,-3],[4,1],[6,-4],[4,1],[0,1],[1,-3],[3,2],[2,-2],[1,2],[2,-2],[6,0],[5,-4],[0,3],[4,-2],[4,3],[2,-2],[2,3],[2,-1],[3,3],[1,-1],[2,4],[6,1],[-2,10],[5,-1],[2,1],[1,2],[-2,1],[-2,5],[2,4],[1,-4],[3,-1],[2,5],[4,0],[4,4],[4,-3],[3,3],[-1,4],[1,3],[3,-1],[0,-3],[4,1],[5,3],[1,5],[2,1],[2,-2],[4,10],[2,8],[6,4],[0,8],[5,7],[0,4],[-1,0],[-3,7],[2,12],[5,5],[2,0],[0,-2],[2,3],[1,-5],[-3,-1],[2,-4],[1,0],[3,17],[3,-7],[5,-1],[4,4],[5,-1],[3,5],[4,3]],[[4851,9096],[-3,-2],[3,-6],[5,-4]],[[4894,9085],[4,2],[5,-1]],[[4941,9062],[3,2],[3,-4],[6,-18]],[[4953,9042],[3,-2],[4,-25]],[[5105,8094],[-5,-9],[-4,2]],[[5092,8087],[-12,7]],[[5080,8094],[-4,-1],[-6,6]],[[5057,8094],[-3,7],[-2,7]],[[4942,8245],[-12,2],[-6,5]],[[4786,8161],[0,-6],[-6,-3]],[[4712,8023],[-4,-1],[1,-7]],[[4592,7817],[6,-14],[4,-7]],[[4641,7771],[7,4],[1,3],[-2,7],[1,5]],[[4684,7763],[4,2],[32,29]],[[4723,7812],[6,5],[6,-1],[5,-5],[12,-7]],[[4766,7813],[4,0],[2,-1],[2,-8]],[[4771,7795],[1,-5],[5,0]],[[4784,7792],[0,-12],[-6,-6]],[[4778,7774],[1,-5],[5,-2]],[[4796,7771],[4,-9],[3,-2],[2,-6]],[[4805,7754],[2,0],[2,6],[-3,13],[6,8]],[[4812,7781],[3,0],[5,-13],[-5,-9]],[[4816,7749],[3,-6],[-2,-4],[-2,4]],[[4815,7743],[-4,-6],[-4,6]],[[4765,7537],[-5,-1],[3,-9]],[[4743,7474],[-5,-4],[-2,-15]],[[4736,7455],[-3,-5],[-6,-5],[-4,0],[-14,-7]],[[4498,7240],[-3,-7],[5,-1]],[[4505,7220],[0,-21],[4,-8]],[[4549,7157],[5,-6],[6,-13],[6,-1]],[[4566,7137],[16,15]],[[4633,7078],[5,-29],[1,-19],[2,-2],[7,-2]],[[4686,7009],[8,-10],[3,4],[11,6]],[[4732,6959],[8,-8],[7,-8],[14,-12],[5,0],[5,3],[4,6],[4,9],[7,2],[8,-1],[8,-8],[8,2]],[[4810,6944],[8,9],[16,1]],[[4834,6954],[6,5]],[[4840,6959],[11,-1],[10,-9]],[[4865,6952],[4,0],[3,-4],[1,-7]],[[4893,6893],[4,-9],[2,-1],[12,4]],[[4931,6885],[7,1],[2,-9]],[[4951,6854],[2,-14],[0,-9],[-3,-9],[-7,-7]],[[4948,6789],[-2,-15],[-3,-3],[-4,-1],[-20,10]],[[4919,6780],[-6,-1],[-12,-15]],[[4913,6763],[1,-4],[-12,-8]],[[4902,6751],[-1,-5],[4,-4]],[[4905,6742],[3,10],[6,1],[2,-2],[2,-4]],[[4917,6736],[-5,-5],[-3,-9],[4,-2]],[[4913,6720],[8,7],[6,2],[5,-3],[5,-8],[1,-5]],[[5003,6695],[10,-16],[-2,-5]],[[4971,6614],[-2,-3],[0,-6]],[[4901,6377],[0,-5],[3,-6]],[[4904,6366],[1,-6],[0,-3]],[[5034,6244],[10,-8],[2,-4]],[[5049,6228],[1,-6],[3,-1],[6,-6],[3,-8]],[[5000,5896],[4,-5],[-3,-4]],[[4989,5791],[-4,-5],[0,-7]],[[4995,5774],[7,1],[1,-1]],[[5144,5707],[2,-1],[1,-7]],[[5153,5693],[3,-7],[-1,-2],[2,-2],[3,0]],[[5162,5678],[5,-4],[6,-2]],[[5173,5672],[4,2],[0,2],[-2,2],[0,3]],[[5217,5670],[1,2],[-2,2]],[[5222,5676],[1,3],[2,1],[3,-7],[0,-9]],[[5235,5619],[-17,-11],[-2,-8],[10,-20]],[[5226,5580],[5,-6],[8,-13],[2,-13]],[[5239,5539],[-4,-7],[0,-9]],[[5235,5523],[-6,-7],[-3,1],[-9,12],[-21,11]],[[5190,5539],[-7,-10],[-4,-10]],[[5170,5427],[1,-9],[-7,-8]],[[5040,5301],[-2,-3],[-19,-2]],[[4806,4639],[5,-5],[0,-2]],[[4788,4617],[-3,-6],[0,-2]],[[4785,4609],[7,-3],[-1,-2],[-7,-1],[-1,-2]],[[4649,4146],[-7,-1],[0,-2],[4,-1],[-6,-5],[5,-6],[-1,-2],[-4,1]],[[4640,4130],[2,-6],[-13,-1],[6,-5],[-5,-1],[0,-3],[-2,-2],[4,-5],[-7,-3],[6,-1],[1,-3],[-6,0],[-1,-2],[4,-3],[-5,-2],[-3,1],[-3,-3]],[[4618,4091],[1,-1],[4,-1]],[[4623,4089],[2,-5],[-7,1]],[[4618,4085],[0,-3],[-3,-3],[1,-2],[6,-2]],[[4622,4075],[0,-2],[-7,-2],[-6,2],[1,-5],[3,-3],[-3,-1],[-3,2],[-2,-3],[3,-2],[4,2],[-4,-11],[3,-2],[0,-5],[3,-2],[-2,-3],[-4,-1],[3,-9],[-3,-6],[-4,0],[6,-8],[-2,-2],[-6,-1],[0,-4],[-4,1],[2,-2],[-2,-3],[1,-3],[-4,-2],[1,-2],[7,-1],[1,-2],[-2,-5],[-6,2],[0,-3],[3,-2],[-1,-2],[1,-2],[-7,-5],[2,-2],[4,3],[0,-3],[3,0],[0,-2],[-3,-1],[-1,-2],[5,-2],[2,1],[-1,-5],[5,-3],[-2,-1],[0,-2],[-2,-2],[0,-3],[3,-1],[4,1],[2,-3],[-4,-1],[2,-2],[-3,-1],[0,-3],[-6,-2],[1,-3],[4,-2],[-3,-2],[-3,0],[2,-1],[-3,-2],[3,-6],[-3,1],[-2,-3],[2,-3],[-4,-3],[3,-1],[-5,-1],[1,-2],[2,0],[1,-4],[-7,-4],[0,-2],[7,-2],[-3,-2],[1,-5],[-6,-5],[-6,2],[0,-2],[-2,0],[3,-3],[-3,-2],[2,-5],[-3,-1],[-1,3],[-3,-1],[3,-3],[-3,-2],[0,-3],[2,-1],[-1,-2],[1,-3],[-3,-1],[-1,-5],[2,-3],[-6,-3],[1,-2],[-2,-3],[2,0],[0,-2],[-4,-3],[3,-2],[-2,-2],[-4,-3],[0,3],[-3,-2],[-3,-4],[1,-4],[-1,-2],[-1,-8],[1,-3],[-5,-2]],[[4554,3816],[2,-4],[-2,-4],[-2,1],[0,-2]],[[4552,3807],[-3,1],[-1,-3],[-2,-1],[-1,-8],[-2,0],[0,-2],[-7,-1],[-2,-8],[-3,-1],[-3,-4],[-3,-1],[-4,-6],[-8,-1],[0,-2],[-4,-1],[0,-2],[-4,-1],[-1,-3],[-3,-4],[-4,0],[-1,3],[-6,-3]],[[4490,3759],[-13,11],[-2,-4]],[[4475,3766],[-4,0],[-2,-6],[-1,2]],[[4468,3762],[-4,-3],[-10,-1],[-7,7],[3,15]],[[4450,3780],[-3,6],[-10,9],[-13,7]],[[4424,3802],[-4,5],[-6,3]],[[4414,3810],[0,3],[2,6],[-2,14]],[[4416,3842],[-2,4],[-8,13],[-21,14],[-1,6],[0,5]],[[4409,3901],[4,4],[1,11]],[[5949,1106],[5,4],[0,6]],[[5871,1303],[-4,-6],[-3,1],[-8,6]],[[5856,1304],[3,6]],[[5857,1313],[4,-2]],[[5858,1318],[-7,-1],[-2,2],[1,3],[2,-1]],[[5852,1324],[-3,3],[3,0]],[[5852,1327],[3,3],[1,4],[1,-1]],[[5945,1506],[1,4],[-4,11]],[[5956,1531],[10,-6],[10,2]],[[5983,1533],[4,1],[3,-2]],[[6926,2381],[0,7],[-12,6],[4,6]],[[6959,2508],[9,19]],[[6968,2527],[1,0],[5,-7]],[[6974,2520],[9,2],[3,-1],[2,1]],[[6990,2527],[0,6],[8,8],[3,-4]],[[7029,2530],[4,1],[10,0],[1,-1]],[[7044,2530],[1,-7]],[[7045,2523],[1,3],[8,4],[2,4],[11,2],[7,-1]],[[7074,2535],[8,4],[2,6],[3,3]],[[7087,2548],[1,-1]],[[7088,2547],[2,1],[5,-1]],[[7095,2547],[6,2],[9,-10]],[[7110,2539],[3,0],[2,-4],[4,0],[9,-7],[-1,-5],[3,-4],[-2,-7],[7,-4],[4,-16],[6,-7],[0,-6],[11,-2],[4,-3]],[[7160,2474],[-2,-6],[2,-8],[-1,-5]],[[7159,2455],[-4,-3],[-1,-8],[-5,2],[-4,-3]],[[7145,2443],[-6,3],[-6,-5]],[[7133,2441],[-4,-1],[-8,-10]],[[7121,2430],[-2,0],[-2,-6]],[[7117,2424],[2,0],[3,-3],[4,1],[3,-3],[0,-3],[4,0]],[[7133,2416],[5,-4],[4,-10],[-7,-3]],[[7135,2399],[-1,-4],[-6,0],[0,-9],[-3,-3],[-5,0],[-3,-2],[0,-7],[2,0],[3,-8],[0,-3],[6,-3],[6,1],[6,-10],[12,-3],[0,-3],[4,-5],[1,-17],[1,-2],[0,-4],[1,-5],[-2,-18],[4,-2],[3,4],[2,-2],[0,-5],[4,-2],[2,1],[3,6],[10,-2],[5,5],[7,-1],[3,-5],[0,-3],[4,-2],[0,-7],[2,-3],[1,-7],[-1,-4],[4,-2],[2,-7],[4,0],[2,-4],[0,-8],[1,-3],[5,-2],[4,2],[1,7],[2,2],[6,-20]],[[7237,2230],[1,-1],[4,3],[-5,11]],[[7237,2243],[2,21],[4,2],[2,4],[4,-1],[1,4],[-3,6],[-4,1],[-2,3],[-5,0],[2,5],[-2,2],[1,10],[4,2],[2,-1],[4,1],[0,7],[6,4],[2,12],[6,6],[0,4],[3,3],[5,0],[-1,7]],[[7268,2345],[1,5],[7,5]],[[7276,2355],[-3,5]],[[7273,2360],[-1,13],[6,2]],[[7278,2375],[5,7],[4,1],[5,6],[-2,2],[0,5],[4,4],[1,3],[-3,11],[7,-3],[3,2],[13,-5],[8,-9],[3,1],[2,-2],[1,14],[-1,4],[1,8],[3,2],[4,-1],[6,7],[4,-1],[5,3],[8,0],[3,-4],[-1,-4],[3,-3],[6,3],[1,-2],[2,1],[5,-3],[2,-7],[3,-2],[3,5],[3,-1],[4,2],[4,8],[11,-4]],[[7408,2423],[13,5],[2,8],[7,3],[9,-4]],[[7439,2435],[1,-8],[4,-3],[3,1],[2,-3],[0,-16],[-3,-4],[3,-2],[1,-3]],[[7450,2397],[2,0],[2,6]],[[7454,2403],[4,4],[3,1],[2,-2],[2,1],[1,7],[9,8],[5,0],[-1,4],[2,2],[5,0],[0,21],[5,2],[3,3],[-2,3],[3,7],[-1,3],[-7,2],[4,4],[-2,4],[4,2],[-3,6],[2,2],[-1,4],[1,3],[5,-5],[5,1],[4,-2],[4,0],[2,1],[4,-3],[3,2],[5,-2],[3,2],[1,-4],[8,6],[0,4],[3,0],[4,4],[4,-8],[5,-4],[1,-6],[2,-2],[16,-6],[10,10],[3,0],[5,-11],[9,-2],[11,3],[2,4],[6,4],[3,9],[5,7],[2,-2],[5,-3],[2,-7],[7,-4],[3,3],[3,9],[7,-4]],[[7654,2488],[5,4],[4,8]],[[7663,2500],[-5,9],[-2,9],[1,4],[-3,10],[9,4],[-1,4],[-2,2],[-2,8],[4,6],[0,6],[2,7],[11,4],[3,-5],[5,-1],[0,6],[7,7],[2,7],[4,2],[4,6],[11,1],[1,2],[-3,3],[0,3],[3,4],[6,0],[-2,7],[0,6],[1,11],[4,1],[-1,5],[1,5],[4,4],[4,10],[5,6],[1,3],[-1,1],[2,6],[6,0],[2,2],[3,1],[-2,9],[-4,1],[-5,4],[-7,-2],[-4,5],[-2,1],[-4,9],[-4,1],[0,7],[-2,3],[4,18],[4,2],[0,16],[2,3],[8,3],[2,9],[3,2],[0,6],[3,6],[-4,16],[-1,0],[-8,6],[0,4],[-3,3],[-1,7],[-3,5],[-1,10],[5,12],[0,4],[-1,1],[-5,0],[-11,4],[-10,11],[13,24],[-2,3],[0,8],[-2,5],[4,6],[-2,17],[-3,5],[4,6],[-4,4],[-2,6],[1,4],[5,10],[9,1],[8,-3],[-1,-5],[3,-3],[4,0],[1,-2],[-2,-12],[-2,-3],[0,-4],[6,0],[4,-3],[-2,-2],[-1,-8],[6,-3],[8,-2],[8,-13],[5,3],[5,-3],[8,11],[0,-16],[4,-6],[-4,-12],[2,-7],[3,-2],[-4,-5],[8,-10],[0,-6],[4,-7],[2,-10],[2,-3],[-3,-4],[-2,-12],[2,-8],[-5,-8],[4,-5],[4,0],[9,-8],[0,-3],[-4,-6],[1,-2],[3,0],[2,-4],[-2,-14],[1,-11]],[[7802,2740],[-4,-6],[6,2]],[[7804,2736],[2,8],[3,2],[9,-3],[2,-6],[0,-7],[5,-5],[3,0],[4,7],[4,1],[1,5],[2,1],[0,4],[4,5],[1,6],[-2,6],[3,4],[0,5]],[[7845,2769],[9,9],[1,3],[-3,7]],[[7852,2788],[3,1],[3,-1],[6,4]],[[7864,2792],[4,21],[2,2],[5,-2]],[[7875,2813],[7,5],[2,5],[5,0],[0,1],[3,1],[1,8],[2,2],[-3,4],[1,6],[4,6],[3,8],[1,2]],[[7901,2861],[-3,6]],[[7898,2867],[8,-3],[10,0],[-1,-5],[2,-4],[1,-9],[8,1],[4,-4],[4,0],[3,-4],[4,-1],[0,-5],[2,-2],[1,-6],[19,-1],[1,-3],[-2,-12],[3,-3],[-1,-11],[7,2],[4,-2],[17,-1],[10,2],[4,-9],[-2,-4],[0,-4],[3,2],[3,-4],[10,2],[2,-2],[10,12],[3,-1],[12,4],[7,-3],[10,0],[4,7],[2,7],[7,3],[9,0],[2,-1],[3,3],[5,1],[3,-3],[4,-12],[2,-3],[-2,-6],[6,-4],[8,2],[4,-3],[4,0],[3,-2],[7,-2],[3,-4],[5,0],[3,-3],[3,3],[5,0],[6,10],[0,2],[-5,9],[5,8],[12,-5]],[[8172,2796],[5,-11],[8,8]],[[8185,2793],[7,-1],[11,5],[7,-2],[8,-5],[2,8],[5,3],[4,8],[7,-5]],[[8236,2804],[4,3],[0,-2],[5,-15],[0,-6],[2,-2],[5,-13],[0,-3],[3,-12],[-1,-2],[5,-8],[0,-6],[-4,-8],[-3,1],[-6,-4],[-1,1],[0,-3],[-4,1],[-4,-4],[-2,-10],[-3,-3],[-3,-14],[-3,-7],[1,-4],[-1,-12],[-3,-1],[0,-5],[-1,-1],[-7,-1],[-3,-9],[5,-7],[10,-4],[15,1],[2,2],[3,-2],[-3,-4],[1,-7],[-1,-4],[5,-4],[3,4],[0,-2],[3,-2],[1,-4],[-4,0],[-4,-3],[3,-8],[-4,-2],[-2,-3],[-3,2],[-4,0],[-1,-3],[4,-2],[0,-3],[-8,-9],[-6,-14],[-3,0],[-1,-3],[-4,-1],[-5,-22],[-6,-1],[-2,-5],[2,-2],[4,-2],[-2,0],[0,-5],[-2,-4],[-4,0],[2,-8],[3,0],[-1,-1],[1,-2],[-1,-1],[0,-6],[3,-3],[-2,-2],[3,-2],[0,-4],[-3,-1],[-1,5],[-1,1],[0,-2],[-1,3],[-4,-2],[-5,1],[-1,-1],[1,-3],[-3,-1],[-3,-14],[1,-3],[4,-4],[1,-6],[-6,-3],[1,-6],[-1,-2],[-4,-3],[-1,-3],[-4,0],[-4,-3],[-2,0],[-5,-9],[-3,-1],[-9,5],[-12,-2],[3,-9],[-4,-7],[1,-4],[-1,-1],[-2,-15],[-3,-2],[3,-4],[3,-1],[2,-8],[-4,-13],[-4,-6],[-13,-3],[0,-4],[-3,-4],[4,-9],[-3,-7],[-7,-5],[1,-8],[-4,-3],[-1,-5],[-2,-2],[3,-5],[0,-4],[-2,-12],[-3,-1],[-3,2],[-2,-5],[-2,0],[-2,-3],[2,-4],[1,-10],[-9,3],[-3,3],[-3,0],[-5,4],[-5,-6],[-4,3],[-8,0],[-5,5],[-4,-4],[-9,2],[-9,-9],[-4,0],[-12,-5],[-7,3],[-12,-4],[-6,5],[-4,-3],[-3,-7],[-4,-1],[-5,-6],[-2,0],[-1,-10],[-5,-2],[-5,5],[-11,-5],[-7,-7],[-4,-10],[2,-8],[8,-7],[-1,-5],[11,-7],[2,-6],[3,4],[5,-1],[1,-3],[0,-7],[2,-2],[6,-3],[5,0],[7,-7],[8,-3],[0,-7],[4,-1],[0,-6],[-2,-1],[-9,1],[-1,-5],[-1,3],[-6,3],[3,-6],[-5,-7],[2,-4],[-2,-3],[-1,-4],[-5,-4],[-3,-7],[-6,-4],[2,-6],[-2,-4],[-11,-4],[1,-8],[-3,-4],[-5,-15],[-9,0],[-9,4],[-3,-1],[-6,-15],[2,-3],[-2,-3],[1,-3],[-3,-2],[2,-6],[-6,-5],[-4,-12],[-8,-4],[-2,-10],[-2,-2],[1,-7],[-5,-5],[0,-6],[-7,-6],[2,-10],[2,-1],[1,-4],[7,-12],[-6,-5],[-2,-8],[2,-3],[-2,-5],[4,-6],[2,0],[2,3],[3,-1],[3,-8],[-7,-10],[5,-13],[-9,-7],[-8,-11],[-3,-7],[-7,0],[-8,-11],[1,-11],[-1,-6],[0,-13],[-4,-4],[-1,-5],[-3,-4],[1,-6],[7,-4],[4,-11],[-7,-4],[-4,-5],[2,-4],[5,-3],[-3,-3],[0,-3],[2,-4],[-1,-3],[1,-4],[-2,-3],[-4,-1],[-5,-4],[2,-5],[-10,-11],[2,-4],[11,-3],[0,-10],[-4,-4],[-9,-2],[-3,-3],[-5,0],[0,3],[-4,4],[0,2],[-2,3],[-7,-6],[-3,-5],[0,-6],[3,-4],[0,-12],[-5,-5],[1,-3],[-6,-8],[2,-5],[-3,-2],[-4,-13],[13,-8],[6,0],[2,-3],[-2,-3],[-1,-4],[14,-10],[1,-4],[-4,-11],[-5,-2],[-2,-5],[-1,2],[-1,-2],[-4,-1],[-3,-9],[-2,-1],[0,-5],[-4,-6],[1,-4],[-2,-3],[-4,0],[-7,5],[-5,-6],[-3,0],[3,-12],[-4,-7],[-2,-1],[0,-6],[-5,-5],[-6,-3],[-5,1],[-3,-3],[0,-1],[3,-2],[0,-3],[3,-5],[-20,-15],[-7,-15],[-6,-8],[-2,-12],[-5,-7],[3,-1],[0,-5],[5,4],[4,-5],[-3,-2],[0,-5],[-5,-1],[-5,-9],[4,-7],[9,-2],[7,7],[1,-3],[0,-4],[2,-3],[-2,-2],[4,-5],[-1,-4],[3,1],[0,-3],[4,2],[2,0],[-1,-2],[3,1],[6,6],[3,-6],[4,7],[0,-2],[5,-4],[3,3],[0,-3],[5,6],[12,-15],[5,-3],[0,-3],[-4,0],[1,-5],[2,1],[1,-3],[0,-2],[6,5],[2,-1],[2,-5],[1,-1],[-1,-3],[6,-10],[-2,-1],[-1,-4],[-3,-2],[-1,-4],[4,-3],[-1,-2],[2,-1],[-4,-6],[4,1],[0,-2],[-2,-3],[-9,-1],[-8,-4],[-13,-8],[-3,0],[-7,-11],[-17,-9],[-17,2],[-6,4],[-13,-6],[-11,-9],[-7,-4],[-2,-5],[-30,-16],[-8,-1],[-10,-4],[-43,-26],[-79,-42],[-16,-7],[-2,-2],[1,-4],[-8,-6],[-13,-4],[-10,-8],[-40,-15],[-49,-34],[-43,-24],[-20,-10],[-5,2],[-16,-8],[-8,-6],[-2,2],[-9,-3],[-24,-11],[-1,-4],[4,-4],[-14,-11],[-5,-5],[2,-3],[-3,-3],[-8,-6],[-25,-15],[-9,-3],[-2,-4],[-8,-6],[-5,1],[-4,-1],[-14,-13],[-5,-10],[-6,-2],[-7,6],[-3,0],[-15,-12],[-2,-1],[-3,2],[-8,-5],[0,-9],[6,-9],[0,-6],[-27,-25],[-11,-7],[0,10],[-3,2],[-10,-5],[-15,6],[-9,-3],[-2,-4],[-3,-1],[-5,-18],[-7,-6],[-6,7],[-3,8],[-1,7],[-4,3],[1,9],[-4,4],[1,1],[0,2],[9,8],[9,11],[-1,3],[1,5],[5,6],[-3,5],[2,5],[-2,2],[2,2],[0,5],[-6,0],[-6,-5],[-3,1],[-1,2],[-6,-2],[-9,5],[0,1],[1,2],[-1,4],[-5,1],[-8,-8],[-10,-3],[-2,-4],[-10,-3],[-2,2],[0,4],[3,3],[0,4],[-2,0],[-3,-4],[-13,-5],[-9,10],[-4,1],[0,6],[2,6],[-10,8],[-9,-6],[-6,5],[-3,-2],[-3,-3],[-7,0],[-2,2],[-3,-4],[-11,-3],[-3,-5],[-4,0],[-7,5],[-6,0],[1,10],[-4,2],[-4,-1],[-5,-5],[-6,2],[-2,-1],[-2,2],[-1,6],[-3,-1],[-2,2],[-2,-2],[0,-4],[-13,-3],[-3,-12],[-13,-11],[-9,-6],[-5,-6],[-5,-2],[-6,-8],[-5,0],[-3,-6],[-7,0],[-6,-5],[-8,-3],[-3,-2],[-1,-4],[-5,0],[-4,-4],[-5,-3],[-11,4],[-7,-5],[-10,-1],[-2,1],[-6,-2],[-3,3],[2,4],[-2,8],[-5,4],[-5,-2],[-2,-3],[0,-5],[-4,-6],[-9,-3],[-5,-4],[-7,0],[-1,-2],[-9,-4],[-1,-5],[-5,1],[-2,12],[-5,-1],[-6,9],[-3,-1],[1,17],[-2,6],[-2,-4],[-4,-2],[-2,-5],[-4,2],[1,-7],[-5,-9],[-4,1],[-2,2],[-1,-2],[-2,-12],[-6,-2],[-2,7],[2,2],[-1,1],[-6,-2],[-8,6],[1,3],[-2,2],[-8,3],[-5,-2],[-4,-8],[-8,-1],[1,-10],[-3,-1],[-3,-7],[-2,0],[-6,11],[0,6],[-1,2],[0,2],[-6,-1],[-3,2],[-5,-7],[-5,-1],[-2,3],[-3,0],[0,-5],[-2,-2],[-4,-1],[-4,2],[-3,-3],[-2,-6],[-3,-3],[-2,-6],[-3,-1],[-1,0],[-1,3],[-4,-1],[-2,3],[-3,-1],[1,6],[-6,1],[-2,6],[-5,1],[-1,2],[5,2],[0,2],[-7,3],[-1,12],[-1,1],[-2,-1],[0,-5],[-9,1],[-1,-1],[0,-4],[-2,-1],[-2,2],[-5,-3],[0,-4],[-6,-3],[-3,-4],[-11,0],[-2,-1],[3,-1],[0,-2],[-4,-1],[-3,1],[-5,-5],[-6,-1],[-4,-6],[-5,0],[-2,-4],[-7,1],[-3,4],[-4,0],[-5,-6],[-6,0],[0,-4],[-3,4],[-4,-1],[-1,2],[-1,-3],[1,-13],[-12,0],[-2,-4],[-22,-9],[-7,-6],[-5,1],[-8,-4],[-2,-4],[-4,0],[-1,-4],[-3,-3],[-10,3],[-5,-4],[-8,-4],[2,-4],[-5,-2],[-4,3],[-2,-5],[-3,-1],[0,-5],[-5,3],[-5,-7],[-7,3],[-3,7],[-4,0],[-2,2],[-4,1],[-3,-4],[-4,3],[-3,-2],[-2,-2],[0,-5],[-2,-1],[-2,1],[-4,-3],[-3,4],[-2,-2],[-5,0],[-2,-2],[-7,-1],[-2,-2],[-1,-6],[-4,-3],[2,-3],[-8,0],[-2,-11],[-4,6],[1,5],[-5,0],[-4,3],[-1,-4],[-4,-2],[2,-2],[0,-5],[-4,1],[-3,-6],[-5,-2],[-2,0],[1,2],[-1,2],[-4,-1],[2,-9],[-3,-5],[2,-7],[2,-2],[-1,-2],[-4,1],[-1,-4],[-6,2],[-2,-2],[2,-3],[-4,-1],[-3,-6],[-4,8],[-2,1],[-3,-7],[1,-5],[-2,-4],[-5,2],[0,-4],[-5,-3],[0,-2],[-3,1],[2,2],[-1,3],[-1,-2],[-6,-2],[-3,5],[-3,-3],[0,-5],[-3,0],[0,-3],[-4,-4],[-2,-1],[-4,-5],[-3,0],[-2,-7],[-2,3],[-5,-3],[-1,4],[-3,2],[-2,-4],[-8,-5],[2,-2],[-2,-1],[1,-4],[-8,-3],[-3,-5],[-3,4],[-3,-5],[-4,0],[1,6],[-2,0],[-2,2],[-9,-8],[-1,5],[1,2],[-2,4],[1,4],[-1,3],[-1,10],[-3,-6],[-2,4],[-6,2],[-8,0],[-4,-5],[-2,5],[-3,-3],[-2,0],[1,-4],[-5,-5],[-5,2],[-4,-4],[-3,1],[-2,-6],[-2,1],[-3,-3],[-1,1],[-1,4],[2,1],[-1,3],[-4,-4],[-4,0],[-4,-2],[-2,1],[-1,5],[-5,0],[-5,-5],[-3,3],[-2,-1],[-2,4],[-2,1],[-2,-2],[0,-5],[-2,2],[-3,-4],[-6,-2],[2,-4],[-2,-4],[-7,1],[-3,-6],[-3,5],[-3,10],[-18,6],[-8,-1],[-9,5],[-3,-8],[-2,0],[-1,4],[-4,-3],[-3,2],[-1,-3],[-7,1],[-2,-5],[2,-1],[-3,0],[-2,-5],[4,-4],[-4,-5],[-1,-2],[4,-4],[-4,-2],[-1,3],[-3,-1],[-7,-7],[0,-4],[-4,0],[-1,-6],[-8,-2],[0,-3],[-4,-1],[1,-2],[-2,-3],[-6,-3],[-3,1],[-5,-4],[-1,1],[-4,-9],[-11,-8],[-3,-9],[-5,2],[-6,-3],[2,4],[-2,1],[0,4],[-4,-2],[0,-3],[-2,1],[-3,-4],[-1,2],[-1,-2],[-5,-1],[0,-2],[-2,3],[0,3],[-4,1],[1,2],[-2,2],[-9,-5],[-1,5],[-3,-2],[-2,2],[1,4],[-2,0],[-3,-3],[-6,-2],[-1,-1],[-9,-1],[-3,-2],[-2,-4],[-5,0],[-5,-6],[0,-10],[-5,-3],[-2,-3],[-7,-3],[-1,-1],[2,-2],[-4,-10],[-4,-6],[-8,-5],[0,-7],[-3,1],[-3,8],[2,2]],[[3458,3086],[15,9],[7,0],[4,-3],[4,-11]],[[3488,3081],[1,-22],[11,-24],[9,-2]],[[3911,3303],[4,4]],[[3957,3353],[-8,7]],[[3947,3365],[2,5],[14,-11]],[[3963,3359],[4,-1],[9,-8],[3,0],[6,2]],[[3985,3352],[4,-3],[2,1],[10,16],[0,-2],[3,4],[5,-5],[0,4],[2,-2],[2,-1],[1,-3],[6,2],[0,-4],[2,0],[0,-1],[4,-4],[5,1],[3,2],[3,-4],[2,-1],[6,2],[2,-2],[5,2],[5,-1],[0,3],[2,2],[4,0],[4,8],[2,1],[-2,5],[3,1],[-2,1],[2,4],[-1,4],[2,5],[2,0],[1,5],[4,2],[1,4],[2,-1],[1,1],[3,0],[0,-6],[3,-1],[4,3],[3,-1],[3,-5],[3,4],[5,1],[0,-3],[2,1],[-1,-2],[1,-2],[-2,-2],[-1,1],[2,-4],[5,-2],[1,-4],[2,-1],[1,-4],[2,1],[1,-3],[3,0],[0,-5],[3,-1],[1,-2],[1,1],[1,-4],[3,-3],[0,-2],[1,-1],[3,4],[3,1],[0,4],[3,-3],[0,4],[4,0],[1,-1],[1,2],[2,-5],[2,1],[0,-4],[2,2],[1,-6],[2,-1],[2,-5],[2,1],[1,-2],[5,3],[1,-4],[-1,-7],[4,-4],[1,-5],[1,-1],[1,-3],[4,0],[4,-3],[-5,-3],[0,-5],[2,-1],[-3,-5],[6,-2],[2,1],[-1,-4],[5,-2],[1,-2],[5,2],[0,-5],[3,0],[2,-13],[-1,-6],[9,-20],[-3,-4],[0,-3],[7,-6],[5,3],[7,-14],[2,0],[2,-4],[2,-1],[1,-4],[-1,-2],[3,-5],[-5,-5],[5,0],[1,-7],[2,-1],[1,-3],[-5,-5],[3,2],[3,-1],[3,-4],[4,-2],[1,-2],[6,0],[2,1],[-1,5],[2,-2],[2,5],[7,4],[5,-4],[1,-3],[-1,-3],[2,0],[-1,-3],[1,-1],[5,4],[1,-3],[3,0],[-1,-4],[5,0],[0,-3],[1,1],[1,-1],[-3,-5],[2,0],[5,-8],[8,-5],[2,0],[0,-5],[2,-2],[0,-3],[7,0],[0,-7],[4,-4],[0,-3],[5,-5],[-3,-3],[1,-8],[-1,-4],[-3,-2],[0,-6],[2,-6],[7,-8],[2,-8],[3,-1],[1,4],[1,0],[4,-5],[-4,-5],[8,2],[4,5],[4,-3],[4,-7],[4,-1],[9,-7],[3,-9],[-4,-4],[-1,-5],[2,-2],[-2,-3],[8,-5],[1,-6],[-4,-5],[5,1],[1,-6],[2,0],[0,4],[10,1],[3,-2],[1,7],[11,-2],[7,2],[0,-3],[2,-4],[0,-7],[-3,1],[-1,-4],[-3,3],[-3,0],[-1,-2],[1,-5],[4,-5],[4,-2],[5,4],[0,4],[2,1],[5,-1],[2,3],[2,-1],[-2,-8],[3,0],[-1,-8],[-2,-7],[4,-3],[4,4],[3,-1],[14,-14],[0,-3],[-4,-2],[1,-8],[-2,-2],[1,-3],[-1,-4],[3,-4],[1,4],[7,1],[3,6],[3,-2],[0,-5],[5,5],[8,-6],[6,1],[3,-6],[6,3],[6,-1],[3,7],[5,3],[4,11],[6,1],[7,-6],[6,7],[5,-7],[3,-1],[1,4],[7,1],[-1,10],[4,4],[8,1],[6,-1],[4,9],[7,4],[13,-3],[1,4],[3,2],[1,6],[-6,2],[-14,1],[-12,8],[1,18],[-1,6],[10,0],[1,2],[-2,2],[2,7],[-3,5],[-4,-2],[-2,1],[0,2],[3,2],[0,5],[6,2],[2,6],[7,0],[0,3],[5,2],[0,7],[10,1],[3,7],[8,4],[1,6],[5,4],[10,1],[3,-5],[2,-3],[8,0],[-1,-7],[7,-1],[4,-10],[2,-2],[3,1],[-3,-3],[4,-4],[1,-5],[4,-4],[-1,-3],[5,-3],[0,-12],[2,1],[1,-1],[0,-3],[2,2],[4,-1],[0,-1],[3,0],[2,-4],[-1,-1],[0,-3],[-3,-1],[0,-2],[6,0],[2,-6],[2,-1],[-1,-1],[3,1],[-1,-2],[3,-2],[0,-2],[2,1],[1,-6],[4,-1],[-1,-2],[2,1],[0,-3],[2,1],[2,-4],[-1,0],[3,-2],[2,-4],[-2,-3],[1,-1],[-1,-1],[1,-1],[-3,-2],[1,-2],[-2,-5],[-2,1],[1,-3],[-4,-1],[-7,0],[5,-9],[-3,0],[1,-3],[-2,0],[-1,-5],[-5,1],[0,2],[-4,0],[2,-2],[-7,-8],[3,-5],[-4,-2],[1,-6],[11,-7],[0,-3],[3,-3],[2,-6],[-2,-6],[1,-10],[9,-5],[2,-6],[3,2],[-2,-8],[2,-3],[2,-5],[3,-1],[-1,-5],[3,-3],[5,0],[2,-6],[5,-3],[3,1],[2,4],[7,-1],[2,4],[5,-2],[0,-3],[2,-3],[5,-2],[1,-7],[5,-6],[-3,-3],[-2,-4],[3,-8],[-3,-17],[3,-4],[5,2],[3,-7],[5,-2],[3,-7],[4,-1],[1,-8],[3,-5],[-2,-11],[6,-4],[1,-4],[-1,-8],[3,-4],[-3,-3],[-3,-12],[-11,4],[-3,-1],[-5,0],[-4,-6],[-3,-13],[-4,-8],[0,-11],[-3,-11],[-25,-17],[-4,-8],[-3,-20],[-4,-14]],[[4691,2643],[-25,-34],[-6,-12],[0,-5],[3,-6],[16,-20]],[[4679,2566],[10,-18]],[[4689,2548],[6,-8],[7,-2],[14,8],[6,0],[4,-3],[12,-17],[9,-8]],[[4747,2518],[-2,-16]],[[4745,2502],[1,-6],[14,-27],[6,-9],[10,-10],[13,-3],[6,-4],[4,-5],[2,-12],[-1,-7],[-4,-10],[-4,-14],[-1,-14],[5,-9]],[[4790,2355],[-3,-24],[-9,-1],[-4,14]],[[4701,2394],[-3,8],[-10,-2]],[[4621,2373],[-8,7],[-9,-5],[-4,-5],[-11,-9]],[[4577,2343],[-18,-6],[-2,-5]],[[4557,2332],[1,-16],[3,-8],[3,1]],[[4600,2291],[8,-8],[1,-5],[-1,-2]],[[4608,2276],[2,-2],[-2,-2]],[[4888,2023],[-1,-3],[0,-5],[-4,-14]],[[4765,1458],[-8,0],[3,-9]],[[4763,1324],[-1,-5],[2,-1],[8,1]],[[4772,1319],[7,9],[3,0],[2,-6]],[[4784,1322],[-3,-7],[-5,-4],[-9,-1],[-8,-10],[-3,-9]],[[4756,1291],[-8,-6],[-4,-1]],[[4711,1274],[-11,-9],[-9,4]],[[4689,1266],[-6,2],[-4,3],[-5,2],[-2,2],[-1,6]],[[4663,1293],[-5,10],[-3,2],[-2,-1],[-2,-2]],[[4063,1415],[-3,-7],[-4,-5],[-2,0],[-1,2],[1,6]],[[4022,1460],[-3,-3],[-5,4]],[[4014,1461],[3,1],[2,3],[-4,13],[5,9],[5,-1],[2,3],[4,0],[2,4],[-1,5],[10,8],[4,1],[2,8],[-7,6],[5,9],[0,3],[-3,3],[0,4],[9,14],[0,8],[7,3],[3,9],[0,6],[-6,7],[-4,9],[-6,2],[-2,-1],[-2,6],[-1,10],[2,1],[0,6],[5,4],[-3,7],[0,5],[5,5],[2,9],[2,0],[-3,13],[3,9],[-4,6],[-2,0],[-3,3],[1,10],[-1,5],[-5,4],[-3,0],[-7,-4],[-9,10],[-6,0],[-4,-3],[-2,1],[-5,4],[-4,2],[-2,6],[-4,5],[-6,-7],[-6,-4],[-3,1],[-1,-4],[-7,-5],[-4,-1],[-4,3],[-4,1],[-4,6],[4,8],[-4,3],[2,6],[-8,11],[-4,-2],[-5,3],[-2,4],[0,6],[-8,12],[1,7],[-1,11],[3,4],[-3,10],[-12,0],[-5,3],[-5,-9],[-1,-6],[-9,-3],[-7,-7],[-2,-9],[-6,-12],[-6,-4],[-5,12],[-4,4],[-4,1],[-3,-4],[-5,1],[-3,-2],[-4,2],[-2,5],[-3,3],[-5,1],[-8,7],[-3,4],[2,3],[1,11],[-4,1],[-1,2],[-11,-3],[-4,-9],[-4,2],[-5,-5],[-2,2],[-10,0],[-11,6],[-12,0],[-5,-5],[-1,-8],[2,-6],[-3,-3],[-2,0],[-1,-4],[-10,-2],[-3,1],[-2,-5],[-2,1],[-3,-3],[-1,0],[0,-6],[-3,-3],[-5,0],[-2,-3],[-6,2],[-5,-7],[-2,-1],[-2,-5],[-5,0],[0,3],[-1,0],[-3,-6],[-3,0],[-1,-3],[-8,0],[-4,-7],[-4,5],[-5,0],[-3,-3],[-13,7],[-1,-3],[-6,-3],[-7,7],[-3,-4],[-3,0],[-2,5],[-2,-7],[-7,-3],[-3,3],[0,2],[-5,-4],[0,2],[-6,3],[-10,0],[-1,-1],[-1,6],[3,2],[2,5],[-3,1],[1,4],[-4,3],[-2,8],[2,3],[5,1],[4,11],[-3,6],[0,5],[-2,4],[3,6],[7,4],[-3,3],[4,2],[0,7],[-1,3],[-5,-1],[-4,5],[-7,4],[-4,8],[0,5],[-3,2],[3,8],[-4,3],[-5,9],[-4,1],[5,9],[0,4],[-7,4],[0,3],[-4,4],[1,1],[-1,1],[1,4],[-1,2],[2,2],[-2,5],[0,8],[-3,3],[0,5],[-5,6],[1,5],[-2,8],[-10,8],[-5,-3],[-7,2],[0,5],[-2,3],[0,3],[6,6],[4,13],[5,3],[0,3],[-2,2],[-4,-2],[-16,2],[-1,-3],[-7,0],[-3,-5],[0,8],[-3,8],[-11,15],[-4,2],[1,12],[-5,8],[6,17],[-1,5],[-4,4],[-4,1],[-6,13],[2,5],[5,4],[-1,4],[5,11],[3,4],[5,0],[-1,5],[-13,6],[-1,5],[-4,6],[-3,0],[0,2],[-5,0],[3,22],[-6,12],[-2,27],[-4,12],[-4,7],[6,10],[0,14],[4,8],[2,10],[-3,5],[0,6],[-2,3],[-3,-1],[-7,5],[-3,1],[-4,4],[0,7],[-5,2],[-7,1],[-4,5],[-5,8],[2,16],[-18,5],[-13,14],[-14,30],[23,67],[0,7],[-4,5],[-4,9],[-1,11],[2,4],[7,4],[3,14],[4,6],[2,1],[8,-1],[3,5],[3,0],[6,34],[6,3],[-1,3],[-6,1],[-3,5],[15,15],[-3,7],[3,10],[4,2],[2,-2],[7,-1],[5,-4],[4,2],[6,-2],[4,1],[6,-3],[11,2],[2,5],[0,8],[10,15],[1,5],[-2,10],[5,10],[1,4],[0,7],[-2,6],[1,3],[-10,7],[-4,0],[1,11],[2,9],[-6,6],[-7,3],[-1,5],[-1,6],[3,10],[-2,5],[-7,-1],[-3,14],[-6,15],[4,2],[0,11],[-3,16],[-3,1],[1,5],[-4,7],[-2,8],[-3,3],[-8,1],[-12,6],[-1,-1],[-2,2],[-5,-1],[0,3],[-4,1],[-1,3],[-10,7],[-2,-2],[-6,1],[-2,5],[-6,2],[-1,4],[-3,3],[-2,-1],[0,3],[-3,2],[-10,4],[-5,3],[-3,5],[-3,-2],[-1,5],[-4,6],[-4,0],[-2,3],[-4,-1],[-1,5],[-7,2],[1,3],[-6,1],[1,2],[-6,6],[-1,1],[0,1],[-1,1],[6,6],[-2,4],[1,4],[-7,4],[2,4],[-3,2],[2,4],[5,2],[-4,2],[-1,2],[5,2],[-1,8],[2,1],[2,3],[-4,7],[-2,0],[0,2],[3,6],[-1,3],[2,3],[-2,1],[-3,-1],[-1,2],[3,3],[-4,3],[2,2],[-2,1],[1,2],[-1,2],[1,2],[-1,2],[2,1],[-2,1],[1,6],[-2,8],[0,2],[-1,5],[1,1],[-2,2],[4,7],[0,3],[4,3],[-1,0],[0,4],[2,1],[0,1],[2,-2],[1,2],[1,6],[-2,2],[2,1],[-1,5],[1,3],[-2,1],[2,3],[1,-2],[1,3],[0,11],[2,2],[2,12],[2,4],[3,1],[-1,1],[3,2],[-1,2],[5,0],[0,2],[1,0],[0,2],[3,2],[3,9],[4,7],[6,2],[-1,4],[4,9],[1,5],[2,3],[2,10],[4,8],[1,11],[11,-8]],[[7237,2243],[5,-10],[-1,-3],[-4,0]],[[7135,2399],[7,2],[-3,9],[-6,6]],[[7117,2424],[2,7],[2,-1]],[[7133,2441],[3,3],[4,2],[5,-3]],[[7159,2455],[1,7],[-2,7],[2,5]],[[7110,2539],[-7,9],[-8,-1]],[[7095,2547],[-4,1],[-3,-1]],[[7087,2548],[-3,-2],[-1,-6],[-3,-3],[-4,0],[-2,-2]],[[7045,2523],[-2,11]],[[7067,2582],[-7,6],[-9,2]],[[7043,2627],[-10,10],[0,10]],[[7033,2647],[-3,5],[1,7]],[[7024,2681],[2,3],[-3,5]],[[7034,2693],[3,1],[1,11],[2,2],[4,1],[4,-4],[3,2]],[[7057,2754],[-3,7],[-1,10]],[[6960,2755],[0,7],[-2,1],[-1,4]],[[6957,2767],[-3,3],[-6,2],[-5,-2]],[[6941,2774],[2,8],[-6,3]],[[6930,2792],[4,-3]],[[6950,2834],[-5,1],[-1,3],[2,4]],[[6986,2849],[-1,-4],[1,-1]],[[6986,2844],[7,6],[0,-6]],[[7066,2821],[4,0],[4,8],[0,7],[-2,6]],[[7081,2868],[-2,1],[-12,5]],[[7047,2900],[-7,3],[0,6],[2,3],[0,4]],[[7049,2966],[12,1],[10,4],[-3,6]],[[7029,3038],[-2,3],[3,0]],[[7030,3041],[3,6]],[[6875,3129],[-4,-1],[-3,0]],[[6908,3274],[3,7],[9,8],[1,5]],[[6926,3294],[4,-1],[1,6]],[[7018,3304],[9,12],[3,-1]],[[7156,3325],[2,13],[13,11]],[[7176,3350],[6,7],[6,0]],[[7188,3357],[3,1],[2,-3]],[[7317,3337],[7,3],[7,-2]],[[7333,3341],[0,4],[4,2],[7,-5]],[[7395,3352],[4,2],[1,-3],[-2,-2]],[[7414,3337],[4,-1],[2,17]],[[7426,3382],[-1,8],[-3,3],[-7,0]],[[7389,3411],[11,17],[1,4]],[[7407,3489],[-16,9],[-1,7],[-5,5],[1,3],[4,2]],[[7742,3519],[3,5],[7,1],[1,-1],[1,-11]],[[8083,3452],[3,-1],[3,1]],[[8089,3452],[7,-2],[5,-5]],[[8104,3436],[6,-2],[2,10]],[[8384,3991],[3,4]],[[8439,4006],[16,8],[-2,-8],[1,-9]],[[8467,3991],[9,4],[3,-1],[1,-4]],[[8525,3910],[0,-3],[1,-2],[3,1],[4,6]],[[8533,3912],[4,2],[3,5]],[[8719,3495],[6,5],[3,1]],[[8729,3479],[-2,-3],[-9,1]],[[8710,3474],[-1,-7],[7,-15]],[[8716,3452],[1,-7],[-4,-9],[-2,-1]],[[8711,3435],[-2,1],[-2,-2],[-5,-11],[-3,-28],[-7,-6],[-1,-3],[10,-19],[0,-7],[1,-7],[0,-5],[-1,-4],[-4,-3],[1,-4],[-4,-5],[-1,-17],[-5,-12],[-9,-8],[2,-5],[-3,0],[0,-2],[-1,-4],[2,-1],[-1,-1],[0,-2],[-2,-3],[0,-5],[-1,-2],[1,-7],[-7,-2],[1,-13],[-5,-11],[-1,-11],[3,-5],[-3,-2],[-1,-7],[-4,-2],[0,-7],[-5,-3],[1,-3],[-2,-5],[-4,-9],[-8,-6],[2,-7],[-3,-7],[-1,-8],[-2,-1],[-1,-8],[-13,-7],[-2,-4],[-3,-1],[-6,2],[-4,-6],[2,-5],[-309,0],[-2,-2],[2,-6],[-2,-1],[-1,2],[-3,-6],[0,-5],[-2,-1],[2,-5],[-3,-2],[-1,-5],[1,-2],[-3,-12],[1,-10],[-6,-9],[-4,-22],[3,-1],[1,-4],[-6,-10],[-13,-2],[-5,-3],[0,-4],[-3,-3],[-1,-3],[-6,-1],[0,-2],[-5,0],[-5,-2],[-1,-7],[1,-2],[-4,-2],[0,-2],[-4,-1],[-2,-7],[-5,4],[-5,-1],[0,-5],[3,-2],[0,-8],[-5,-3],[-3,-5],[1,-10],[-7,-19],[2,-2],[8,0],[3,-3],[0,-10],[5,-6],[-1,-9],[2,-2],[0,-4],[4,-8],[17,-9],[10,-4],[0,-8],[5,-6],[-1,-6],[-3,-4],[3,-23],[-2,-7],[2,-9],[-8,-1],[-4,-3],[-7,-1],[-8,-5]],[[8185,2793],[-9,-8],[-4,11]],[[7898,2867],[-1,-1],[4,-5]],[[7875,2813],[-6,1],[-2,-4],[-1,-14],[-2,-4]],[[7852,2788],[3,-10],[-10,-9]],[[7804,2736],[-5,-3],[3,7]],[[7663,2500],[-5,-8],[-4,-4]],[[7454,2403],[-2,-5],[-2,-1]],[[7439,2435],[-8,4],[-7,-3],[-2,-8],[-7,-3],[-7,-2]],[[7278,2375],[-6,-1],[1,-14]],[[7276,2355],[-5,-3],[-3,-7]],[[7895,3259],[1,1],[4,21]],[[7904,3354],[3,7],[-1,4],[-5,1]],[[7894,3373],[-1,4],[-2,1],[-3,-2]],[[7856,3390],[-8,4],[-6,8]],[[7842,3402],[-8,1],[-7,-8],[0,-4],[4,-1]],[[7829,3384],[2,-5],[6,5],[5,1],[2,-4]],[[7842,3377],[4,-3],[4,0],[0,-7],[-7,-6]],[[7819,3354],[-9,1],[-5,-2]],[[7805,3353],[2,-5],[-2,-4]],[[7797,3342],[6,-18]],[[7859,3273],[4,-6],[12,-6],[7,3],[10,-2],[3,-3]],[[4898,2288],[-18,-3],[-4,1],[-5,4],[-4,6],[-3,12],[-3,35]],[[4861,2343],[-3,13],[-4,9],[-8,3]],[[4796,2372],[-4,6],[-1,7],[3,19],[7,16],[0,8],[-3,12],[-8,7],[-13,3],[-12,11],[-19,34],[-1,7]],[[4747,2518],[-10,8],[-12,18],[-8,2],[-14,-8],[-6,1],[-8,9]],[[4679,2566],[-18,23],[-1,7],[2,5],[8,14],[21,28]],[[3985,3352],[-8,-2],[-3,3],[-8,6],[-3,0]],[[3963,3359],[-13,11],[2,3],[2,1],[12,-8]],[[3999,3489],[16,-18],[4,-1],[2,2]],[[4021,3472],[4,10],[2,9]],[[4025,3514],[11,12],[6,-1],[3,2]],[[4433,3757],[1,7],[4,2],[8,1],[5,-5],[2,-3],[6,-1],[9,4]],[[4475,3766],[3,4],[12,-11]],[[4552,3807],[4,4],[-2,5]],[[4622,4075],[-7,3],[3,7]],[[4623,4089],[-5,2]],[[4640,4130],[5,0],[-5,6],[1,3],[9,-12]],[[5648,3808],[12,11],[2,3]],[[5657,3830],[-3,8],[1,4],[-4,14],[7,7],[7,-2]],[[5673,3865],[3,5],[8,-3]],[[5684,3867],[1,7],[2,4],[8,-3]],[[5728,3886],[17,14],[5,7],[4,0]],[[5763,3902],[2,6],[6,-1]],[[5788,3907],[7,-3],[3,-3],[0,-5]],[[5789,3884],[-3,-1],[-11,-10]],[[5804,3844],[5,-5],[-8,-12]],[[5818,3806],[5,-3],[4,1]],[[5852,3809],[7,-5],[0,-3],[-8,-7],[-9,1]],[[5904,3667],[5,-5],[0,-5],[-2,-4],[-7,-6]],[[5831,3386],[6,-2],[1,-9]],[[5838,3375],[-2,-8],[6,-11]],[[5843,3324],[3,-16]],[[5907,3021],[-10,-10],[0,-4],[3,-4],[-3,-10]],[[5906,2980],[-4,-4],[4,-11],[0,-5]],[[5956,2819],[-2,-8],[4,-6]],[[5982,2795],[4,-4],[-4,-4]],[[5986,2781],[7,0],[4,3]],[[6005,2783],[-1,-3],[1,-5]],[[6001,2708],[10,-13],[7,-12]],[[6023,2679],[4,0],[2,-9],[-3,-2],[-6,2]],[[5849,2417],[-4,-5],[0,-3]],[[5507,2222],[0,-11],[-3,-5],[-9,5]],[[5423,2187],[-1,-3],[2,-4]],[[5407,2165],[-3,0],[-8,4]],[[5380,2170],[-7,3],[-2,-2]],[[5367,2163],[-4,0],[-5,3],[-9,12],[-7,13],[7,9]],[[5350,2205],[3,3],[-5,13]],[[5321,2265],[-4,-7],[3,-21]],[[5311,2182],[-16,-18],[-1,-3],[6,-6],[-7,-10],[-4,6]],[[5269,2165],[-1,1],[-5,-8],[-2,-15]],[[5262,2129],[-4,-10]],[[5237,2124],[-3,-1],[2,-11],[-2,-1]],[[5207,2120],[-7,2],[-4,-1],[1,-10]],[[5213,2070],[-1,-2],[0,-4]],[[5212,2064],[6,-3],[2,-4],[0,-2],[-16,-4],[-12,0]],[[5165,2063],[-11,2],[0,7]],[[5154,2150],[-4,10],[-5,2],[-7,-2],[-5,-6]],[[5133,2154],[-7,-5],[-15,1]],[[5050,2123],[0,3],[3,6],[-1,4],[-10,11],[-1,5],[1,9]],[[5042,2161],[-6,9],[-6,14],[-4,3],[-21,-3]]],"bbox":[-51.0459444,-22.9227553,-39.8568289,-14.2331807],"transform":{"scale":[0.0011190234523452353,0.0008690443644364435],"translate":[-51.0459444,-22.9227553]}}